Location,Site,Trial_ID,Species,Date,Plot_ID,TQR,RGB_Blue,RGB_Green,RGB_Red,RGB_CV_Blue,RGB_CV_Green,RGB_CV_Red,RGB_VARI,RGB_ExG,RGB_NGRDI,RGB_GR,RGB_CanopyDensity,RGB_LeafTexture,RGB_SurfaceUniformity,MS_Green,MS_Red,MS_RedEdge,MS_NIR,MS_CV_Green,MS_CV_Red,MS_CV_RedEdge,MS_CV_NIR,MS_NGRDI,MS_GR,MS_NDVI,MS_NDRE,MS_GNDVI,MS_GCI,MS_CanopyDensity,MS_LeafTexture,MS_SurfaceUniformity
"Arapahoe, NC",Neuse River Turf,23SOFT,StAug,2024-08-16,P001,8,0.0353,0.0656,0.045,0.111,0.0834,0.1435,0.274,0.0509,0.1865,1.4584,74.7339,0.0853,0.1103,0.0845,0.0461,0.3,0.4998,0.1592,0.0941,0.2341,0.1093,0.2944,1.8343,0.8312,0.2498,0.7108,4.9157,79.6387,0.109,0.1585
"Arapahoe, NC",Neuse River Turf,23SOFT,StAug,2024-08-16,P002,4,0.0564,0.0919,0.0666,0.1682,0.2025,0.142,0.2474,0.0608,0.1594,1.3794,53.4908,0.188,0.1971,0.11,0.0784,0.1935,0.3181,0.2015,0.224,0.1831,0.193,0.1678,1.4032,0.6047,0.2435,0.4863,1.8934,81.3301,0.1053,0.1535
"Arapahoe, NC",Neuse River Turf,23SOFT,StAug,2024-08-16,P003,4,0.0627,0.0969,0.0728,0.1704,0.2409,0.1572,0.2256,0.0584,0.1423,1.3317,56.325,0.1165,0.1995,0.083,0.067,0.2748,0.4187,0.1507,0.1516,0.2906,0.1716,0.1068,1.2392,0.7242,0.2076,0.6692,4.0458,54.1643,0.0977,0.1758
"Arapahoe, NC",Neuse River Turf,23SOFT,StAug,2024-08-16,P004,3,0.0667,0.0996,0.0773,0.1654,0.1436,0.172,0.2031,0.0554,0.1265,1.2898,52.0615,0.1256,0.132,0.1164,0.0892,0.1506,0.2408,0.1251,0.1789,0.1462,0.1693,0.1322,1.3046,0.4594,0.2304,0.3484,1.0692,58.5815,0.0819,0.1659
"Arapahoe, NC",Neuse River Turf,23SOFT,StAug,2024-08-16,P005,6,0.0469,0.0786,0.0571,0.1987,0.1885,0.1817,0.2416,0.0531,0.1581,1.3755,66.9169,0.1244,0.1771,0.0742,0.058,0.2722,0.4326,0.2157,0.1828,0.1036,0.229,0.1222,1.2785,0.7634,0.2275,0.7072,4.8298,66.2453,0.1074,0.177
"Arapahoe, NC",Neuse River Turf,23SOFT,StAug,2024-08-16,P006,5,0.0557,0.0915,0.0659,0.2013,0.1464,0.1689,0.2515,0.0613,0.1624,1.3878,54.3285,0.0812,0.1755,0.0891,0.0717,0.2386,0.3792,0.14,0.2136,0.1566,0.2004,0.1083,1.2429,0.6819,0.2275,0.6193,3.2542,60.6779,0.1023,0.1068
"Arapahoe, NC",Neuse River Turf,23SOFT,StAug,2024-08-16,P007,5,0.0551,0.0884,0.0651,0.2099,0.1034,0.2135,0.2371,0.0567,0.152,1.3586,79.2716,0.1099,0.1364,0.0677,0.0525,0.3221,0.4908,0.1456,0.21,0.1426,0.1902,0.1265,1.2897,0.8068,0.2076,0.7576,6.2494,71.6799,0.0583,0.1312
"Arapahoe, NC",Neuse River Turf,23SOFT,StAug,2024-08-16,P008,4,0.0774,0.1153,0.0868,0.2304,0.1785,0.1092,0.2292,0.0665,0.1415,1.3295,60.2407,0.1561,0.1217,0.0943,0.0725,0.2434,0.381,0.2495,0.2085,0.0828,0.2415,0.1308,1.3011,0.6804,0.2203,0.6033,3.0412,46.9654,0.133,0.1342
"Arapahoe, NC",Neuse River Turf,23SOFT,StAug,2024-08-16,P009,8,0.0349,0.0739,0.0445,0.2358,0.15,0.1562,0.3525,0.0685,0.2486,1.6618,73.615,0.1256,0.0997,0.0971,0.0531,0.2542,0.4431,0.1242,0.1405,0.0819,0.1402,0.293,1.8287,0.786,0.2709,0.6405,3.5634,81.2945,0.02,0.237
"Arapahoe, NC",Neuse River Turf,23SOFT,StAug,2024-08-16,P010,5,0.0663,0.1049,0.0757,0.106,0.0603,0.2287,0.2547,0.0677,0.1612,1.3845,65.8712,0.0934,0.1149,0.0864,0.0624,0.2589,0.4117,0.1643,0.1211,0.0813,0.1201,0.161,1.3839,0.7367,0.2279,0.6532,3.7664,60.1094,0.0842,0.172
"Arapahoe, NC",Neuse River Turf,23SOFT,StAug,2024-08-16,P011,7,0.0509,0.0886,0.0605,0.1578,0.1666,0.193,0.2865,0.0658,0.1887,1.4652,98.0813,0.1043,0.1393,0.0923,0.0534,0.2648,0.4366,0.1558,0.1539,0.1271,0.1536,0.2664,1.7263,0.7819,0.2449,0.6512,3.7331,79.9087,0.0737,0.0762
"Arapahoe, NC",Neuse River Turf,23SOFT,StAug,2024-08-16,P012,6,0.0507,0.0867,0.0607,0.1733,0.1154,0.1905,0.2692,0.0621,0.1766,1.429,68.5534,0.0551,0.1501,0.116,0.0748,0.1526,0.2819,0.2548,0.204,0.1562,0.1572,0.2157,1.5501,0.5805,0.2977,0.417,1.4308,70.531,0.1321,0.1716
"Arapahoe, NC",Neuse River Turf,23SOFT,StAug,2024-08-16,P013,7,0.0541,0.0884,0.0636,0.1795,0.1402,0.1479,0.2542,0.0592,0.1638,1.3916,77.319,0.1719,0.1221,0.0816,0.0583,0.2555,0.4241,0.0807,0.1939,0.2143,0.167,0.1664,1.3992,0.7582,0.2482,0.6773,4.1976,79.389,0.0942,0.1285
"Arapahoe, NC",Neuse River Turf,23SOFT,StAug,2024-08-16,P014,6,0.053,0.0926,0.0627,0.1183,0.1542,0.0764,0.292,0.0695,0.1924,1.4764,81.3039,0.152,0.2038,0.0952,0.0675,0.2223,0.3751,0.1153,0.0869,0.1617,0.1676,0.1701,1.4101,0.6949,0.2557,0.5951,2.9393,71.5166,0.1254,0.1222
"Arapahoe, NC",Neuse River Turf,23SOFT,StAug,2024-08-16,P015,5,0.0512,0.0823,0.0616,0.1181,0.1218,0.2208,0.2238,0.0519,0.1442,1.3371,76.7093,0.1167,0.1058,0.0693,0.0613,0.2877,0.4411,0.2947,0.1989,0.1161,0.149,0.0609,1.1298,0.7559,0.2105,0.7285,5.3666,61.0912,0.1469,0.2647
"Arapahoe, NC",Neuse River Turf,23SOFT,StAug,2024-08-16,P016,6,0.0564,0.0975,0.066,0.1578,0.1465,0.1797,0.2948,0.0727,0.1931,1.4785,63.9594,0.1209,0.0981,0.0835,0.0535,0.2948,0.4681,0.1248,0.1223,0.1575,0.2061,0.2191,1.5612,0.7948,0.2272,0.6971,4.6038,60.3106,0.1031,0.1713
"Arapahoe, NC",Neuse River Turf,23SOFT,StAug,2024-08-16,P017,7,0.0643,0.1069,0.0733,0.1403,0.0927,0.2267,0.29,0.0762,0.1865,1.4585,69.8966,0.13,0.1396,0.0912,0.0614,0.2484,0.416,0.1564,0.1404,0.1652,0.182,0.1956,1.4864,0.7429,0.2523,0.6403,3.5607,82.4176,0.1058,0.1913
"Arapahoe, NC",Neuse River Turf,23SOFT,StAug,2024-08-16,P018,5,0.043,0.0729,0.0534,0.191,0.1337,0.17,0.2341,0.0495,0.1545,1.3654,68.7502,0.159,0.1839,0.0777,0.0643,0.2522,0.405,0.1874,0.1641,0.1949,0.1802,0.0946,1.2089,0.726,0.2326,0.678,4.2105,69.4395,0.0478,0.1776
"Arapahoe, NC",Neuse River Turf,23SOFT,StAug,2024-08-16,P019,5,0.0574,0.0886,0.0676,0.2041,0.1347,0.1742,0.2128,0.0522,0.1345,1.3109,91.7088,0.1743,0.1272,0.0908,0.0674,0.2489,0.3913,0.2736,0.2127,0.1755,0.1368,0.1481,1.3477,0.7063,0.2224,0.6234,3.3101,71.2198,0.0906,0.1063
"Arapahoe, NC",Neuse River Turf,23SOFT,StAug,2024-08-16,P020,4,0.0674,0.1014,0.0773,0.2241,0.1804,0.1742,0.217,0.0582,0.1351,1.3124,58.7497,0.0791,0.1956,0.0946,0.0749,0.2253,0.3567,0.1841,0.2025,0.2206,0.2019,0.1163,1.2631,0.6529,0.2257,0.5807,2.7703,64.8431,0.0881,0.2077
"Arapahoe, NC",Neuse River Turf,23SOFT,StAug,2024-08-16,P021,7,0.028,0.0554,0.0384,0.1719,0.2213,0.1349,0.2576,0.0443,0.1807,1.4412,79.0531,0.0761,0.1112,0.0779,0.0568,0.2651,0.4419,0.1566,0.0843,0.1856,0.1252,0.1567,1.3718,0.7723,0.2501,0.7003,4.6739,74.5758,0.1528,0.1421
"Arapahoe, NC",Neuse River Turf,23SOFT,StAug,2024-08-16,P022,7,0.0511,0.0905,0.0607,0.1845,0.1326,0.1778,0.298,0.0693,0.1973,1.4916,57.0142,0.1775,0.1892,0.0874,0.058,0.254,0.4218,0.221,0.1799,0.1736,0.1534,0.2022,1.5068,0.7582,0.2483,0.6567,3.8252,76.8658,0.0751,0.1105
"Arapahoe, NC",Neuse River Turf,23SOFT,StAug,2024-08-16,P023,3,0.0687,0.1037,0.079,0.2024,0.2441,0.1912,0.2167,0.0596,0.1352,1.3126,63.77,0.1456,0.2199,0.0911,0.0742,0.2602,0.3875,0.2691,0.147,0.3091,0.1836,0.1022,1.2277,0.6786,0.1966,0.6194,3.2544,65.1233,0.0758,0.1453
"Arapahoe, NC",Neuse River Turf,23SOFT,StAug,2024-08-16,P024,6,0.0539,0.085,0.0637,0.1293,0.1127,0.1136,0.2244,0.0524,0.1431,1.334,64.3361,0.0775,0.1716,0.0965,0.0648,0.2353,0.3872,0.2112,0.1115,0.1118,0.2573,0.1962,1.4883,0.7132,0.2441,0.6011,3.0141,81.9931,0.149,0.1753
"Arapahoe, NC",Neuse River Turf,23SOFT,StAug,2024-08-16,P025,4,0.0682,0.1053,0.0779,0.2035,0.1458,0.2131,0.238,0.0645,0.1495,1.3515,66.3156,0.1277,0.153,0.0772,0.0644,0.2857,0.4357,0.1449,0.1398,0.1275,0.2017,0.0905,1.1991,0.7425,0.2078,0.699,4.6445,69.3164,0.1117,0.2179
"Arapahoe, NC",Neuse River Turf,23SOFT,StAug,2024-08-16,P026,6,0.055,0.088,0.0646,0.1508,0.1534,0.1753,0.2403,0.0565,0.1537,1.3632,75.5735,0.0933,0.1081,0.0853,0.0558,0.2798,0.4504,0.1203,0.1716,0.1399,0.1173,0.2093,1.5293,0.7797,0.2337,0.6816,4.2822,58.5772,0.1297,0.1829
"Arapahoe, NC",Neuse River Turf,23SOFT,StAug,2024-08-16,P027,5,0.0569,0.0926,0.0668,0.21,0.1012,0.1223,0.2512,0.0615,0.1616,1.3854,74.2153,0.1033,0.1373,0.1065,0.0769,0.1714,0.2989,0.203,0.2022,0.2509,0.2197,0.1615,1.3853,0.5908,0.2711,0.4746,1.8065,69.834,0.087,0.215
"Arapahoe, NC",Neuse River Turf,23SOFT,StAug,2024-08-16,P028,4,0.0609,0.0924,0.0712,0.1144,0.1123,0.1451,0.2064,0.0527,0.1296,1.2978,43.9505,0.102,0.1455,0.1018,0.0733,0.1998,0.3194,0.2099,0.1142,0.2139,0.1871,0.1627,1.3886,0.6266,0.2303,0.5166,2.1372,62.2631,0.1387,0.2002
"Arapahoe, NC",Neuse River Turf,23SOFT,StAug,2024-08-16,P029,6,0.0568,0.0932,0.0664,0.1598,0.1767,0.1331,0.2611,0.0632,0.1681,1.4041,64.3344,0.0957,0.1834,0.0931,0.0663,0.2383,0.3962,0.0902,0.2067,0.126,0.1392,0.168,1.4038,0.7133,0.2489,0.6195,3.2568,73.1505,0.1327,0.1713
"Arapahoe, NC",Neuse River Turf,23SOFT,StAug,2024-08-16,P030,4,0.0585,0.094,0.0687,0.267,0.2274,0.1416,0.2422,0.0607,0.1551,1.3671,57.2521,0.1346,0.15,0.0902,0.0638,0.267,0.4113,0.1985,0.1878,0.2399,0.2063,0.1717,1.4146,0.7315,0.2127,0.6402,3.5589,66.935,0.1095,0.1801
"Arapahoe, NC",Neuse River Turf,23SOFT,StAug,2024-08-16,P031,7,0.0379,0.0712,0.0478,0.1455,0.02,0.1617,0.2877,0.0567,0.1962,1.4881,74.3419,0.0375,0.1138,0.075,0.0547,0.294,0.479,0.1738,0.2184,0.188,0.19,0.1569,1.3722,0.7951,0.2392,0.7292,5.3862,62.6361,0.1097,0.19
"Arapahoe, NC",Neuse River Turf,23SOFT,StAug,2024-08-16,P032,3,0.0505,0.0793,0.0616,0.2143,0.2179,0.1722,0.1958,0.0464,0.1256,1.2873,51.013,0.0965,0.1934,0.1119,0.0856,0.1725,0.2758,0.1226,0.2005,0.2135,0.1721,0.1332,1.3074,0.5263,0.2304,0.4228,1.4648,52.0002,0.1068,0.2114
"Arapahoe, NC",Neuse River Turf,23SOFT,StAug,2024-08-16,P033,5,0.0545,0.0905,0.0645,0.1676,0.1733,0.1278,0.2592,0.0621,0.168,1.404,66.874,0.1232,0.1841,0.1013,0.0746,0.2091,0.3495,0.221,0.1674,0.1711,0.1353,0.1518,1.3578,0.6483,0.2514,0.5507,2.4515,48.9179,0.1446,0.1392
"Arapahoe, NC",Neuse River Turf,23SOFT,StAug,2024-08-16,P034,3,0.0633,0.0951,0.0737,0.2083,0.1523,0.215,0.2028,0.0532,0.1267,1.2903,58.8353,0.1548,0.1872,0.0921,0.0717,0.2313,0.3538,0.1431,0.1669,0.2186,0.1928,0.1246,1.2847,0.6631,0.2095,0.5869,2.8419,59.4695,0.1104,0.1579
"Arapahoe, NC",Neuse River Turf,23SOFT,StAug,2024-08-16,P035,4,0.0604,0.0943,0.0707,0.2185,0.1963,0.1708,0.2259,0.0574,0.1431,1.3341,55.0953,0.1038,0.1302,0.1058,0.0768,0.1929,0.3135,0.2765,0.1721,0.2504,0.2014,0.1588,1.3776,0.6064,0.2381,0.4953,1.9629,66.446,0.0628,0.1314
"Arapahoe, NC",Neuse River Turf,23SOFT,StAug,2024-08-16,P036,5,0.0629,0.1026,0.0727,0.1377,0.2171,0.1191,0.2665,0.0696,0.1708,1.4121,62.1695,0.0758,0.099,0.0994,0.0683,0.239,0.3832,0.2276,0.2724,0.0944,0.1685,0.1857,1.4562,0.6975,0.2318,0.588,2.8539,65.6922,0.0643,0.1568
"Arapahoe, NC",Neuse River Turf,23SOFT,StAug,2024-08-16,P037,7,0.0393,0.0676,0.0492,0.1498,0.1514,0.1995,0.2375,0.0467,0.1575,1.374,83.4066,0.086,0.1571,0.0843,0.0599,0.237,0.4076,0.1876,0.0589,0.2234,0.1389,0.169,1.4068,0.7438,0.2647,0.6574,3.8378,92.963,0.1196,0.0744
"Arapahoe, NC",Neuse River Turf,23SOFT,StAug,2024-08-16,P038,6,0.051,0.0871,0.0607,0.2388,0.1327,0.1193,0.2726,0.0625,0.1785,1.4346,87.6622,0.0731,0.1356,0.0764,0.0535,0.2698,0.4393,0.0805,0.147,0.1399,0.1955,0.177,1.43,0.783,0.2391,0.7036,4.7473,61.9208,0.058,0.1647
"Arapahoe, NC",Neuse River Turf,23SOFT,StAug,2024-08-16,P039,5,0.0526,0.0866,0.0627,0.1858,0.2165,0.1827,0.2476,0.058,0.1604,1.3822,70.5244,0.0971,0.2242,0.0618,0.0494,0.3365,0.5096,0.166,0.1516,0.2321,0.1203,0.1114,1.2507,0.8232,0.2046,0.7837,7.2468,51.3385,0.1117,0.2044
"Arapahoe, NC",Neuse River Turf,23SOFT,StAug,2024-08-16,P040,2,0.0686,0.1049,0.0792,0.1342,0.1887,0.3228,0.2226,0.062,0.1396,1.3245,42.6116,0.1018,0.1812,0.1054,0.0772,0.218,0.3243,0.243,0.1194,0.1698,0.2509,0.1544,1.3651,0.6153,0.1961,0.5094,2.0764,52.1535,0.1527,0.1475
"Arapahoe, NC",Neuse River Turf,23SOFT,StAug,2024-08-16,P041,4,0.0545,0.0851,0.0651,0.2327,0.208,0.1417,0.2094,0.0506,0.1334,1.3078,60.0878,0.1458,0.1543,0.0899,0.0696,0.2361,0.3668,0.1495,0.2237,0.2132,0.2496,0.127,1.291,0.6809,0.2167,0.6063,3.0804,50.5246,0.104,0.1544
"Arapahoe, NC",Neuse River Turf,23SOFT,StAug,2024-08-16,P042,5,0.0626,0.0998,0.0723,0.1384,0.2578,0.1839,0.2507,0.0647,0.1596,1.3797,62.794,0.1105,0.1604,0.098,0.0686,0.2385,0.383,0.2918,0.1706,0.2105,0.2158,0.1761,1.4274,0.696,0.2326,0.5926,2.9088,72.0583,0.0789,0.1809
"Arapahoe, NC",Neuse River Turf,23SOFT,StAug,2024-08-16,P043,3,0.0696,0.1053,0.08,0.312,0.1506,0.1747,0.2181,0.061,0.1362,1.3154,51.8399,0.1647,0.126,0.1037,0.0779,0.228,0.3391,0.231,0.2555,0.1974,0.1746,0.1424,1.3322,0.6265,0.196,0.5315,2.2691,60.0061,0.111,0.2607
"Arapahoe, NC",Neuse River Turf,23SOFT,StAug,2024-08-16,P044,4,0.0611,0.0959,0.0715,0.1841,0.2012,0.2177,0.2297,0.0592,0.1459,1.3415,66.6479,0.0982,0.1257,0.0851,0.0675,0.2791,0.4178,0.1713,0.2256,0.15,0.1623,0.1156,1.2615,0.722,0.199,0.6616,3.9096,67.2113,0.1222,0.1125
"Arapahoe, NC",Neuse River Turf,23SOFT,StAug,2024-08-16,P045,7,0.0707,0.1156,0.0795,0.132,0.164,0.2035,0.2907,0.0811,0.1853,1.4549,75.2544,0.1417,0.1604,0.0859,0.0575,0.2732,0.4454,0.2315,0.2466,0.1848,0.2699,0.1983,1.4946,0.7714,0.2396,0.6766,4.1847,82.7419,0.1315,0.1094
"Arapahoe, NC",Neuse River Turf,23SOFT,StAug,2024-08-16,P046,5,0.0602,0.0913,0.0699,0.1385,0.1661,0.0727,0.2115,0.0525,0.1326,1.3057,80.3572,0.1148,0.1336,0.0935,0.0659,0.2478,0.398,0.2167,0.1893,0.1996,0.1646,0.173,1.4183,0.7157,0.2326,0.6195,3.2558,57.1019,0.0945,0.1726
"Arapahoe, NC",Neuse River Turf,23SOFT,StAug,2024-08-16,P047,4,0.0673,0.1023,0.0775,0.1611,0.2694,0.2091,0.2205,0.0598,0.1379,1.32,67.8019,0.0734,0.1263,0.0943,0.071,0.2511,0.3804,0.1792,0.2641,0.2356,0.1355,0.1412,1.3289,0.6856,0.2048,0.6027,3.0345,57.8545,0.074,0.1697
"Arapahoe, NC",Neuse River Turf,23SOFT,StAug,2024-08-16,P048,5,0.0439,0.0782,0.0544,0.1343,0.1729,0.1953,0.2692,0.0583,0.1802,1.4396,93.3448,0.0836,0.1306,0.0945,0.0681,0.2378,0.3842,0.1772,0.1672,0.1916,0.1908,0.1621,1.3868,0.6988,0.2354,0.6053,3.0668,55.0511,0.1576,0.1864
"Arapahoe, NC",Neuse River Turf,23SOFT,StAug,2024-08-16,P049,4,0.0821,0.1247,0.0913,0.1304,0.1839,0.213,0.2498,0.076,0.1548,1.3663,54.3711,0.0805,0.1748,0.1105,0.0775,0.1772,0.2967,0.1941,0.2107,0.2285,0.1879,0.1757,1.4262,0.5858,0.2522,0.4572,1.6847,52.8207,0.1526,0.1412
"Arapahoe, NC",Neuse River Turf,23SOFT,StAug,2024-08-16,P050,4,0.0537,0.0871,0.0644,0.2241,0.2643,0.1652,0.2321,0.056,0.1497,1.3522,72.441,0.1324,0.1663,0.0886,0.0725,0.2502,0.3828,0.3128,0.1815,0.2456,0.2489,0.1002,1.2227,0.6816,0.2095,0.624,3.3192,57.1438,0.0237,0.107
"Arapahoe, NC",Neuse River Turf,23SOFT,StAug,2024-08-16,P051,8,0.0338,0.0684,0.0436,0.1388,0.2167,0.1259,0.3172,0.0595,0.2216,1.5693,91.6424,0.0965,0.1225,0.0707,0.0498,0.279,0.4698,0.0281,0.098,0.1071,0.1808,0.1737,1.4205,0.8084,0.2548,0.7383,5.6436,71.0595,0.0697,0.1473
"Arapahoe, NC",Neuse River Turf,23SOFT,StAug,2024-08-16,P052,4,0.0597,0.0951,0.0698,0.0785,0.2264,0.1971,0.2402,0.0608,0.1533,1.3622,66.1767,0.1538,0.1175,0.0882,0.0702,0.2584,0.3993,0.1681,0.2098,0.1785,0.0807,0.1139,1.2571,0.701,0.2143,0.638,3.5246,59.7222,0.0968,0.1591
"Arapahoe, NC",Neuse River Turf,23SOFT,StAug,2024-08-16,P053,4,0.0701,0.106,0.0799,0.2092,0.2046,0.1097,0.2251,0.062,0.1402,1.3263,67.0803,0.061,0.1544,0.0827,0.0639,0.2743,0.4164,0.2107,0.0981,0.2415,0.1989,0.1281,1.2938,0.734,0.2058,0.6688,4.0378,62.466,0.1253,0.1738
"Arapahoe, NC",Neuse River Turf,23SOFT,StAug,2024-08-16,P054,6,0.0596,0.0963,0.0693,0.2495,0.1907,0.1555,0.2552,0.0638,0.1634,1.3906,53.3801,0.16,0.1135,0.0904,0.0675,0.2178,0.3623,0.29,0.2338,0.1399,0.1393,0.1446,1.3381,0.6858,0.2491,0.6008,3.0098,46.6832,0.1758,0.1649
"Arapahoe, NC",Neuse River Turf,23SOFT,StAug,2024-08-16,P055,4,0.0725,0.1105,0.0824,0.1519,0.1745,0.2256,0.2332,0.0661,0.1456,1.3409,60.6945,0.1158,0.1468,0.1028,0.0788,0.218,0.3381,0.1513,0.1717,0.2125,0.2146,0.1325,1.3055,0.6221,0.2159,0.5336,2.2878,64.329,0.1815,0.1996
"Arapahoe, NC",Neuse River Turf,23SOFT,StAug,2024-08-16,P056,4,0.0639,0.1044,0.0742,0.1694,0.1825,0.1636,0.2632,0.0707,0.169,1.4068,64.8039,0.1777,0.1416,0.1007,0.0806,0.1871,0.2996,0.2188,0.2262,0.2479,0.1863,0.1108,1.2491,0.576,0.2311,0.4969,1.9755,64.9775,0.0775,0.122
"Arapahoe, NC",Neuse River Turf,23SOFT,StAug,2024-08-16,P057,6,0.044,0.0767,0.0541,0.1346,0.1861,0.263,0.2596,0.0552,0.1723,1.4162,66.3134,0.0722,0.1517,0.0897,0.0519,0.2818,0.4509,0.183,0.0915,0.0983,0.2194,0.2665,1.7266,0.7934,0.2308,0.6682,4.0283,58.7608,0.1028,0.1969
"Arapahoe, NC",Neuse River Turf,23SOFT,StAug,2024-08-16,P058,7,0.0453,0.0806,0.0549,0.1768,0.1245,0.2156,0.2844,0.0609,0.1893,1.467,76.7546,0.0879,0.1391,0.0813,0.0536,0.2672,0.4458,0.1863,0.2227,0.1499,0.0907,0.2049,1.5153,0.7852,0.2505,0.6916,4.4853,75.402,0.1329,0.1684
"Arapahoe, NC",Neuse River Turf,23SOFT,StAug,2024-08-16,P059,5,0.0497,0.0762,0.0601,0.1733,0.1113,0.2068,0.1851,0.0425,0.1176,1.2665,72.4455,0.0513,0.1385,0.1023,0.0711,0.2141,0.3488,0.1588,0.1744,0.1701,0.1305,0.1801,1.4393,0.6614,0.2393,0.5464,2.4096,65.3154,0.0743,0.097
"Arapahoe, NC",Neuse River Turf,23SOFT,StAug,2024-08-16,P060,4,0.0548,0.0855,0.0655,0.1963,0.196,0.1944,0.2082,0.0507,0.1326,1.3057,59.4122,0.1175,0.1718,0.106,0.0812,0.1904,0.3058,0.1941,0.1729,0.111,0.1813,0.1323,1.3049,0.5802,0.2324,0.4851,1.8844,70.35,0.1346,0.2048
"Burgaw, NC",Quality Turf,23SOFT,StAug,2024-09-26,P001,7,0.0436,0.0788,0.0532,0.0981,0.1355,0.1994,0.2897,0.0609,0.194,1.4815,87.1178,0.0512,0.182,0.0863,0.0521,0.2813,0.4663,0.144,0.1606,0.1211,0.149,0.2468,1.6554,0.799,0.2474,0.6878,4.4062,70.8329,0.1194,0.0988
"Burgaw, NC",Quality Turf,23SOFT,StAug,2024-09-26,P002,5,0.0633,0.0975,0.0732,0.0945,0.1522,0.1838,0.2267,0.0586,0.1427,1.3328,63.2396,0.1287,0.2262,0.0983,0.0715,0.2226,0.3576,0.22,0.1901,0.1404,0.1884,0.1575,1.3738,0.6666,0.2326,0.5689,2.6392,59.5295,0.147,0.1497
"Burgaw, NC",Quality Turf,23SOFT,StAug,2024-09-26,P003,5,0.0614,0.0998,0.071,0.1908,0.1499,0.2292,0.2632,0.0673,0.1687,1.4058,66.0428,0.1345,0.0916,0.0866,0.0603,0.2804,0.441,0.2128,0.1904,0.2425,0.1227,0.1794,1.4371,0.7594,0.2226,0.6716,4.0895,72.7967,0.1593,0.2023
"Burgaw, NC",Quality Turf,23SOFT,StAug,2024-09-26,P004,4,0.0704,0.1117,0.0801,0.1382,0.2802,0.155,0.2602,0.0728,0.1646,1.3942,64.3916,0.1703,0.155,0.0988,0.0693,0.223,0.3553,0.1114,0.2789,0.1512,0.0848,0.1753,1.4251,0.6734,0.2287,0.5648,2.596,72.5998,0.1553,0.1495
"Burgaw, NC",Quality Turf,23SOFT,StAug,2024-09-26,P005,7,0.0427,0.0752,0.0524,0.128,0.1273,0.1487,0.2688,0.0553,0.1789,1.4356,70.1444,0.1301,0.1174,0.0876,0.0524,0.2704,0.4516,0.1651,0.2119,0.1129,0.1638,0.2517,1.6726,0.7921,0.2511,0.675,4.1534,62.9284,0.0676,0.1726
"Burgaw, NC",Quality Turf,23SOFT,StAug,2024-09-26,P006,5,0.0466,0.0766,0.0569,0.1628,0.2355,0.122,0.227,0.0498,0.1478,1.3469,81.1666,0.1216,0.1608,0.0974,0.0707,0.2129,0.3547,0.1782,0.1664,0.2599,0.2096,0.1593,1.3789,0.6678,0.2498,0.569,2.6403,66.685,0.1125,0.1407
"Burgaw, NC",Quality Turf,23SOFT,StAug,2024-09-26,P007,7,0.0422,0.0761,0.052,0.0569,0.1521,0.2123,0.2807,0.058,0.1882,1.4637,79.912,0.1324,0.1535,0.084,0.0569,0.2708,0.449,0.1411,0.097,0.0996,0.1749,0.1918,1.4746,0.7749,0.2477,0.6849,4.3482,65.1964,0.1082,0.1582
"Burgaw, NC",Quality Turf,23SOFT,StAug,2024-09-26,P008,6,0.0714,0.1161,0.0802,0.1821,0.2142,0.0878,0.2878,0.0807,0.1831,1.4484,86.4578,0.1133,0.1923,0.0949,0.0674,0.2234,0.3808,0.1255,0.1307,0.1811,0.2059,0.169,1.4066,0.6991,0.2605,0.6011,3.0144,59.7057,0.102,0.1692
"Burgaw, NC",Quality Turf,23SOFT,StAug,2024-09-26,P009,4,0.0553,0.0928,0.0659,0.1564,0.0678,0.2031,0.2601,0.0644,0.1695,1.4082,52.5078,0.1365,0.113,0.101,0.0759,0.1976,0.3149,0.2578,0.2071,0.1989,0.2559,0.1419,1.3307,0.6116,0.229,0.5144,2.1185,68.6695,0.1233,0.1846
"Burgaw, NC",Quality Turf,23SOFT,StAug,2024-09-26,P010,6,0.0434,0.0743,0.0536,0.1153,0.2332,0.1683,0.2446,0.0516,0.1616,1.3856,65.7909,0.0478,0.1179,0.0662,0.0508,0.3348,0.5163,0.183,0.2092,0.3139,0.1644,0.1321,1.3045,0.8209,0.2133,0.7726,6.7952,79.0295,0.1291,0.0922
"Burgaw, NC",Quality Turf,23SOFT,StAug,2024-09-26,P011,6,0.051,0.0894,0.0607,0.2525,0.1241,0.1382,0.2894,0.0671,0.1911,1.4724,73.5821,0.1002,0.137,0.0975,0.0686,0.2154,0.3699,0.1708,0.1605,0.2402,0.1847,0.1736,1.4202,0.687,0.264,0.5829,2.7946,73.5657,0.0828,0.1565
"Burgaw, NC",Quality Turf,23SOFT,StAug,2024-09-26,P012,5,0.0589,0.0948,0.0688,0.1462,0.1513,0.1417,0.2484,0.062,0.159,1.3781,73.8627,0.1571,0.2043,0.0855,0.066,0.2451,0.3913,0.2613,0.1795,0.2574,0.2762,0.1291,1.2965,0.7115,0.2297,0.6413,3.5756,54.9109,0.1459,0.1259
"Burgaw, NC",Quality Turf,23SOFT,StAug,2024-09-26,P013,8,0.055,0.1007,0.0636,0.117,0.1609,0.1424,0.3386,0.0827,0.2253,1.5817,70.3454,0.1105,0.1048,0.1,0.0651,0.199,0.3745,0.1694,0.1945,0.1195,0.0912,0.2113,1.5358,0.7038,0.306,0.5785,2.7451,85.1716,0.1472,0.1654
"Burgaw, NC",Quality Turf,23SOFT,StAug,2024-09-26,P014,5,0.0596,0.0978,0.0697,0.2118,0.2201,0.2056,0.2603,0.0663,0.1676,1.4028,63.5963,0.093,0.1551,0.1002,0.075,0.2186,0.3512,0.2513,0.1582,0.0983,0.1273,0.144,1.3364,0.6481,0.2326,0.556,2.5042,76.561,0.0189,0.1021
"Burgaw, NC",Quality Turf,23SOFT,StAug,2024-09-26,P015,3,0.0831,0.1268,0.093,0.2274,0.2303,0.2232,0.2475,0.0776,0.1539,1.3639,62.469,0.1111,0.166,0.0885,0.0715,0.2517,0.3684,0.29,0.1914,0.1677,0.1757,0.1065,1.2384,0.675,0.1883,0.6125,3.1615,50.1902,0.144,0.222
"Burgaw, NC",Quality Turf,23SOFT,StAug,2024-09-26,P016,5,0.0404,0.0748,0.051,0.2214,0.142,0.1617,0.2789,0.0582,0.1892,1.4668,70.5071,0.1413,0.0717,0.101,0.0696,0.2258,0.3719,0.2091,0.203,0.2071,0.1299,0.1843,1.4518,0.6848,0.2444,0.5728,2.6818,74.2882,0.0928,0.1661
"Burgaw, NC",Quality Turf,23SOFT,StAug,2024-09-26,P017,8,0.0396,0.0749,0.0493,0.1358,0.1192,0.1735,0.3026,0.0609,0.2061,1.5191,76.987,0.1574,0.1143,0.08,0.0511,0.2658,0.4497,0.2232,0.135,0.1774,0.2392,0.2199,1.5637,0.7958,0.2571,0.6981,4.6245,65.3542,0.1101,0.1495
"Burgaw, NC",Quality Turf,23SOFT,StAug,2024-09-26,P018,8,0.0364,0.0717,0.0462,0.1912,0.1147,0.1806,0.3123,0.0608,0.216,1.551,88.9653,0.085,0.1767,0.084,0.0488,0.2778,0.4642,0.1057,0.1464,0.1463,0.1907,0.2647,1.7201,0.8096,0.2512,0.6935,4.5263,60.9297,0.0758,0.1306
"Burgaw, NC",Quality Turf,23SOFT,StAug,2024-09-26,P019,3,0.0737,0.1117,0.0836,0.1606,0.099,0.1183,0.2306,0.0661,0.1436,1.3354,64.303,0.1146,0.1244,0.1038,0.0793,0.1954,0.3078,0.15,0.0749,0.2132,0.1911,0.1335,1.3082,0.5902,0.2235,0.4957,1.9662,47.6596,0.1505,0.2045
"Burgaw, NC",Quality Turf,23SOFT,StAug,2024-09-26,P020,9,0.0413,0.0776,0.0504,0.1293,0.1546,0.1136,0.3134,0.0635,0.2122,1.5388,91.0892,0.0642,0.1733,0.0766,0.0469,0.2892,0.4939,0.086,0.1988,0.0408,0.1428,0.2402,1.6322,0.8264,0.2614,0.7314,5.4456,91.4162,0.1088,0.1185
"Burgaw, NC",Quality Turf,23SOFT,StAug,2024-09-26,P021,4,0.059,0.0948,0.0692,0.2005,0.1674,0.2378,0.2433,0.0613,0.1558,1.369,52.4498,0.0861,0.1213,0.0794,0.06,0.2745,0.4191,0.2539,0.1635,0.178,0.2504,0.1388,1.3225,0.7494,0.2086,0.6815,4.2791,62.9936,0.1194,0.2165
"Burgaw, NC",Quality Turf,23SOFT,StAug,2024-09-26,P022,7,0.0352,0.0665,0.0453,0.1719,0.1336,0.1341,0.2775,0.0526,0.1901,1.4696,74.2561,0.03,0.1392,0.0979,0.0663,0.1983,0.3574,0.1222,0.2098,0.1474,0.1965,0.1924,1.4764,0.687,0.2863,0.5699,2.6499,67.7123,0.0579,0.105
"Burgaw, NC",Quality Turf,23SOFT,StAug,2024-09-26,P023,5,0.0468,0.078,0.0572,0.1922,0.132,0.1906,0.2351,0.052,0.1537,1.3632,82.2395,0.0995,0.1047,0.0944,0.0604,0.2466,0.3945,0.1807,0.234,0.2029,0.0984,0.2193,1.5618,0.7343,0.2307,0.6139,3.1797,64.4915,0.126,0.1147
"Burgaw, NC",Quality Turf,23SOFT,StAug,2024-09-26,P024,6,0.0525,0.0888,0.0622,0.1454,0.199,0.2433,0.27,0.063,0.1762,1.4278,82.557,0.1084,0.114,0.0791,0.0566,0.3075,0.4838,0.1775,0.1886,0.1467,0.3054,0.1656,1.3971,0.7905,0.2228,0.719,5.1169,58.642,0.1112,0.1301
"Burgaw, NC",Quality Turf,23SOFT,StAug,2024-09-26,P025,6,0.0308,0.0613,0.0414,0.1373,0.2331,0.1013,0.2763,0.0503,0.1934,1.4796,83.0858,0.1058,0.1438,0.0866,0.0563,0.2782,0.4497,0.1157,0.2341,0.1745,0.1839,0.2122,1.5387,0.7776,0.2356,0.6771,4.1932,67.293,0.1204,0.1457
"Burgaw, NC",Quality Turf,23SOFT,StAug,2024-09-26,P026,7,0.0523,0.0852,0.0618,0.229,0.1258,0.141,0.2477,0.0564,0.1596,1.3799,69.9073,0.1062,0.1921,0.0847,0.0617,0.2489,0.4171,0.215,0.1067,0.1592,0.1307,0.1576,1.3741,0.7424,0.2525,0.6623,3.9228,80.2221,0.067,0.1192
"Burgaw, NC",Quality Turf,23SOFT,StAug,2024-09-26,P027,7,0.0498,0.0876,0.0594,0.1986,0.1399,0.1,0.2894,0.0659,0.1913,1.4732,70.4399,0.0886,0.1701,0.0975,0.0708,0.2249,0.3861,0.1915,0.1975,0.1255,0.1883,0.1581,1.3756,0.6899,0.2637,0.5969,2.9617,67.3441,0.1,0.0458
"Burgaw, NC",Quality Turf,23SOFT,StAug,2024-09-26,P028,7,0.0371,0.0712,0.0472,0.1569,0.1671,0.2008,0.2952,0.0581,0.2027,1.5084,82.1256,0.1012,0.1085,0.0924,0.0679,0.2237,0.3871,0.1535,0.1762,0.1175,0.0639,0.1527,1.3605,0.7015,0.2675,0.6146,3.1898,73.0999,0.0123,0.1947
"Burgaw, NC",Quality Turf,23SOFT,StAug,2024-09-26,P029,4,0.0541,0.0826,0.0647,0.2133,0.2356,0.2124,0.1924,0.0464,0.1217,1.2771,71.0688,0.1032,0.1924,0.0911,0.0658,0.2711,0.4116,0.1794,0.1573,0.2471,0.2464,0.1609,1.3834,0.7243,0.2059,0.6377,3.5204,74.3939,0.1427,0.0715
"Burgaw, NC",Quality Turf,23SOFT,StAug,2024-09-26,P030,5,0.0609,0.0952,0.0706,0.1452,0.2027,0.2549,0.2347,0.0589,0.1485,1.3488,73.5706,0.0944,0.2062,0.1096,0.079,0.1586,0.2855,0.1575,0.1853,0.1848,0.1904,0.1621,1.3869,0.5664,0.2859,0.4452,1.6046,60.2079,0.0902,0.1018
"Burgaw, NC",Quality Turf,23SOFT,StAug,2024-09-26,P031,5,0.051,0.0852,0.0612,0.1678,0.2201,0.2642,0.2518,0.0582,0.1641,1.3926,82.6609,0.0945,0.1294,0.0883,0.064,0.2535,0.4042,0.1552,0.2383,0.2814,0.2082,0.1596,1.3798,0.7267,0.2291,0.6415,3.5786,67.5604,0.1517,0.1004
"Burgaw, NC",Quality Turf,23SOFT,StAug,2024-09-26,P032,4,0.0501,0.0793,0.061,0.1236,0.1888,0.148,0.2024,0.0474,0.13,1.299,54.5343,0.0632,0.1474,0.1054,0.0807,0.2008,0.3177,0.1846,0.2074,0.2151,0.2192,0.1328,1.3062,0.5949,0.2253,0.5018,2.0144,59.8586,0.1202,0.0936
"Burgaw, NC",Quality Turf,23SOFT,StAug,2024-09-26,P033,4,0.0531,0.0831,0.0635,0.1781,0.104,0.1387,0.2094,0.0496,0.1336,1.3084,70.46,0.0833,0.1963,0.0897,0.0635,0.2777,0.4247,0.1878,0.1538,0.1278,0.2399,0.1711,1.4129,0.74,0.2094,0.6514,3.7376,59.5467,0.133,0.1354
"Burgaw, NC",Quality Turf,23SOFT,StAug,2024-09-26,P034,5,0.0602,0.093,0.0702,0.1972,0.2067,0.1158,0.2215,0.0556,0.1398,1.325,65.6881,0.0874,0.1741,0.0835,0.0645,0.2666,0.4149,0.2165,0.1675,0.2095,0.1366,0.1285,1.2948,0.7309,0.2177,0.6649,3.9675,61.5283,0.129,0.1823
"Burgaw, NC",Quality Turf,23SOFT,StAug,2024-09-26,P035,4,0.0628,0.0921,0.0731,0.1217,0.2609,0.1926,0.1855,0.0484,0.115,1.26,63.0347,0.1127,0.0978,0.0881,0.0668,0.2541,0.3849,0.1632,0.1947,0.0332,0.1181,0.1373,1.3184,0.704,0.2047,0.6274,3.367,75.5698,0.1554,0.1402
"Burgaw, NC",Quality Turf,23SOFT,StAug,2024-09-26,P036,5,0.061,0.1017,0.0707,0.1607,0.1421,0.1735,0.2783,0.0717,0.1799,1.4386,68.0613,0.1201,0.1632,0.0954,0.0694,0.2304,0.376,0.1545,0.1685,0.1214,0.1495,0.1577,1.3744,0.6884,0.2402,0.5953,2.942,69.7124,0.1448,0.1256
"Burgaw, NC",Quality Turf,23SOFT,StAug,2024-09-26,P037,7,0.0383,0.0717,0.0482,0.1004,0.1594,0.1811,0.2875,0.0567,0.1955,1.4861,81.3095,0.0329,0.0926,0.0917,0.0602,0.2481,0.423,0.0901,0.1637,0.1514,0.2169,0.2075,1.5235,0.7508,0.2606,0.6435,3.6105,84.0863,0.1327,0.1911
"Burgaw, NC",Quality Turf,23SOFT,StAug,2024-09-26,P038,5,0.0628,0.1032,0.0726,0.1957,0.2152,0.1835,0.2712,0.0711,0.1743,1.4222,46.845,0.0988,0.0859,0.084,0.0666,0.2552,0.4032,0.2032,0.1769,0.1748,0.2055,0.1161,1.2626,0.7166,0.2247,0.655,3.7975,65.5368,0.1266,0.1735
"Burgaw, NC",Quality Turf,23SOFT,StAug,2024-09-26,P039,7,0.0465,0.0859,0.056,0.1006,0.1498,0.2064,0.3137,0.0693,0.2108,1.5343,79.7902,0.1743,0.0694,0.0904,0.0581,0.2307,0.4024,0.0777,0.2101,0.176,0.1123,0.2175,1.5558,0.7477,0.2713,0.6332,3.4519,67.6759,0.1504,0.1992
"Burgaw, NC",Quality Turf,23SOFT,StAug,2024-09-26,P040,6,0.0546,0.0915,0.0642,0.1257,0.1797,0.0907,0.2698,0.0641,0.1752,1.4248,69.081,0.134,0.1022,0.0588,0.0375,0.3601,0.552,0.1676,0.1814,0.1083,0.1171,0.2216,1.5695,0.8729,0.2104,0.8075,8.3883,73.9197,0.0735,0.1384
"Burgaw, NC",Quality Turf,23SOFT,StAug,2024-09-26,P041,6,0.0588,0.0984,0.0681,0.1963,0.1777,0.1554,0.2812,0.0699,0.182,1.4449,77.6086,0.0902,0.2255,0.077,0.0515,0.3067,0.4864,0.081,0.1717,0.1921,0.2191,0.1989,1.4966,0.8086,0.2267,0.7266,5.315,65.071,0.0901,0.1483
"Burgaw, NC",Quality Turf,23SOFT,StAug,2024-09-26,P042,5,0.072,0.1156,0.0812,0.239,0.1775,0.1411,0.2754,0.078,0.1747,1.4233,84.0553,0.0533,0.0989,0.0932,0.0662,0.2223,0.3651,0.1459,0.1159,0.1702,0.1821,0.1693,1.4076,0.6931,0.243,0.5934,2.9187,74.1091,0.0895,0.1282
"Burgaw, NC",Quality Turf,23SOFT,StAug,2024-09-26,P043,7,0.0459,0.081,0.0558,0.1901,0.1276,0.1704,0.2771,0.0603,0.1841,1.4512,79.0961,0.1063,0.2146,0.0858,0.06,0.2568,0.424,0.2735,0.1446,0.2209,0.1508,0.1772,1.4307,0.7521,0.2456,0.6633,3.9392,77.8906,0.1041,0.1117
"Burgaw, NC",Quality Turf,23SOFT,StAug,2024-09-26,P044,7,0.0423,0.0795,0.0522,0.1807,0.1099,0.192,0.3058,0.0646,0.2077,1.5242,75.3572,0.0851,0.1255,0.0697,0.0526,0.2996,0.4822,0.1338,0.216,0.2053,0.1756,0.1397,1.3247,0.8031,0.2336,0.7473,5.9144,67.5899,0.1235,0.2328
"Burgaw, NC",Quality Turf,23SOFT,StAug,2024-09-26,P045,6,0.0459,0.0751,0.0561,0.0503,0.1988,0.1075,0.2226,0.0483,0.1448,1.3387,71.8355,0.1095,0.2058,0.0792,0.0598,0.2858,0.4494,0.1524,0.3269,0.0972,0.126,0.1395,1.3243,0.7651,0.2225,0.7003,4.6728,75.4737,0.129,0.157
"Burgaw, NC",Quality Turf,23SOFT,StAug,2024-09-26,P046,2,0.0675,0.1033,0.0781,0.202,0.2726,0.1687,0.2215,0.0611,0.1391,1.3232,48.504,0.0964,0.1857,0.0993,0.0786,0.2183,0.325,0.1953,0.129,0.2045,0.1424,0.1164,1.2636,0.6106,0.1965,0.532,2.2735,53.9469,0.1224,0.1175
"Burgaw, NC",Quality Turf,23SOFT,StAug,2024-09-26,P047,6,0.0441,0.0771,0.0544,0.1648,0.2051,0.1568,0.2591,0.0556,0.1722,1.4161,63.3846,0.0723,0.1606,0.0916,0.0527,0.2776,0.4399,0.1775,0.2881,0.1725,0.1725,0.2695,1.7379,0.786,0.2262,0.6553,3.8022,62.2697,0.1156,0.1271
"Burgaw, NC",Quality Turf,23SOFT,StAug,2024-09-26,P048,5,0.0584,0.0933,0.0683,0.1901,0.2035,0.1883,0.2427,0.06,0.155,1.3668,75.4189,0.091,0.1164,0.0939,0.0681,0.2508,0.4002,0.1876,0.2639,0.2504,0.2304,0.1595,1.3794,0.7092,0.2294,0.6199,3.2615,69.3121,0.1649,0.1108
"Burgaw, NC",Quality Turf,23SOFT,StAug,2024-09-26,P049,3,0.0675,0.0985,0.078,0.1346,0.1726,0.108,0.1878,0.0514,0.1159,1.2623,63.6604,0.1543,0.2195,0.108,0.0867,0.1691,0.2659,0.2445,0.1571,0.1829,0.1199,0.1094,1.2457,0.5083,0.2227,0.4224,1.4624,65.586,0.1517,0.1969
"Burgaw, NC",Quality Turf,23SOFT,StAug,2024-09-26,P050,7,0.0391,0.0731,0.0489,0.1738,0.1779,0.1379,0.2908,0.0581,0.1977,1.4927,90.6405,0.1043,0.1837,0.0786,0.0469,0.2911,0.4769,0.2131,0.2634,0.2024,0.1644,0.2524,1.6753,0.8208,0.2419,0.7169,5.0642,78.9731,0.0718,0.1213
"Burgaw, NC",Quality Turf,23SOFT,StAug,2024-09-26,P051,6,0.045,0.0773,0.055,0.1758,0.2436,0.2326,0.255,0.0547,0.1684,1.405,76.2933,0.093,0.139,0.091,0.057,0.2728,0.4398,0.192,0.1211,0.1254,0.2154,0.2298,1.5966,0.7706,0.2343,0.6572,3.835,69.8849,0.0613,0.0454
"Burgaw, NC",Quality Turf,23SOFT,StAug,2024-09-26,P052,5,0.049,0.0895,0.0592,0.1392,0.1128,0.1969,0.3035,0.0707,0.2034,1.5107,75.5953,0.0895,0.1321,0.0975,0.0658,0.2499,0.4018,0.2394,0.1136,0.1571,0.1498,0.1938,1.4808,0.7185,0.233,0.6095,3.122,65.2216,0.0918,0.1474
"Burgaw, NC",Quality Turf,23SOFT,StAug,2024-09-26,P053,4,0.0642,0.1027,0.0744,0.1002,0.1671,0.1305,0.2501,0.0667,0.1594,1.3793,56.6283,0.0948,0.2316,0.0893,0.0673,0.2487,0.3801,0.202,0.2864,0.2017,0.1842,0.14,1.3256,0.6991,0.209,0.6197,3.2593,63.1215,0.0504,0.0689
"Burgaw, NC",Quality Turf,23SOFT,StAug,2024-09-26,P054,5,0.0595,0.0925,0.0695,0.1683,0.16,0.1525,0.2246,0.056,0.1421,1.3312,64.0864,0.0738,0.1392,0.0972,0.0626,0.2599,0.4074,0.1824,0.2072,0.0565,0.1,0.2165,1.5527,0.7336,0.2211,0.6148,3.192,69.8957,0.1254,0.1177
"Burgaw, NC",Quality Turf,23SOFT,StAug,2024-09-26,P055,6,0.0477,0.0775,0.0579,0.204,0.1076,0.2158,0.2231,0.0493,0.1444,1.3375,77.6934,0.0213,0.1499,0.0977,0.0696,0.2179,0.3637,0.1635,0.1859,0.2166,0.1903,0.1682,1.4043,0.6788,0.2507,0.5765,2.7222,60.8046,0.0172,0.1432
"Burgaw, NC",Quality Turf,23SOFT,StAug,2024-09-26,P056,5,0.0708,0.1086,0.0802,0.1984,0.0878,0.1794,0.2407,0.0662,0.1505,1.3542,70.5508,0.1287,0.1581,0.0586,0.0487,0.355,0.5304,0.1627,0.1453,0.1275,0.1205,0.0923,1.2035,0.8319,0.1981,0.8011,8.0541,87.6183,0.1293,0.1416
"Burgaw, NC",Quality Turf,23SOFT,StAug,2024-09-26,P057,7,0.038,0.0714,0.0482,0.1861,0.1365,0.0825,0.284,0.0566,0.1938,1.4808,66.2857,0.1688,0.11,0.0919,0.0614,0.2535,0.4204,0.2138,0.1938,0.135,0.2291,0.1989,1.4966,0.7451,0.2476,0.6412,3.5748,61.222,0.0961,0.1896
"Burgaw, NC",Quality Turf,23SOFT,StAug,2024-09-26,P058,7,0.0543,0.0902,0.0635,0.188,0.1444,0.1504,0.2686,0.0626,0.1737,1.4205,85.9689,0.0865,0.1013,0.0817,0.0573,0.2811,0.4632,0.1435,0.1259,0.2349,0.2067,0.1753,1.425,0.7798,0.2446,0.7002,4.6713,76.5899,0.1131,0.1356
"Burgaw, NC",Quality Turf,23SOFT,StAug,2024-09-26,P059,6,0.0567,0.0922,0.0665,0.2089,0.1098,0.17,0.2522,0.0612,0.1621,1.3868,61.5326,0.176,0.1828,0.0808,0.0584,0.2703,0.431,0.1923,0.249,0.1727,0.1505,0.1609,1.3834,0.7613,0.2291,0.6843,4.3344,76.4977,0.0823,0.178
"Burgaw, NC",Quality Turf,23SOFT,StAug,2024-09-26,P060,8,0.0508,0.0882,0.0598,0.2122,0.2516,0.2096,0.2919,0.0658,0.1917,1.4744,80.3776,0.0694,0.2078,0.0663,0.0481,0.3063,0.5061,0.2631,0.0903,0.1699,0.1723,0.1598,1.3804,0.8265,0.2459,0.7682,6.6278,81.7385,0.1062,0.1995
"Burgaw, NC",Quality Turf,23ZOFT,Zoys,2024-09-26,P001,4,0.0618,0.0942,0.0739,0.186,0.1714,0.2785,0.1907,0.0527,0.1206,1.2743,81.9029,0.1412,0.1814,0.0892,0.0651,0.2488,0.3901,0.1957,0.256,0.1733,0.1599,0.1558,1.369,0.7138,0.2212,0.6279,3.375,83.1797,0.0967,0.1088
"Burgaw, NC",Quality Turf,23ZOFT,Zoys,2024-09-26,P002,6,0.0619,0.0865,0.0652,0.162,0.1711,0.1851,0.2377,0.0459,0.1407,1.3273,64.3701,0.1279,0.1536,0.0923,0.0651,0.2496,0.4025,0.1467,0.0838,0.2242,0.1499,0.1722,1.416,0.7214,0.2343,0.6271,3.3627,71.7935,0.1191,0.0652
"Burgaw, NC",Quality Turf,23ZOFT,Zoys,2024-09-26,P003,4,0.0532,0.0802,0.06,0.257,0.1089,0.1532,0.2317,0.0472,0.1438,1.3359,46.5195,0.0807,0.1209,0.1048,0.0798,0.1906,0.3112,0.1368,0.1126,0.2027,0.1582,0.1353,1.3129,0.5917,0.2402,0.4961,1.9692,73.2545,0.1231,0.1127
"Burgaw, NC",Quality Turf,23ZOFT,Zoys,2024-09-26,P004,4,0.0307,0.0679,0.0438,0.2048,0.1266,0.2215,0.2968,0.0612,0.2153,1.5487,91.8142,0.1287,0.1929,0.0941,0.0674,0.24,0.3809,0.1615,0.2209,0.1703,0.1158,0.1654,1.3964,0.6993,0.227,0.6037,3.0466,74.4933,0.1146,0.0888
"Burgaw, NC",Quality Turf,23ZOFT,Zoys,2024-09-26,P005,6,0.0596,0.1004,0.0736,0.132,0.2085,0.1533,0.2341,0.0676,0.154,1.3639,75.501,0.128,0.1827,0.0844,0.0599,0.2706,0.4349,0.16,0.163,0.1596,0.1314,0.1697,1.4087,0.7578,0.2328,0.6749,4.1518,93.5849,0.0352,0.1643
"Burgaw, NC",Quality Turf,23ZOFT,Zoys,2024-09-26,P006,5,0.0569,0.0914,0.0668,0.2104,0.1344,0.1926,0.2432,0.0592,0.1557,1.3688,73.0266,0.1544,0.1113,0.0888,0.0645,0.252,0.4031,0.2638,0.1332,0.2114,0.1296,0.1585,1.3766,0.7241,0.2306,0.639,3.5401,59.8377,0.1208,0.1435
"Burgaw, NC",Quality Turf,23ZOFT,Zoys,2024-09-26,P007,6,0.0615,0.0974,0.0689,0.1581,0.1417,0.1766,0.2721,0.0644,0.1715,1.414,78.899,0.0858,0.1701,0.0802,0.0562,0.2853,0.4521,0.1873,0.2301,0.1263,0.093,0.176,1.4271,0.779,0.2262,0.6988,4.6397,89.5669,0.1096,0.1228
"Burgaw, NC",Quality Turf,23ZOFT,Zoys,2024-09-26,P008,7,0.0513,0.0851,0.0609,0.1631,0.1956,0.1642,0.2551,0.058,0.1655,1.3965,100,0.1418,0.173,0.1108,0.0802,0.1901,0.3233,0.1219,0.0984,0.2028,0.1722,0.1603,1.3817,0.6024,0.2594,0.4893,1.9165,74.8462,0.1265,0.1243
"Burgaw, NC",Quality Turf,23ZOFT,Zoys,2024-09-26,P009,5,0.0565,0.0908,0.0657,0.1512,0.1642,0.1222,0.2506,0.0593,0.1601,1.3812,67.3351,0.106,0.1693,0.0712,0.0505,0.3078,0.4817,0.217,0.163,0.1694,0.2089,0.1702,1.4102,0.8103,0.2203,0.7425,5.7674,78.2467,0.1533,0.1688
"Burgaw, NC",Quality Turf,23ZOFT,Zoys,2024-09-26,P010,5,0.0482,0.0757,0.059,0.1206,0.25,0.203,0.1925,0.0442,0.1237,1.2822,76.4465,0.1038,0.0392,0.0838,0.0635,0.2555,0.4047,0.2625,0.1256,0.0829,0.2058,0.1377,1.3193,0.7286,0.2259,0.6568,3.8267,56.3757,0.1175,0.1178
"Burgaw, NC",Quality Turf,23ZOFT,Zoys,2024-09-26,P011,8,0.0392,0.0717,0.0491,0.2354,0.1551,0.0959,0.2774,0.0552,0.1875,1.4614,77.0361,0.1302,0.1035,0.0826,0.0603,0.2698,0.4435,0.1768,0.1815,0.1513,0.0938,0.1561,1.3698,0.7605,0.2435,0.6859,4.3671,74.5535,0.1077,0.1755
"Burgaw, NC",Quality Turf,23ZOFT,Zoys,2024-09-26,P012,6,0.0521,0.0896,0.0638,0.1033,0.156,0.182,0.2539,0.0632,0.1677,1.4031,81.9816,0.1064,0.1694,0.0937,0.0676,0.24,0.3903,0.1534,0.1738,0.2211,0.2003,0.162,1.3865,0.7048,0.2385,0.6127,3.1644,75.0964,0.1856,0.158
"Burgaw, NC",Quality Turf,23ZOFT,Zoys,2024-09-26,P013,6,0.0417,0.0709,0.0457,0.1522,0.1412,0.2171,0.3362,0.0545,0.2161,1.5514,70.3351,0.1806,0.1895,0.1104,0.079,0.1946,0.3259,0.1683,0.2238,0.2241,0.0811,0.1657,1.3973,0.6097,0.2523,0.4939,1.9519,63.7004,0.0593,0.155
"Burgaw, NC",Quality Turf,23ZOFT,Zoys,2024-09-26,P014,6,0.0446,0.0695,0.0511,0.1961,0.1432,0.1558,0.2426,0.0433,0.1528,1.3607,78.2387,0.1425,0.1642,0.0818,0.0565,0.2841,0.4529,0.1881,0.164,0.1883,0.1584,0.1826,1.4468,0.7781,0.2291,0.6941,4.539,76.1351,0.1564,0.1389
"Burgaw, NC",Quality Turf,23ZOFT,Zoys,2024-09-26,P015,7,0.0502,0.0924,0.0647,0.1837,0.1265,0.1625,0.2589,0.07,0.1763,1.428,62.4484,0.1668,0.2465,0.0911,0.0637,0.2559,0.4181,0.208,0.1705,0.1894,0.0815,0.1771,1.4305,0.7355,0.2407,0.6421,3.5876,76.3892,0.2026,0.1165
"Burgaw, NC",Quality Turf,23ZOFT,Zoys,2024-09-26,P016,9,0.0328,0.0754,0.048,0.188,0.1825,0.247,0.3034,0.0701,0.2228,1.5733,63.6252,0.1309,0.1788,0.0749,0.052,0.3031,0.4915,0.2049,0.115,0.1806,0.1776,0.1808,1.4415,0.8087,0.2371,0.7354,5.5599,75.9571,0.0884,0.1839
"Burgaw, NC",Quality Turf,23ZOFT,Zoys,2024-09-26,P017,5,0.0534,0.0886,0.0658,0.1864,0.1665,0.1547,0.2257,0.058,0.1477,1.3465,69.7705,0.1062,0.1348,0.1014,0.0732,0.2174,0.3548,0.2194,0.0398,0.1721,0.185,0.1614,1.3848,0.6579,0.2401,0.5555,2.4999,62.062,0.1378,0.1288
"Burgaw, NC",Quality Turf,23ZOFT,Zoys,2024-09-26,P018,5,0.0478,0.08,0.0575,0.2079,0.2422,0.181,0.2506,0.0547,0.1635,1.3909,74.8215,0.1359,0.1837,0.1005,0.074,0.2142,0.35,0.2162,0.2061,0.2776,0.2143,0.1515,1.3572,0.6509,0.2407,0.554,2.4842,72.3109,0.1454,0.1873
"Burgaw, NC",Quality Turf,23ZOFT,Zoys,2024-09-26,P019,7,0.0324,0.0831,0.0493,0.1978,0.0796,0.0762,0.3379,0.0846,0.2554,1.686,71.6145,0.1521,0.1607,0.0866,0.0621,0.2619,0.4232,0.1464,0.2188,0.1752,0.1346,0.1644,1.3935,0.744,0.2355,0.6603,3.8876,67.8541,0.1335,0.1667
"Burgaw, NC",Quality Turf,23ZOFT,Zoys,2024-09-26,P020,7,0.0554,0.0985,0.0651,0.1235,0.1748,0.1815,0.3085,0.0764,0.2039,1.5123,88.1422,0.1164,0.1277,0.0853,0.0616,0.2645,0.4311,0.1595,0.2581,0.1102,0.2566,0.1616,1.3854,0.7501,0.2396,0.6697,4.0547,95.0294,0.1429,0.084
"Burgaw, NC",Quality Turf,23ZOFT,Zoys,2024-09-26,P021,5,0.0613,0.1085,0.0757,0.1506,0.086,0.1703,0.2665,0.08,0.1778,1.4326,79.2498,0.1391,0.0961,0.0881,0.0661,0.2456,0.3947,0.1968,0.17,0.2031,0.1834,0.1428,1.3331,0.713,0.2328,0.6349,3.4774,63.8427,0.1626,0.1845
"Burgaw, NC",Quality Turf,23ZOFT,Zoys,2024-09-26,P022,6,0.0567,0.0943,0.0679,0.188,0.1207,0.2098,0.2499,0.0639,0.1625,1.388,61.1515,0.0675,0.1328,0.0994,0.072,0.2226,0.3645,0.1271,0.1536,0.1774,0.1406,0.1603,1.3818,0.6702,0.2418,0.5713,2.6655,62.5017,0.1009,0.1269
"Burgaw, NC",Quality Turf,23ZOFT,Zoys,2024-09-26,P023,4,0.0433,0.0708,0.0504,0.0639,0.1962,0.1369,0.2626,0.0479,0.1687,1.4059,48.4774,0.1645,0.2368,0.0938,0.0682,0.2366,0.3731,0.1944,0.1846,0.2413,0.1985,0.1579,1.375,0.6909,0.2238,0.5983,2.9786,70.5286,0.0888,0.1847
"Burgaw, NC",Quality Turf,23ZOFT,Zoys,2024-09-26,P024,6,0.0553,0.0763,0.0581,0.14,0.2083,0.1779,0.2293,0.0391,0.1349,1.312,63.7334,0.1595,0.111,0.0848,0.0604,0.2685,0.4274,0.3283,0.2162,0.114,0.2416,0.1679,1.4036,0.7524,0.2284,0.6691,4.0435,60.0131,0.123,0.1632
"Burgaw, NC",Quality Turf,23ZOFT,Zoys,2024-09-26,P025,6,0.0532,0.0769,0.0573,0.1893,0.1757,0.1839,0.2413,0.0432,0.1456,1.3409,68.7713,0.1395,0.1528,0.103,0.0726,0.2199,0.3604,0.2099,0.1063,0.2204,0.157,0.1727,1.4174,0.6645,0.2422,0.5556,2.5,63.8834,0.0709,0.1435
"Burgaw, NC",Quality Turf,23ZOFT,Zoys,2024-09-26,P026,6,0.0434,0.0886,0.0575,0.1027,0.1422,0.1561,0.3032,0.0764,0.2132,1.5419,76.2224,0.1382,0.1957,0.0886,0.0631,0.2576,0.4126,0.2222,0.1285,0.2754,0.0793,0.1679,1.4035,0.7346,0.2313,0.6465,3.6573,55.1391,0.0721,0.1819
"Burgaw, NC",Quality Turf,23ZOFT,Zoys,2024-09-26,P027,7,0.0466,0.0835,0.0546,0.0614,0.1218,0.1318,0.3156,0.0657,0.209,1.5286,65.0009,0.1246,0.1357,0.0861,0.0606,0.2682,0.435,0.0939,0.1427,0.1759,0.182,0.1736,1.4202,0.7554,0.2372,0.6696,4.053,67.6337,0.1861,0.0758
"Burgaw, NC",Quality Turf,23ZOFT,Zoys,2024-09-26,P028,6,0.0649,0.0938,0.0667,0.1695,0.1777,0.1712,0.2838,0.0561,0.1691,1.4071,79.1514,0.103,0.0666,0.0834,0.0583,0.2771,0.4436,0.1803,0.2152,0.1532,0.143,0.177,1.43,0.7677,0.2311,0.6837,4.3224,78.6558,0.1195,0.1476
"Burgaw, NC",Quality Turf,23ZOFT,Zoys,2024-09-26,P029,3,0.047,0.0845,0.0599,0.2274,0.1727,0.1387,0.2531,0.0622,0.1707,1.4118,66.5061,0.005,0.1277,0.0919,0.0676,0.239,0.3739,0.2356,0.1286,0.2351,0.2597,0.1527,1.3605,0.694,0.2202,0.6054,3.0684,70.8706,0.0227,0.1195
"Burgaw, NC",Quality Turf,23ZOFT,Zoys,2024-09-26,P030,7,0.0651,0.1,0.0728,0.1405,0.1642,0.1971,0.2532,0.0621,0.1577,1.3746,72.8779,0.1116,0.1361,0.1089,0.0792,0.1939,0.327,0.2162,0.1228,0.125,0.1858,0.1576,1.3741,0.6098,0.2556,0.5003,2.0027,69.1564,0.141,0.0489
"Burgaw, NC",Quality Turf,23ZOFT,Zoys,2024-09-26,P031,6,0.0435,0.074,0.0499,0.2038,0.1753,0.1668,0.2998,0.0546,0.1945,1.4829,58.5099,0.1278,0.1525,0.1166,0.0828,0.1796,0.3026,0.1384,0.1237,0.1042,0.1577,0.1699,1.4093,0.5705,0.2552,0.4436,1.5944,73.6219,0.0733,0.079
"Burgaw, NC",Quality Turf,23ZOFT,Zoys,2024-09-26,P032,6,0.0477,0.0733,0.0494,0.2242,0.187,0.1935,0.3187,0.0495,0.1949,1.4841,59.0254,0.1192,0.1127,0.1198,0.0898,0.1519,0.2662,0.0526,0.1695,0.0612,0.235,0.1432,1.3343,0.4956,0.2736,0.3793,1.2224,73.6753,0.0903,0.2534
"Burgaw, NC",Quality Turf,23ZOFT,Zoys,2024-09-26,P033,6,0.0517,0.0976,0.0702,0.1488,0.1357,0.1931,0.2357,0.0732,0.1631,1.3897,80.5651,0.0987,0.1895,0.0776,0.0564,0.2846,0.4538,0.1527,0.2008,0.1331,0.1201,0.1581,1.3756,0.7789,0.2291,0.708,4.8497,79.8358,0.2005,0.1156
"Burgaw, NC",Quality Turf,23ZOFT,Zoys,2024-09-26,P034,3,0.0695,0.0923,0.072,0.2084,0.1984,0.1607,0.2143,0.043,0.1236,1.282,54.253,0.0498,0.1605,0.0906,0.0667,0.2425,0.3787,0.1143,0.1707,0.158,0.1623,0.1522,1.3589,0.7006,0.2192,0.6139,3.1805,65.6015,0.0773,0.1311
"Burgaw, NC",Quality Turf,23ZOFT,Zoys,2024-09-26,P035,6,0.0668,0.1085,0.0803,0.1269,0.2074,0.2194,0.2307,0.0699,0.1492,1.3506,60.0318,0.0729,0.1006,0.0943,0.0693,0.2333,0.3787,0.1983,0.2199,0.188,0.1569,0.1532,1.3619,0.6908,0.2376,0.6012,3.0149,53.5545,0.086,0.1038
"Burgaw, NC",Quality Turf,23ZOFT,Zoys,2024-09-26,P036,6,0.0575,0.0926,0.067,0.202,0.1385,0.1474,0.251,0.0607,0.1605,1.3824,82.7952,0.1455,0.192,0.0853,0.0594,0.2724,0.4351,0.1347,0.2745,0.1274,0.1247,0.1787,1.4352,0.7597,0.2299,0.6722,4.1014,80.3781,0.147,0.193
"Burgaw, NC",Quality Turf,23ZOFT,Zoys,2024-09-26,P037,7,0.0544,0.09,0.0636,0.2104,0.1773,0.1982,0.2659,0.0619,0.1717,1.4146,73.342,0.0504,0.0691,0.0862,0.0617,0.2636,0.4255,0.2066,0.1799,0.1169,0.1869,0.1656,1.3969,0.7467,0.235,0.6631,3.9372,56.8515,0.059,0.1425
"Burgaw, NC",Quality Turf,23ZOFT,Zoys,2024-09-26,P038,5,0.0522,0.085,0.0609,0.1586,0.1467,0.2005,0.2579,0.057,0.1656,1.397,71.7452,0.1278,0.1567,0.0807,0.057,0.282,0.4457,0.1569,0.1392,0.1281,0.1804,0.1721,1.4159,0.7734,0.225,0.6935,4.5263,65.429,0.0701,0.1385
"Burgaw, NC",Quality Turf,23ZOFT,Zoys,2024-09-26,P039,6,0.0437,0.0764,0.0532,0.1506,0.2014,0.2004,0.2709,0.056,0.1795,1.4376,69.9621,0.1167,0.0958,0.0824,0.0588,0.2749,0.4385,0.1874,0.1799,0.145,0.1825,0.167,1.401,0.7636,0.2292,0.6837,4.324,84.3933,0.1377,0.1537
"Burgaw, NC",Quality Turf,23ZOFT,Zoys,2024-09-26,P040,3,0.0558,0.0824,0.0599,0.1513,0.1876,0.1705,0.2592,0.049,0.1576,1.3742,75.1498,0.1014,0.172,0.1166,0.0865,0.1638,0.2681,0.1389,0.2124,0.167,0.1034,0.1483,1.3483,0.5122,0.2416,0.3938,1.2992,59.4153,0.0773,0.1969
"Burgaw, NC",Quality Turf,23ZOFT,Zoys,2024-09-26,P041,6,0.0614,0.0987,0.0707,0.1217,0.2483,0.1519,0.2592,0.0653,0.1652,1.3959,68.2675,0.1085,0.1545,0.0866,0.0591,0.2734,0.4344,0.1947,0.2103,0.1587,0.0787,0.1885,1.4647,0.7604,0.2275,0.6675,4.0154,88.1245,0.1946,0.1504
"Burgaw, NC",Quality Turf,23ZOFT,Zoys,2024-09-26,P042,6,0.0692,0.1119,0.0766,0.1556,0.1409,0.1642,0.2959,0.078,0.1873,1.4608,81.2096,0.1451,0.1993,0.0902,0.0666,0.2439,0.3936,0.2122,0.1516,0.2291,0.2058,0.1506,1.3545,0.7106,0.2348,0.6271,3.3634,66.344,0.0967,0.1785
"Burgaw, NC",Quality Turf,23ZOFT,Zoys,2024-09-26,P043,5,0.0465,0.0889,0.0602,0.1739,0.1482,0.0954,0.2793,0.071,0.1922,1.4757,61.4037,0.07,0.1784,0.0801,0.0572,0.281,0.4416,0.1779,0.2253,0.2271,0.1768,0.1673,1.4018,0.7708,0.2222,0.6929,4.5117,63.2113,0.0969,0.1228
"Burgaw, NC",Quality Turf,23ZOFT,Zoys,2024-09-26,P044,7,0.0473,0.078,0.0544,0.1611,0.14,0.1938,0.2774,0.0543,0.1783,1.4339,73.0062,0.0833,0.1294,0.0753,0.0496,0.3122,0.4982,0.0565,0.1513,0.2196,0.2047,0.2059,1.5187,0.8191,0.2295,0.7375,5.6196,59.6892,0.0732,0.1717
"Burgaw, NC",Quality Turf,23ZOFT,Zoys,2024-09-26,P045,7,0.0488,0.0907,0.0626,0.1066,0.1848,0.2625,0.2687,0.0699,0.1831,1.4482,88.9989,0.0925,0.1454,0.1036,0.0729,0.2192,0.3637,0.1986,0.0771,0.139,0.1687,0.1739,1.4212,0.6661,0.248,0.5566,2.511,81.7146,0.1534,0.2581
"Burgaw, NC",Quality Turf,23ZOFT,Zoys,2024-09-26,P046,3,0.0723,0.1041,0.0784,0.2614,0.1844,0.2172,0.2332,0.0575,0.1408,1.3278,71.9395,0.0856,0.1219,0.0973,0.0705,0.2275,0.3588,0.1978,0.253,0.1578,0.1732,0.1599,1.3806,0.6717,0.224,0.5733,2.6875,67.5036,0.1119,0.1065
"Burgaw, NC",Quality Turf,23ZOFT,Zoys,2024-09-26,P047,7,0.046,0.0823,0.0532,0.1708,0.1065,0.1703,0.3253,0.0654,0.2149,1.5474,55.5115,0.1082,0.1687,0.0781,0.051,0.3065,0.4891,0.1449,0.1835,0.164,0.1618,0.2103,1.5327,0.8112,0.2294,0.7245,5.2606,59.401,0.149,0.1337
"Burgaw, NC",Quality Turf,23ZOFT,Zoys,2024-09-26,P048,5,0.0647,0.0947,0.0716,0.218,0.1639,0.1671,0.2276,0.0532,0.1391,1.3231,67.2558,0.0556,0.2067,0.0902,0.0643,0.2525,0.4019,0.0812,0.1271,0.1843,0.1703,0.1671,1.4012,0.724,0.2283,0.6335,3.4574,87.8532,0.1305,0.1344
"Eagle Springs, NC",Sandhills Turf,23SOFT,StAug,2024-10-08,P001,6,0.0726,0.1106,0.0816,0.2133,0.1916,0.1695,0.2419,0.067,0.1506,1.3546,75.7524,0.1319,0.135,0.0959,0.069,0.2236,0.3708,0.0809,0.1876,0.2136,0.2509,0.163,1.3894,0.6863,0.2476,0.5892,2.8687,65.036,0.1109,0.0895
"Eagle Springs, NC",Sandhills Turf,23SOFT,StAug,2024-10-08,P002,2,0.0612,0.089,0.0721,0.1159,0.2607,0.1881,0.169,0.0447,0.1048,1.2341,57.4818,0.1271,0.1609,0.0975,0.0756,0.2437,0.3573,0.1972,0.2106,0.1963,0.109,0.1262,1.2888,0.6506,0.1889,0.5713,2.6653,68.1438,0.1167,0.1749
"Eagle Springs, NC",Sandhills Turf,23SOFT,StAug,2024-10-08,P003,5,0.0493,0.0821,0.0598,0.174,0.257,0.0999,0.2406,0.055,0.1569,1.3723,73.2164,0.1618,0.1464,0.1,0.0754,0.197,0.3261,0.2019,0.228,0.2495,0.1328,0.1404,1.3268,0.6244,0.2466,0.5305,2.2602,73.7512,0.0712,0.163
"Eagle Springs, NC",Sandhills Turf,23SOFT,StAug,2024-10-08,P004,7,0.0463,0.0808,0.056,0.1264,0.1232,0.1097,0.2748,0.0594,0.1817,1.4442,73.0712,0.0688,0.1759,0.1113,0.0666,0.1983,0.3562,0.1529,0.1458,0.18,0.1146,0.2514,1.6715,0.685,0.2848,0.5238,2.2002,65.422,0.0976,0.1632
"Eagle Springs, NC",Sandhills Turf,23SOFT,StAug,2024-10-08,P005,6,0.0554,0.0905,0.0653,0.1202,0.1583,0.1635,0.2513,0.0603,0.1619,1.3863,87.2461,0.0853,0.1486,0.0679,0.0556,0.3069,0.4755,0.0801,0.1604,0.1108,0.1566,0.0993,1.2206,0.7906,0.2155,0.7502,6.0066,74.9813,0.1433,0.2325
"Eagle Springs, NC",Sandhills Turf,23SOFT,StAug,2024-10-08,P006,5,0.059,0.0932,0.0688,0.2016,0.1347,0.2064,0.2375,0.0588,0.1511,1.3559,71.1776,0.0781,0.1732,0.0977,0.0663,0.2404,0.3882,0.1014,0.236,0.1743,0.175,0.1919,1.4749,0.7084,0.2351,0.5977,2.972,75.7395,0.1304,0.1508
"Eagle Springs, NC",Sandhills Turf,23SOFT,StAug,2024-10-08,P007,5,0.0621,0.1004,0.0717,0.2519,0.2102,0.2521,0.2607,0.0671,0.1667,1.4002,69.7913,0.1685,0.1573,0.0826,0.068,0.2409,0.3891,0.2751,0.1003,0.2089,0.1744,0.0974,1.2158,0.7025,0.2353,0.6496,3.7077,69.9583,0.1388,0.1992
"Eagle Springs, NC",Sandhills Turf,23SOFT,StAug,2024-10-08,P008,7,0.0448,0.082,0.0547,0.1655,0.1616,0.2582,0.2975,0.0645,0.1999,1.4998,74.9771,0.0815,0.1153,0.0925,0.0696,0.2266,0.3877,0.1785,0.1384,0.2054,0.2124,0.1413,1.3292,0.6956,0.2622,0.6147,3.1902,59.5335,0.1046,0.16
"Eagle Springs, NC",Sandhills Turf,23SOFT,StAug,2024-10-08,P009,4,0.0624,0.0968,0.0727,0.1591,0.1892,0.1283,0.2245,0.0585,0.1419,1.3308,61.9156,0.11,0.1678,0.0878,0.0677,0.2335,0.3586,0.2372,0.1865,0.2429,0.2223,0.1295,1.2976,0.6824,0.2113,0.6065,3.0831,65.5235,0.1359,0.1891
"Eagle Springs, NC",Sandhills Turf,23SOFT,StAug,2024-10-08,P010,5,0.0551,0.0864,0.0654,0.239,0.165,0.2291,0.2175,0.0524,0.1386,1.3218,60.054,0.1163,0.1896,0.0844,0.06,0.2646,0.4096,0.2033,0.2073,0.2147,0.1526,0.1689,1.4065,0.7444,0.2151,0.6583,3.8528,74.5234,0.1148,0.1293
"Eagle Springs, NC",Sandhills Turf,23SOFT,StAug,2024-10-08,P011,4,0.0581,0.0966,0.0683,0.2192,0.2123,0.1851,0.2645,0.0668,0.1714,1.4136,57.7165,0.1473,0.1503,0.0807,0.067,0.2736,0.419,0.1437,0.2168,0.1303,0.2247,0.0925,1.2039,0.7241,0.2099,0.6769,4.1904,72.7845,0.1321,0.1014
"Eagle Springs, NC",Sandhills Turf,23SOFT,StAug,2024-10-08,P012,5,0.0562,0.0911,0.0662,0.1324,0.2064,0.1421,0.2457,0.0597,0.158,1.3752,63.0557,0.0995,0.1943,0.0779,0.055,0.3201,0.486,0.1319,0.1684,0.0974,0.1692,0.1723,1.4162,0.7966,0.2059,0.7237,5.2383,66.9155,0.0804,0.1522
"Eagle Springs, NC",Sandhills Turf,23SOFT,StAug,2024-10-08,P013,3,0.0625,0.0945,0.073,0.1139,0.2056,0.2634,0.2052,0.0536,0.1286,1.2952,46.6145,0.0904,0.1028,0.1116,0.0878,0.1776,0.2834,0.1655,0.1703,0.1941,0.1794,0.1191,1.2705,0.5268,0.2295,0.435,1.5399,56.6511,0.1247,0.1334
"Eagle Springs, NC",Sandhills Turf,23SOFT,StAug,2024-10-08,P014,6,0.0482,0.0803,0.0583,0.1698,0.2695,0.1506,0.2428,0.054,0.1584,1.3764,76.5315,0.1187,0.1401,0.0829,0.0621,0.2608,0.4188,0.172,0.1449,0.1828,0.2561,0.1433,1.3346,0.7417,0.2325,0.6696,4.0528,69.1028,0.0954,0.1203
"Eagle Springs, NC",Sandhills Turf,23SOFT,StAug,2024-10-08,P015,7,0.0303,0.0547,0.0409,0.1695,0.0873,0.1613,0.2117,0.0382,0.1445,1.3379,88.6035,0.0668,0.2187,0.0862,0.0624,0.2286,0.3884,0.1579,0.0723,0.0993,0.1973,0.1605,1.3823,0.7232,0.2589,0.6366,3.5043,73.2376,0.0615,0.1664
"Eagle Springs, NC",Sandhills Turf,23SOFT,StAug,2024-10-08,P016,4,0.0508,0.0821,0.0616,0.1837,0.1849,0.1858,0.2204,0.0518,0.1426,1.3325,41.2863,0.1548,0.1346,0.1122,0.0763,0.2169,0.3381,0.1249,0.2648,0.1575,0.1118,0.19,1.4691,0.6316,0.2183,0.5018,2.0146,64.6954,0.0921,0.134
"Eagle Springs, NC",Sandhills Turf,23SOFT,StAug,2024-10-08,P017,5,0.0531,0.084,0.0633,0.217,0.2271,0.0776,0.2189,0.0515,0.14,1.3256,81.9529,0.1079,0.1159,0.1008,0.073,0.1975,0.3285,0.1805,0.1438,0.1656,0.187,0.1596,1.3798,0.6363,0.2492,0.5306,2.2608,50.1,0.1064,0.0207
"Eagle Springs, NC",Sandhills Turf,23SOFT,StAug,2024-10-08,P018,5,0.0616,0.0926,0.0713,0.1404,0.1589,0.2833,0.2081,0.0523,0.1299,1.2987,79.4846,0.1157,0.155,0.1057,0.0716,0.1914,0.3245,0.1228,0.0872,0.1842,0.1382,0.1925,1.4767,0.6386,0.2581,0.5086,2.0702,65.4206,0.0929,0.21
"Eagle Springs, NC",Sandhills Turf,23SOFT,StAug,2024-10-08,P019,6,0.0419,0.0782,0.0523,0.1291,0.1413,0.184,0.2918,0.0623,0.1983,1.4947,72.7291,0.1426,0.1241,0.1084,0.0745,0.1876,0.3236,0.0888,0.2265,0.2078,0.1375,0.185,1.4539,0.6256,0.2661,0.4983,1.9865,62.225,0.1586,0.1207
"Eagle Springs, NC",Sandhills Turf,23SOFT,StAug,2024-10-08,P020,4,0.055,0.0901,0.0656,0.1929,0.2257,0.1786,0.2432,0.0597,0.1574,1.3736,50.7715,0.145,0.1429,0.1201,0.079,0.1741,0.2841,0.271,0.1391,0.1751,0.1168,0.2068,1.5215,0.565,0.2401,0.4055,1.3642,50.8239,0.1844,0.1741
"Eagle Springs, NC",Sandhills Turf,23SOFT,StAug,2024-10-08,P021,5,0.0558,0.0918,0.0659,0.1943,0.1636,0.2675,0.2538,0.0619,0.1641,1.3925,64.3451,0.1129,0.1836,0.0907,0.066,0.253,0.3977,0.1559,0.1024,0.1933,0.1957,0.1574,1.3736,0.7152,0.2224,0.6286,3.3851,63.904,0.1433,0.1717
"Eagle Springs, NC",Sandhills Turf,23SOFT,StAug,2024-10-08,P022,5,0.0471,0.0755,0.0573,0.1364,0.0974,0.2394,0.2116,0.0466,0.1366,1.3164,71.7795,0.11,0.2619,0.0873,0.0643,0.2434,0.3936,0.2072,0.2022,0.1703,0.2075,0.1516,1.3574,0.7192,0.2359,0.6371,3.5109,70.9353,0.0737,0.1354
"Eagle Springs, NC",Sandhills Turf,23SOFT,StAug,2024-10-08,P023,6,0.0472,0.0798,0.0571,0.147,0.0892,0.1445,0.2535,0.0553,0.1661,1.3983,70.6785,0.1351,0.1963,0.083,0.0601,0.2658,0.4345,0.2204,0.1275,0.1197,0.2029,0.1599,1.3806,0.7568,0.2409,0.6791,4.2331,66.4871,0.0861,0.0788
"Eagle Springs, NC",Sandhills Turf,23SOFT,StAug,2024-10-08,P024,5,0.0556,0.0915,0.0658,0.1874,0.2539,0.226,0.2528,0.0616,0.1635,1.3909,68.4452,0.0951,0.1424,0.1099,0.0756,0.1908,0.318,0.1767,0.1995,0.2382,0.221,0.1847,1.4531,0.6157,0.2499,0.4863,1.8932,74.8469,0.073,0.1193
"Eagle Springs, NC",Sandhills Turf,23SOFT,StAug,2024-10-08,P025,5,0.0562,0.0989,0.0662,0.1494,0.2612,0.0658,0.3002,0.0754,0.198,1.4939,78.23,0.1261,0.2179,0.0851,0.0647,0.2518,0.4001,0.2233,0.2737,0.1865,0.2436,0.1359,1.3144,0.7215,0.2275,0.6493,3.7027,61.9486,0.0854,0.2578
"Eagle Springs, NC",Sandhills Turf,23SOFT,StAug,2024-10-08,P026,5,0.0528,0.0841,0.0628,0.2405,0.113,0.212,0.2263,0.0527,0.145,1.3392,63.5127,0.1396,0.1838,0.103,0.0708,0.208,0.3484,0.1709,0.1031,0.1934,0.1351,0.1854,1.4551,0.6623,0.2524,0.5437,2.3827,69.9956,0.0924,0.1924
"Eagle Springs, NC",Sandhills Turf,23SOFT,StAug,2024-10-08,P027,4,0.0621,0.095,0.0724,0.2404,0.2233,0.1427,0.2146,0.0554,0.1349,1.3119,47.93,0.126,0.1666,0.0722,0.0586,0.2913,0.4354,0.1216,0.1149,0.1181,0.1291,0.1037,1.2314,0.7626,0.1984,0.7155,5.0295,57.835,0.1112,0.2343
"Eagle Springs, NC",Sandhills Turf,23SOFT,StAug,2024-10-08,P028,4,0.065,0.1021,0.0752,0.1814,0.2127,0.1204,0.2394,0.064,0.1517,1.3575,52.9489,0.1709,0.1768,0.0993,0.0756,0.2167,0.3377,0.2457,0.2476,0.1645,0.2373,0.1352,1.3127,0.6341,0.2182,0.5457,2.402,53.064,0.1184,0.1377
"Eagle Springs, NC",Sandhills Turf,23SOFT,StAug,2024-10-08,P029,3,0.0543,0.0838,0.0653,0.2561,0.2125,0.2149,0.1949,0.048,0.1239,1.283,45.3277,0.1568,0.1162,0.1045,0.0828,0.1929,0.2985,0.2852,0.1875,0.1509,0.2188,0.1158,1.262,0.5656,0.215,0.4813,1.8556,58.7053,0.1423,0.0975
"Eagle Springs, NC",Sandhills Turf,23SOFT,StAug,2024-10-08,P030,7,0.0429,0.0784,0.0528,0.0847,0.1283,0.1918,0.2901,0.0612,0.1954,1.4857,61.097,0.1109,0.2234,0.0804,0.0596,0.283,0.4596,0.2527,0.1795,0.1142,0.1891,0.149,1.3502,0.7705,0.2378,0.7021,4.714,66.0754,0.0229,0.1828
"Eagle Springs, NC",Sandhills Turf,23SOFT,StAug,2024-10-08,P031,5,0.0596,0.0925,0.0696,0.1838,0.1275,0.2099,0.2228,0.0557,0.1409,1.3279,51.7168,0.0808,0.1534,0.1113,0.0736,0.2037,0.3339,0.1566,0.1555,0.1496,0.2969,0.2038,1.5121,0.6387,0.2421,0.5,1.9997,59.2989,0.093,0.1449
"Eagle Springs, NC",Sandhills Turf,23SOFT,StAug,2024-10-08,P032,5,0.0475,0.0821,0.0579,0.1374,0.2203,0.1477,0.2616,0.0589,0.173,1.4182,66.625,0.0742,0.1223,0.0808,0.0567,0.2892,0.4461,0.2139,0.1215,0.185,0.2399,0.175,1.4243,0.7743,0.2134,0.6933,4.5203,74.8257,0.1005,0.1349
"Eagle Springs, NC",Sandhills Turf,23SOFT,StAug,2024-10-08,P033,6,0.0505,0.0813,0.0605,0.1485,0.2067,0.1667,0.2279,0.0517,0.1468,1.3441,69.6249,0.0923,0.1748,0.0875,0.0603,0.2528,0.4087,0.2297,0.1624,0.1444,0.0736,0.1837,1.45,0.7427,0.2356,0.6473,3.6702,67.6296,0.1487,0.1725
"Eagle Springs, NC",Sandhills Turf,23SOFT,StAug,2024-10-08,P034,7,0.0462,0.0776,0.056,0.2782,0.2136,0.1856,0.2473,0.053,0.1618,1.3861,77.6323,0.0793,0.1888,0.0867,0.059,0.2542,0.4228,0.1331,0.0777,0.1111,0.1502,0.1902,1.4698,0.7552,0.249,0.6598,3.8783,69.7103,0.062,0.1514
"Eagle Springs, NC",Sandhills Turf,23SOFT,StAug,2024-10-08,P035,6,0.042,0.0746,0.0524,0.2368,0.2825,0.1114,0.2615,0.0548,0.175,1.4241,77.4188,0.1498,0.1418,0.1008,0.069,0.1912,0.3313,0.1583,0.1431,0.1543,0.179,0.1873,1.461,0.6551,0.2681,0.5333,2.2852,70.7053,0.1055,0.1259
"Eagle Springs, NC",Sandhills Turf,23SOFT,StAug,2024-10-08,P036,3,0.074,0.1133,0.0841,0.2011,0.2485,0.1528,0.2369,0.0685,0.1481,1.3477,53.4823,0.0679,0.1327,0.0994,0.0761,0.2289,0.3463,0.1958,0.1347,0.2104,0.1616,0.1331,1.307,0.6397,0.204,0.5538,2.4821,53.3396,0.0983,0.0816
"Eagle Springs, NC",Sandhills Turf,23SOFT,StAug,2024-10-08,P037,8,0.0465,0.0877,0.0559,0.164,0.1254,0.227,0.3286,0.0731,0.2221,1.5709,75.4909,0.0843,0.137,0.0859,0.053,0.2678,0.4541,0.1473,0.1924,0.1891,0.1566,0.2374,1.6227,0.7911,0.2581,0.6818,4.2845,87.2351,0.0755,0.1704
"Eagle Springs, NC",Sandhills Turf,23SOFT,StAug,2024-10-08,P038,5,0.0587,0.0966,0.0685,0.1571,0.2931,0.1549,0.2638,0.066,0.1701,1.4098,57.7869,0.1284,0.1616,0.0829,0.06,0.2635,0.4167,0.1607,0.1373,0.125,0.166,0.1605,1.3825,0.7483,0.2253,0.668,4.0248,68.724,0.0966,0.2009
"Eagle Springs, NC",Sandhills Turf,23SOFT,StAug,2024-10-08,P039,2,0.0619,0.0935,0.0728,0.2167,0.2164,0.1879,0.1984,0.0523,0.1245,1.2844,67.4007,0.115,0.1788,0.0972,0.0803,0.2216,0.3297,0.2389,0.2743,0.1907,0.2807,0.095,1.21,0.6083,0.1962,0.5448,2.3936,53.3712,0.161,0.1435
"Eagle Springs, NC",Sandhills Turf,23SOFT,StAug,2024-10-08,P040,5,0.0478,0.0821,0.058,0.2175,0.1505,0.1656,0.2609,0.0584,0.1719,1.4153,69.795,0.0895,0.1881,0.0693,0.0569,0.3186,0.4901,0.0968,0.1092,0.2427,0.2232,0.0988,1.2193,0.7921,0.2121,0.7521,6.069,40.2898,0.1359,0.1843
"Eagle Springs, NC",Sandhills Turf,23SOFT,StAug,2024-10-08,P041,4,0.0528,0.0792,0.0636,0.1842,0.1843,0.1176,0.1735,0.042,0.1093,1.2455,58.8569,0.1394,0.1462,0.0878,0.073,0.2261,0.3493,0.2226,0.194,0.2249,0.1276,0.0917,1.202,0.6542,0.214,0.5984,2.9798,61.5623,0.1473,0.137
"Eagle Springs, NC",Sandhills Turf,23SOFT,StAug,2024-10-08,P042,5,0.058,0.0922,0.0681,0.2608,0.1878,0.1391,0.2351,0.0582,0.1501,1.3531,74.7263,0.1307,0.1898,0.112,0.0762,0.1918,0.3182,0.1158,0.1699,0.1801,0.151,0.1903,1.4699,0.6136,0.2479,0.4792,1.8406,75.6033,0.1082,0.1275
"Eagle Springs, NC",Sandhills Turf,23SOFT,StAug,2024-10-08,P043,6,0.0383,0.0693,0.0487,0.158,0.1525,0.2682,0.2588,0.0516,0.1748,1.4235,70.0386,0.1227,0.1497,0.0795,0.061,0.2733,0.4404,0.1915,0.1692,0.2174,0.2065,0.1323,1.305,0.7568,0.2341,0.694,4.536,72.5666,0.0472,0.1701
"Eagle Springs, NC",Sandhills Turf,23SOFT,StAug,2024-10-08,P044,6,0.0509,0.0849,0.0606,0.2969,0.1722,0.1209,0.2564,0.0582,0.1667,1.4002,78.2685,0.0884,0.1421,0.0954,0.0627,0.2308,0.3893,0.1923,0.1457,0.1504,0.141,0.2069,1.5218,0.7226,0.2557,0.6063,3.0806,65.583,0.1105,0.1264
"Eagle Springs, NC",Sandhills Turf,23SOFT,StAug,2024-10-08,P045,7,0.0581,0.0993,0.0672,0.1916,0.1915,0.1367,0.2954,0.0732,0.1923,1.4763,64.6969,0.0581,0.1641,0.0701,0.0498,0.3012,0.4863,0.1658,0.0773,0.081,0.1432,0.1687,1.4059,0.8141,0.2351,0.7481,5.9411,71.5073,0.0755,0.0916
"Eagle Springs, NC",Sandhills Turf,23SOFT,StAug,2024-10-08,P046,5,0.0579,0.0914,0.0679,0.2083,0.1656,0.2577,0.2312,0.0569,0.1471,1.345,61.9936,0.1393,0.1279,0.0828,0.0525,0.3073,0.4684,0.2545,0.118,0.1877,0.1115,0.2236,1.5759,0.7983,0.2077,0.6995,4.6567,69.3266,0.0597,0.1731
"Eagle Springs, NC",Sandhills Turf,23SOFT,StAug,2024-10-08,P047,3,0.0653,0.0962,0.0758,0.1491,0.2416,0.1827,0.1916,0.0514,0.1189,1.2699,67.0291,0.103,0.1629,0.102,0.0739,0.2287,0.3444,0.2101,0.28,0.1857,0.2171,0.1597,1.3802,0.6468,0.2019,0.5432,2.3778,47.0035,0.1297,0.0985
"Eagle Springs, NC",Sandhills Turf,23SOFT,StAug,2024-10-08,P048,6,0.0575,0.0963,0.0672,0.1358,0.1579,0.1092,0.2746,0.0679,0.1781,1.4333,67.1281,0.1306,0.139,0.089,0.0587,0.2675,0.4278,0.0535,0.1941,0.1924,0.1824,0.2056,1.5175,0.7588,0.2305,0.6555,3.8051,80.064,0.1466,0.1972
"Eagle Springs, NC",Sandhills Turf,23SOFT,StAug,2024-10-08,P049,8,0.0564,0.0993,0.0654,0.2338,0.193,0.1713,0.3138,0.0769,0.2063,1.5197,81.0214,0.1127,0.1077,0.0945,0.0564,0.2401,0.4171,0.115,0.1551,0.1464,0.1434,0.2529,1.6771,0.762,0.2694,0.6306,3.4135,82.8637,0.0351,0.1345
"Eagle Springs, NC",Sandhills Turf,23SOFT,StAug,2024-10-08,P050,9,0.0465,0.0845,0.0554,0.1584,0.2391,0.0995,0.3118,0.0671,0.2082,1.5258,76.8465,0.0665,0.1012,0.0962,0.0514,0.2549,0.4494,0.0874,0.1869,0.1735,0.1218,0.3036,1.8717,0.7947,0.2762,0.6473,3.6711,75.546,0.1224,0.1182
"Eagle Springs, NC",Sandhills Turf,23SOFT,StAug,2024-10-08,P051,4,0.0602,0.0943,0.0704,0.0666,0.1916,0.1719,0.2284,0.0579,0.1449,1.3389,73.9079,0.1191,0.1412,0.1074,0.077,0.1858,0.3058,0.1015,0.1928,0.133,0.1936,0.1646,1.3941,0.5976,0.244,0.4803,1.848,64.9869,0.1611,0.1528
"Eagle Springs, NC",Sandhills Turf,23SOFT,StAug,2024-10-08,P052,8,0.0481,0.0912,0.0575,0.1355,0.1028,0.1635,0.3354,0.0768,0.2268,1.5867,67.4495,0.1125,0.2181,0.0967,0.0572,0.2281,0.4003,0.0787,0.1484,0.2392,0.1534,0.2567,1.6905,0.7499,0.2741,0.6108,3.1393,86.0897,0.0846,0.1307
"Eagle Springs, NC",Sandhills Turf,23SOFT,StAug,2024-10-08,P053,6,0.0609,0.1022,0.0705,0.1544,0.1426,0.1522,0.2834,0.0729,0.1834,1.4492,76.7361,0.1171,0.1242,0.0977,0.0757,0.2066,0.3492,0.1626,0.1901,0.1699,0.2026,0.1269,1.2906,0.6438,0.2567,0.563,2.5762,65.3283,0.0691,0.1658
"Eagle Springs, NC",Sandhills Turf,23SOFT,StAug,2024-10-08,P054,3,0.077,0.1151,0.0868,0.1216,0.1354,0.2595,0.2268,0.0665,0.1403,1.3265,50.8497,0.1508,0.1111,0.1033,0.0832,0.1822,0.2906,0.1282,0.134,0.2342,0.1747,0.1076,1.2411,0.5548,0.2293,0.4757,1.8143,42.8156,0.1224,0.1198
"Eagle Springs, NC",Sandhills Turf,23SOFT,StAug,2024-10-08,P055,3,0.0502,0.0791,0.0614,0.1938,0.1648,0.0675,0.1958,0.0465,0.1258,1.2878,66.2631,0.0928,0.1044,0.1,0.0738,0.2188,0.3316,0.1497,0.2022,0.3144,0.1528,0.1505,1.3543,0.6359,0.205,0.5368,2.3173,69.8288,0.1249,0.129
"Eagle Springs, NC",Sandhills Turf,23SOFT,StAug,2024-10-08,P056,4,0.0619,0.0952,0.0721,0.1244,0.2342,0.2105,0.219,0.0564,0.138,1.3201,53.095,0.1576,0.1112,0.0894,0.0678,0.2554,0.3919,0.1545,0.1942,0.1914,0.1877,0.1377,1.3194,0.7052,0.2108,0.6285,3.3837,57.8252,0.1162,0.1559
"Eagle Springs, NC",Sandhills Turf,23SOFT,StAug,2024-10-08,P057,6,0.0599,0.1004,0.0694,0.217,0.1605,0.154,0.2825,0.0715,0.1828,1.4474,78.163,0.1057,0.1461,0.0996,0.0659,0.2469,0.4053,0.174,0.2321,0.1628,0.2389,0.2031,1.5099,0.7201,0.2428,0.6055,3.0702,86.9537,0.0539,0.1556
"Eagle Springs, NC",Sandhills Turf,23SOFT,StAug,2024-10-08,P058,4,0.0562,0.088,0.0665,0.1166,0.1923,0.2131,0.2189,0.0533,0.1393,1.3237,70.6033,0.1139,0.1358,0.0671,0.0572,0.3151,0.4727,0.1636,0.2861,0.144,0.2052,0.0799,1.1738,0.7842,0.2001,0.7513,6.0434,62.7476,0.1115,0.1778
"Eagle Springs, NC",Sandhills Turf,23SOFT,StAug,2024-10-08,P059,7,0.0494,0.0828,0.0591,0.1341,0.1076,0.1741,0.2557,0.057,0.1666,1.3999,75.4178,0.1646,0.0838,0.0599,0.0522,0.336,0.5257,0.0605,0.1265,0.1807,0.1472,0.0682,1.1465,0.8193,0.2202,0.7955,7.7806,65.1997,0.122,0.1485
"Eagle Springs, NC",Sandhills Turf,23SOFT,StAug,2024-10-08,P060,9,0.0271,0.0559,0.0369,0.1202,0.164,0.2672,0.288,0.0477,0.2039,1.5123,68.7402,0.0498,0.2048,0.0855,0.0521,0.2661,0.4613,0.1403,0.1362,0.1576,0.0588,0.243,1.6419,0.7971,0.2683,0.6872,4.3938,71.0902,0.0661,0.1387
"Eagle Springs, NC",Sandhills Turf,23ZOFT,Zoys,2024-10-08,P001,6,0.0426,0.0777,0.0565,0.2698,0.1076,0.2051,0.2306,0.0562,0.1574,1.3736,58.2383,0.1054,0.1601,0.0697,0.0509,0.3063,0.4817,0.1602,0.1579,0.2019,0.3006,0.1564,1.3709,0.8089,0.2225,0.747,5.9066,72.6818,0.1224,0.1609
"Eagle Springs, NC",Sandhills Turf,23ZOFT,Zoys,2024-10-08,P002,4,0.0727,0.111,0.0818,0.2578,0.2254,0.2595,0.2432,0.0675,0.1515,1.357,69.4373,0.1123,0.1813,0.0873,0.0635,0.2554,0.4002,0.168,0.1166,0.1604,0.15,0.1579,1.3751,0.7261,0.2209,0.6418,3.5835,54.2654,0.0826,0.1656
"Eagle Springs, NC",Sandhills Turf,23ZOFT,Zoys,2024-10-08,P003,7,0.0531,0.093,0.0692,0.233,0.0955,0.1113,0.2184,0.0638,0.1469,1.3445,77.807,0.1734,0.1111,0.0827,0.0566,0.2838,0.4543,0.1211,0.146,0.1837,0.2365,0.187,1.4599,0.7784,0.2309,0.6921,4.4957,89.6161,0.1783,0.1898
"Eagle Springs, NC",Sandhills Turf,23ZOFT,Zoys,2024-10-08,P004,7,0.0395,0.0765,0.0556,0.1486,0.1128,0.1524,0.2252,0.058,0.158,1.3753,76.89,0.0891,0.1477,0.0821,0.0579,0.2791,0.4509,0.1272,0.211,0.1086,0.1911,0.1729,1.4179,0.7725,0.2353,0.692,4.4937,78.875,0.148,0.2033
"Eagle Springs, NC",Sandhills Turf,23ZOFT,Zoys,2024-10-08,P005,6,0.0657,0.0963,0.0688,0.1187,0.2021,0.1435,0.2769,0.0581,0.1666,1.3998,49.5859,0.117,0.1433,0.0815,0.0581,0.2777,0.4427,0.2075,0.1249,0.2828,0.1336,0.1676,1.4027,0.768,0.2289,0.6891,4.4326,62.4897,0.1471,0.0727
"Eagle Springs, NC",Sandhills Turf,23ZOFT,Zoys,2024-10-08,P006,5,0.0567,0.1016,0.0736,0.0743,0.1597,0.1545,0.2363,0.0729,0.1599,1.3806,59.423,0.1528,0.1873,0.1,0.0735,0.2161,0.3514,0.204,0.1761,0.3256,0.1224,0.1527,1.3604,0.654,0.2383,0.5569,2.5141,72.8659,0.1157,0.0755
"Eagle Springs, NC",Sandhills Turf,23ZOFT,Zoys,2024-10-08,P007,3,0.0821,0.1152,0.0909,0.2132,0.1842,0.2033,0.1962,0.0575,0.1181,1.2677,48.841,0.0615,0.2203,0.0882,0.0637,0.2543,0.3959,0.2061,0.1891,0.2158,0.1758,0.1609,1.3836,0.7227,0.2178,0.6358,3.4908,65.576,0.1563,0.1718
"Eagle Springs, NC",Sandhills Turf,23ZOFT,Zoys,2024-10-08,P008,5,0.0523,0.0741,0.0582,0.1324,0.1712,0.2235,0.1988,0.0377,0.1202,1.2732,74.1406,0.106,0.1729,0.0824,0.0604,0.268,0.424,0.1584,0.1577,0.3027,0.2321,0.1539,1.3639,0.7505,0.2254,0.6744,4.1429,74.7366,0.1789,0.1987
"Eagle Springs, NC",Sandhills Turf,23ZOFT,Zoys,2024-10-08,P009,6,0.056,0.0911,0.0649,0.2616,0.1846,0.1192,0.2618,0.0614,0.168,1.4037,66.0643,0.0948,0.0978,0.0833,0.0568,0.2829,0.4524,0.0783,0.1986,0.095,0.1921,0.1885,1.4647,0.7767,0.2305,0.6891,4.4335,80.9243,0.122,0.1415
"Eagle Springs, NC",Sandhills Turf,23ZOFT,Zoys,2024-10-08,P010,7,0.0556,0.0898,0.0613,0.1489,0.1954,0.2199,0.2978,0.0626,0.1883,1.4639,72.3444,0.0817,0.19,0.0813,0.0567,0.2835,0.4541,0.0988,0.1576,0.1425,0.1921,0.1782,1.4337,0.7779,0.2313,0.6963,4.5844,81.2957,0.1375,0.1465
"Eagle Springs, NC",Sandhills Turf,23ZOFT,Zoys,2024-10-08,P011,7,0.0512,0.0814,0.0575,0.1227,0.1092,0.1724,0.2722,0.0542,0.172,1.4153,60.9721,0.0981,0.1299,0.0802,0.0548,0.2912,0.467,0.1783,0.1982,0.1979,0.1416,0.1881,1.4634,0.7899,0.232,0.7068,4.8215,77.0445,0.1303,0.1295
"Eagle Springs, NC",Sandhills Turf,23ZOFT,Zoys,2024-10-08,P012,4,0.0662,0.1017,0.0707,0.1337,0.1511,0.2071,0.292,0.0666,0.1799,1.4389,46.0096,0.1524,0.1326,0.0848,0.0655,0.2473,0.3885,0.1637,0.2278,0.1682,0.1892,0.1285,1.2948,0.7113,0.222,0.6415,3.5785,83.5946,0.1692,0.1297
"Eagle Springs, NC",Sandhills Turf,23ZOFT,Zoys,2024-10-08,P013,6,0.0645,0.0911,0.0673,0.149,0.1829,0.143,0.2539,0.0505,0.1506,1.3545,71.9678,0.1173,0.2282,0.0894,0.0654,0.249,0.4033,0.056,0.1772,0.2015,0.0788,0.1553,1.3676,0.7211,0.2367,0.6372,3.5124,67.358,0.1231,0.1895
"Eagle Springs, NC",Sandhills Turf,23ZOFT,Zoys,2024-10-08,P014,3,0.0468,0.0756,0.0545,0.1593,0.1614,0.1971,0.253,0.0499,0.162,1.3866,75.7442,0.0596,0.1472,0.1049,0.0793,0.1922,0.309,0.1958,0.1339,0.2544,0.193,0.1389,1.3225,0.5914,0.233,0.493,1.9445,54.3962,0.0837,0.226
"Eagle Springs, NC",Sandhills Turf,23ZOFT,Zoys,2024-10-08,P015,4,0.058,0.1001,0.0696,0.25,0.1206,0.1512,0.2732,0.0726,0.1798,1.4384,57.5794,0.0756,0.1539,0.1086,0.0804,0.1883,0.3057,0.1197,0.1795,0.2175,0.211,0.1495,1.3515,0.5836,0.2378,0.4756,1.8138,57.0399,0.1181,0.1621
"Eagle Springs, NC",Sandhills Turf,23ZOFT,Zoys,2024-10-08,P016,5,0.0367,0.0705,0.0473,0.1753,0.174,0.1766,0.2863,0.057,0.1971,1.4909,63.6595,0.1636,0.1772,0.0946,0.0684,0.2364,0.3809,0.2004,0.1647,0.2144,0.2042,0.1605,1.3824,0.6954,0.234,0.6021,3.0269,67.8241,0.1182,0.1943
"Eagle Springs, NC",Sandhills Turf,23ZOFT,Zoys,2024-10-08,P017,8,0.0588,0.0926,0.0662,0.1523,0.1479,0.2544,0.2636,0.0602,0.1661,1.3983,98.2709,0.1547,0.1683,0.0846,0.0622,0.2622,0.4306,0.1783,0.0968,0.1829,0.101,0.1527,1.3606,0.7476,0.2431,0.6715,4.0887,57.5166,0.0819,0.1461
"Eagle Springs, NC",Sandhills Turf,23ZOFT,Zoys,2024-10-08,P018,8,0.044,0.0916,0.0592,0.1157,0.1807,0.0821,0.3025,0.0799,0.2143,1.5454,67.0395,0.1529,0.1117,0.0865,0.0613,0.2658,0.4347,0.0801,0.1508,0.1821,0.2026,0.1705,1.4111,0.7529,0.2411,0.6682,4.0285,78.8682,0.1205,0.1027
"Eagle Springs, NC",Sandhills Turf,23ZOFT,Zoys,2024-10-08,P019,2,0.0675,0.0982,0.0769,0.1774,0.2105,0.2331,0.1987,0.0521,0.1221,1.2782,57.0095,0.095,0.1378,0.073,0.0525,0.2984,0.4526,0.2252,0.1892,0.1497,0.151,0.1633,1.3904,0.7921,0.2053,0.7222,5.2005,59.6714,0.0493,0.1696
"Eagle Springs, NC",Sandhills Turf,23ZOFT,Zoys,2024-10-08,P020,2,0.0666,0.0976,0.0757,0.2383,0.1824,0.1116,0.2055,0.053,0.1266,1.2899,71.9119,0.0208,0.1364,0.1121,0.0836,0.175,0.2791,0.1542,0.2608,0.1838,0.2306,0.146,1.342,0.5392,0.2293,0.4268,1.489,83.0199,0.0425,0.1253
"Eagle Springs, NC",Sandhills Turf,23ZOFT,Zoys,2024-10-08,P021,7,0.0478,0.0812,0.0611,0.2112,0.2271,0.0814,0.2129,0.0535,0.1414,1.3294,77.6164,0.1589,0.1599,0.0851,0.0594,0.2732,0.4417,0.1326,0.2236,0.1838,0.1727,0.1782,1.4336,0.7631,0.2358,0.6769,4.1909,82.4249,0.0748,0.1075
"Eagle Springs, NC",Sandhills Turf,23ZOFT,Zoys,2024-10-08,P022,4,0.0706,0.1069,0.0832,0.1346,0.1462,0.1779,0.1987,0.06,0.1249,1.2854,63.5433,0.0821,0.1545,0.0836,0.0575,0.2794,0.4359,0.2774,0.2152,0.2184,0.239,0.1852,1.4545,0.7669,0.2187,0.6781,4.2125,55.6653,0.0738,0.2043
"Eagle Springs, NC",Sandhills Turf,23ZOFT,Zoys,2024-10-08,P023,4,0.0658,0.1113,0.0822,0.18,0.1111,0.146,0.2279,0.0746,0.1504,1.354,67.8218,0.1006,0.2153,0.0938,0.0727,0.2188,0.351,0.0945,0.1279,0.1529,0.1761,0.1262,1.2888,0.6567,0.232,0.5784,2.7444,46.5368,0.1455,0.1385
"Eagle Springs, NC",Sandhills Turf,23ZOFT,Zoys,2024-10-08,P024,5,0.0364,0.0631,0.0448,0.1461,0.1839,0.1456,0.2558,0.0449,0.1694,1.4078,75.7779,0.1031,0.1654,0.0768,0.0559,0.2862,0.4513,0.2101,0.2416,0.1294,0.2355,0.1579,1.3751,0.7796,0.2237,0.709,4.8721,64.8035,0.1014,0.1606
"Eagle Springs, NC",Sandhills Turf,23ZOFT,Zoys,2024-10-08,P025,5,0.0499,0.0875,0.0616,0.2247,0.1612,0.2511,0.2615,0.0636,0.1741,1.4216,69.0146,0.1212,0.1422,0.0808,0.0562,0.2848,0.4467,0.2259,0.1414,0.1838,0.3002,0.1793,1.4369,0.7765,0.2213,0.6938,4.531,53.9785,0.1526,0.1726
"Eagle Springs, NC",Sandhills Turf,23ZOFT,Zoys,2024-10-08,P026,6,0.0502,0.0842,0.0653,0.126,0.1224,0.2225,0.1906,0.053,0.1266,1.29,72.9664,0.1295,0.1393,0.0921,0.066,0.2465,0.3988,0.1298,0.2279,0.137,0.1123,0.1656,1.397,0.7161,0.236,0.6246,3.3278,76.7629,0.106,0.153
"Eagle Springs, NC",Sandhills Turf,23ZOFT,Zoys,2024-10-08,P027,4,0.0595,0.0944,0.0748,0.1907,0.1717,0.1391,0.1795,0.0546,0.1163,1.2633,70.5245,0.1263,0.1289,0.0805,0.0592,0.2727,0.4253,0.1925,0.167,0.11,0.2056,0.1525,1.36,0.7558,0.2187,0.6818,4.2863,67.5455,0.1192,0.1777
"Eagle Springs, NC",Sandhills Turf,23ZOFT,Zoys,2024-10-08,P028,4,0.0626,0.102,0.0813,0.0863,0.2084,0.3222,0.1707,0.06,0.1125,1.2534,65.407,0.0897,0.1697,0.0874,0.0585,0.2752,0.4292,0.1512,0.1761,0.2358,0.2365,0.1976,1.4926,0.76,0.2186,0.6618,3.9137,65.1342,0.0312,0.1186
"Eagle Springs, NC",Sandhills Turf,23ZOFT,Zoys,2024-10-08,P029,5,0.0678,0.105,0.0739,0.1976,0.3282,0.0843,0.2804,0.0684,0.1742,1.4218,67.756,0.1351,0.162,0.0679,0.0493,0.3125,0.4892,0.1185,0.1397,0.2812,0.1327,0.1587,1.3771,0.8169,0.2203,0.7563,6.2073,79.8859,0.068,0.107
"Eagle Springs, NC",Sandhills Turf,23ZOFT,Zoys,2024-10-08,P030,6,0.0543,0.0884,0.0657,0.1733,0.1075,0.1039,0.2272,0.0567,0.1471,1.345,84.3065,0.1456,0.1746,0.1046,0.0766,0.2042,0.3389,0.1377,0.2279,0.2245,0.2217,0.1543,1.3648,0.6312,0.2481,0.5284,2.2412,64.3451,0.077,0.0361
"Eagle Springs, NC",Sandhills Turf,23ZOFT,Zoys,2024-10-08,P031,2,0.0553,0.0998,0.068,0.2682,0.1645,0.212,0.2831,0.0763,0.1898,1.4684,62.7815,0.0614,0.1922,0.094,0.0672,0.2401,0.371,0.2405,0.2283,0.1344,0.1955,0.1665,1.3994,0.6934,0.2142,0.5957,2.9466,40.9589,0.1104,0.1275
"Eagle Springs, NC",Sandhills Turf,23ZOFT,Zoys,2024-10-08,P032,5,0.053,0.085,0.0581,0.1411,0.2008,0.1295,0.2979,0.0589,0.1876,1.4619,77.8075,0.1268,0.1233,0.0858,0.0638,0.2545,0.4032,0.124,0.1657,0.1685,0.1972,0.1473,1.3454,0.7268,0.2261,0.649,3.6978,75.365,0.1235,0.1776
"Eagle Springs, NC",Sandhills Turf,23ZOFT,Zoys,2024-10-08,P033,6,0.0611,0.0956,0.0663,0.2666,0.2052,0.1248,0.2901,0.0638,0.1807,1.441,71.3567,0.1087,0.1378,0.0936,0.0639,0.2547,0.4115,0.0687,0.1752,0.1933,0.2135,0.1887,1.4652,0.7311,0.2354,0.6293,3.3946,65.1339,0.0974,0.1354
"Eagle Springs, NC",Sandhills Turf,23ZOFT,Zoys,2024-10-08,P034,5,0.046,0.0767,0.0549,0.0694,0.1169,0.1582,0.2556,0.0526,0.1662,1.3986,61.6023,0.1482,0.1737,0.0656,0.0457,0.3265,0.5062,0.1908,0.1619,0.2174,0.1374,0.1783,1.4339,0.8343,0.2158,0.7707,6.7209,78.2921,0.1474,0.1059
"Eagle Springs, NC",Sandhills Turf,23ZOFT,Zoys,2024-10-08,P035,2,0.0703,0.1066,0.0864,0.1946,0.2066,0.1973,0.1648,0.0565,0.1047,1.2339,60.3828,0.0575,0.1255,0.0967,0.0751,0.2085,0.3238,0.2313,0.1123,0.2407,0.1792,0.1258,1.2879,0.6235,0.2166,0.5401,2.3484,65.9657,0.1003,0.0649
"Eagle Springs, NC",Sandhills Turf,23ZOFT,Zoys,2024-10-08,P036,6,0.0571,0.0963,0.0674,0.1152,0.0811,0.0945,0.2704,0.068,0.176,1.4273,65.4137,0.1067,0.1952,0.0946,0.0689,0.2347,0.3805,0.1363,0.1506,0.1346,0.2049,0.1572,1.3732,0.6934,0.237,0.6018,3.0224,56.4385,0.0806,0.1131
"Eagle Springs, NC",Sandhills Turf,23ZOFT,Zoys,2024-10-08,P037,3,0.0727,0.1058,0.0797,0.1809,0.1271,0.2241,0.2314,0.0593,0.1408,1.3277,53.6808,0.1179,0.1529,0.0985,0.0693,0.2322,0.3656,0.1694,0.2511,0.2073,0.172,0.1742,1.4219,0.6814,0.2231,0.5755,2.7111,79.6867,0.0984,0.1049
"Eagle Springs, NC",Sandhills Turf,23ZOFT,Zoys,2024-10-08,P038,5,0.0573,0.0967,0.0718,0.2192,0.2393,0.2525,0.2235,0.0643,0.1476,1.3463,72.7655,0.1046,0.1159,0.0823,0.0572,0.2812,0.4445,0.185,0.1704,0.2223,0.2835,0.1806,1.4407,0.7721,0.225,0.6874,4.3977,82.5463,0.0453,0.1967
"Eagle Springs, NC",Sandhills Turf,23ZOFT,Zoys,2024-10-08,P039,5,0.0634,0.1032,0.077,0.1609,0.0958,0.2115,0.2244,0.0661,0.1455,1.3406,69.8721,0.1199,0.1287,0.0778,0.0593,0.2728,0.4322,0.121,0.2424,0.128,0.1607,0.1351,1.3124,0.7588,0.2262,0.6949,4.5562,58.2338,0.1761,0.1774
"Eagle Springs, NC",Sandhills Turf,23ZOFT,Zoys,2024-10-08,P040,5,0.0489,0.085,0.0602,0.14,0.0569,0.1953,0.2578,0.0609,0.1709,1.4124,68.2813,0.047,0.1875,0.096,0.0698,0.2307,0.3709,0.1538,0.192,0.1434,0.0814,0.1578,1.3748,0.6831,0.2331,0.5888,2.8636,79.9963,0.1021,0.138
"Eagle Springs, NC",Sandhills Turf,23ZOFT,Zoys,2024-10-08,P041,3,0.0757,0.1125,0.0851,0.1084,0.2279,0.222,0.2248,0.0642,0.1386,1.3219,40.9718,0.0472,0.0797,0.0965,0.0728,0.2182,0.3433,0.1722,0.2018,0.1381,0.2453,0.1402,1.3262,0.6502,0.2229,0.5611,2.5571,69.4005,0.0982,0.0804
"Eagle Springs, NC",Sandhills Turf,23ZOFT,Zoys,2024-10-08,P042,5,0.0478,0.0824,0.057,0.1783,0.1761,0.2255,0.2779,0.06,0.1826,1.4467,70.6399,0.0744,0.2488,0.098,0.0704,0.2287,0.3705,0.145,0.1404,0.1646,0.1251,0.1642,1.3929,0.6808,0.2367,0.5816,2.78,63.8441,0.1628,0.1811
"Eagle Springs, NC",Sandhills Turf,23ZOFT,Zoys,2024-10-08,P043,4,0.0652,0.0964,0.0742,0.1332,0.2214,0.1907,0.2107,0.0534,0.1302,1.2993,52.8183,0.087,0.1225,0.0985,0.0725,0.2197,0.3494,0.1592,0.2293,0.1695,0.1763,0.152,1.3586,0.6564,0.2279,0.5603,2.5485,70.7384,0.1149,0.1536
"Eagle Springs, NC",Sandhills Turf,23ZOFT,Zoys,2024-10-08,P044,3,0.048,0.0913,0.0638,0.1977,0.1802,0.1304,0.2566,0.0707,0.1772,1.4306,70.348,0.1069,0.1787,0.1124,0.0859,0.1659,0.2698,0.1151,0.1502,0.2108,0.173,0.1336,1.3085,0.5169,0.2383,0.4117,1.3999,51.3556,0.0972,0.1451
"Eagle Springs, NC",Sandhills Turf,23ZOFT,Zoys,2024-10-08,P045,4,0.0596,0.0914,0.071,0.1025,0.1512,0.2124,0.198,0.0522,0.1254,1.2866,79.1396,0.0937,0.1351,0.0933,0.0679,0.238,0.3753,0.2477,0.2232,0.197,0.157,0.1576,1.3742,0.6937,0.2239,0.602,3.0245,59.9326,0.1277,0.175
"Eagle Springs, NC",Sandhills Turf,23ZOFT,Zoys,2024-10-08,P046,3,0.0486,0.0851,0.0592,0.1494,0.1169,0.1576,0.271,0.0624,0.1797,1.4383,56.8892,0.0951,0.1658,0.0903,0.0678,0.2381,0.3725,0.1797,0.1061,0.1785,0.2221,0.1424,1.3322,0.6921,0.2202,0.6097,3.1248,45.4626,0.092,0.1016
"Eagle Springs, NC",Sandhills Turf,23ZOFT,Zoys,2024-10-08,P047,6,0.0415,0.0837,0.0578,0.1286,0.154,0.1769,0.2594,0.0681,0.1832,1.4487,78.7864,0.0718,0.1917,0.0959,0.0664,0.2447,0.3964,0.1357,0.2271,0.1581,0.1322,0.1818,1.4444,0.713,0.2367,0.6103,3.1321,84.1091,0.1347,0.1756
"Eagle Springs, NC",Sandhills Turf,23ZOFT,Zoys,2024-10-08,P048,5,0.0331,0.0812,0.0515,0.3056,0.1205,0.1177,0.2978,0.0778,0.2236,1.5761,69.9966,0.0951,0.2028,0.1019,0.0744,0.2122,0.343,0.1171,0.2587,0.1781,0.1995,0.1558,1.369,0.6434,0.2356,0.5419,2.366,62.7393,0.1156,0.1453
"Raleigh, NC",Turf Field Lab,23SAUG,StAug,2024-05-01,P001,7,0.0569,0.0889,0.0672,0.1873,0.1518,0.0912,0.2185,0.0536,0.1389,1.3225,73.6688,0.1367,0.1305,0.0656,0.0511,0.3392,0.5023,0.2023,0.1233,0.2924,0.1964,0.1241,1.2834,0.8154,0.1939,0.7691,6.6605,74.0003,0.1775,0.1794
"Raleigh, NC",Turf Field Lab,23SAUG,StAug,2024-05-01,P002,7,0.0662,0.1052,0.0756,0.2396,0.1552,0.2396,0.2583,0.0686,0.1637,1.3914,52.6348,0.0913,0.1739,0.0825,0.0608,0.2727,0.4323,0.223,0.1524,0.1756,0.1092,0.1511,1.3559,0.7533,0.2264,0.6795,4.241,63.0538,0.0976,0.1148
"Raleigh, NC",Turf Field Lab,23SAUG,StAug,2024-05-01,P003,5,0.0738,0.1095,0.0842,0.1461,0.1142,0.1397,0.2115,0.061,0.1308,1.3011,55.2331,0.1257,0.2231,0.0779,0.0605,0.2963,0.4246,0.1018,0.2001,0.2644,0.3116,0.1259,1.288,0.7506,0.178,0.6899,4.4493,51.0607,0.1635,0.1508
"Raleigh, NC",Turf Field Lab,23SAUG,StAug,2024-05-01,P004,7,0.0618,0.0924,0.0718,0.1173,0.2062,0.1022,0.2012,0.0512,0.1255,1.287,61.3595,0.0999,0.141,0.0833,0.0658,0.2762,0.4244,0.1189,0.2015,0.1053,0.1514,0.1176,1.2665,0.7315,0.2115,0.6717,4.0921,46.1841,0.1024,0.0701
"Raleigh, NC",Turf Field Lab,23SAUG,StAug,2024-05-01,P005,7,0.0703,0.1117,0.0799,0.2109,0.232,0.0919,0.2627,0.0733,0.1663,1.3989,71.6781,0.1058,0.1297,0.0978,0.0647,0.2544,0.3983,0.1439,0.1439,0.1444,0.1661,0.2034,1.5106,0.7204,0.2206,0.6058,3.0736,71.968,0.1172,0.139
"Raleigh, NC",Turf Field Lab,23SAUG,StAug,2024-05-01,P006,7,0.0664,0.1072,0.076,0.138,0.2359,0.1472,0.2666,0.0718,0.1699,1.4093,66.3135,0.0601,0.2332,0.0911,0.0659,0.2711,0.4241,0.1755,0.1157,0.163,0.1397,0.1607,1.3829,0.7311,0.2201,0.6463,3.6546,57.4948,0.1377,0.1347
"Raleigh, NC",Turf Field Lab,23SAUG,StAug,2024-05-01,P007,6,0.0562,0.0835,0.0669,0.1828,0.1029,0.1281,0.1765,0.0439,0.1105,1.2485,55.5543,0.1078,0.2081,0.0903,0.0686,0.2555,0.3854,0.2794,0.0951,0.176,0.1977,0.1365,1.3161,0.6979,0.2028,0.6205,3.2703,59.5894,0.158,0.0639
"Raleigh, NC",Turf Field Lab,23SAUG,StAug,2024-05-01,P008,7,0.0503,0.0859,0.0607,0.1697,0.213,0.1231,0.2619,0.0607,0.172,1.4154,70.2503,0.0719,0.1151,0.0789,0.0668,0.2625,0.412,0.2025,0.1343,0.1419,0.1536,0.0829,1.1808,0.7209,0.2217,0.6786,4.2223,63.3675,0.0643,0.1849
"Raleigh, NC",Turf Field Lab,23SAUG,StAug,2024-05-01,P009,7,0.0497,0.0822,0.06,0.1878,0.1064,0.0919,0.2396,0.0547,0.1559,1.3694,63.3953,0.0775,0.1804,0.0882,0.0662,0.2547,0.4023,0.2069,0.248,0.1408,0.2321,0.1426,1.3326,0.7173,0.2246,0.6402,3.5592,98.6744,0.0786,0.1389
"Raleigh, NC",Turf Field Lab,23SAUG,StAug,2024-05-01,P010,6,0.0614,0.0935,0.0722,0.1775,0.0984,0.21,0.2044,0.0534,0.1286,1.2951,52.5103,0.1281,0.0738,0.0905,0.0734,0.2472,0.3657,0.1558,0.1209,0.2511,0.2131,0.1045,1.2334,0.6656,0.1932,0.603,3.0384,61.6593,0.1618,0.1229
"Raleigh, NC",Turf Field Lab,23SAUG,StAug,2024-05-01,P011,6,0.0637,0.0995,0.0739,0.2555,0.2486,0.2336,0.2327,0.0613,0.1472,1.3451,62.6188,0.0987,0.1437,0.1055,0.0815,0.1969,0.3146,0.1675,0.1597,0.2397,0.101,0.1279,1.2933,0.5883,0.2301,0.4979,1.9831,61.2748,0.0799,0.1128
"Raleigh, NC",Turf Field Lab,23SAUG,StAug,2024-05-01,P012,6,0.0662,0.0958,0.0765,0.1669,0.2548,0.1811,0.1816,0.0489,0.1118,1.2519,64.3586,0.0784,0.1291,0.0838,0.0654,0.269,0.4001,0.2324,0.1645,0.2426,0.17,0.1234,1.2815,0.719,0.1959,0.6535,3.7727,56.2758,0.1182,0.1085
"Raleigh, NC",Turf Field Lab,23SAUG,StAug,2024-05-01,P013,8,0.0442,0.0802,0.0543,0.1031,0.0902,0.0478,0.2863,0.0618,0.1922,1.4757,87.0625,0.1057,0.1739,0.0925,0.0676,0.2351,0.3925,0.1494,0.0849,0.19,0.1673,0.1554,1.3679,0.706,0.2508,0.6185,3.2421,64.3366,0.1649,0.1622
"Raleigh, NC",Turf Field Lab,23SAUG,StAug,2024-05-01,P014,7,0.0626,0.0964,0.0723,0.2135,0.1413,0.1984,0.2278,0.058,0.1433,1.3344,62.3781,0.1291,0.1655,0.0933,0.066,0.2573,0.4092,0.126,0.1704,0.2112,0.1092,0.1716,1.4143,0.7223,0.2279,0.6286,3.3857,78.3414,0.1038,0.2261
"Raleigh, NC",Turf Field Lab,23SAUG,StAug,2024-05-01,P015,9,0.047,0.0846,0.0563,0.148,0.1527,0.2305,0.3021,0.066,0.2013,1.5041,70.9298,0.1242,0.1945,0.0704,0.0444,0.3276,0.5312,0.2071,0.217,0.1548,0.0619,0.2259,1.5836,0.8456,0.2371,0.7661,6.5507,56.4549,0.0546,0.1747
"Raleigh, NC",Turf Field Lab,23SAUG,StAug,2024-05-01,P016,7,0.0616,0.0975,0.0717,0.1915,0.1515,0.1664,0.2393,0.0617,0.1523,1.3592,70.2093,0.1221,0.2152,0.1251,0.0855,0.1403,0.247,0.2093,0.1839,0.2488,0.232,0.1882,1.4637,0.4858,0.2754,0.3275,0.9741,70.5713,0.1691,0.1758
"Raleigh, NC",Turf Field Lab,23SAUG,StAug,2024-05-01,P017,6,0.0567,0.0887,0.0674,0.163,0.2067,0.1508,0.2148,0.0533,0.1367,1.3167,52.0348,0.1602,0.1277,0.0962,0.075,0.2099,0.3276,0.2846,0.0848,0.1904,0.279,0.1239,1.2829,0.6275,0.2189,0.546,2.4051,46.1736,0.1404,0.1592
"Raleigh, NC",Turf Field Lab,23SAUG,StAug,2024-05-01,P018,9,0.0507,0.0859,0.06,0.1775,0.0376,0.1659,0.2728,0.0612,0.1781,1.4333,67.2238,0.137,0.1847,0.0874,0.0592,0.2167,0.3843,0.1356,0.0353,0.0632,0.1794,0.192,1.4752,0.7329,0.2788,0.6295,3.3981,88.582,0.0774,0.1429
"Raleigh, NC",Turf Field Lab,23SAUG,StAug,2024-05-01,P019,6,0.0687,0.1032,0.0791,0.1862,0.1792,0.2299,0.2122,0.0587,0.1323,1.3049,47.436,0.1795,0.1007,0.1218,0.0843,0.1801,0.2807,0.142,0.1674,0.1673,0.1513,0.1818,1.4444,0.5379,0.2182,0.3947,1.3043,59.1956,0.0668,0.144
"Raleigh, NC",Turf Field Lab,23SAUG,StAug,2024-05-01,P020,8,0.0555,0.0924,0.0649,0.1897,0.0913,0.2216,0.2705,0.0645,0.1751,1.4246,68.0021,0.1294,0.1484,0.0712,0.0528,0.2957,0.4753,0.2296,0.074,0.1468,0.1848,0.1488,1.3496,0.8001,0.233,0.7393,5.6714,88.3945,0.1245,0.1775
"Raleigh, NC",Turf Field Lab,23SAUG,StAug,2024-05-01,P021,8,0.0374,0.0718,0.0475,0.173,0.217,0.2563,0.2963,0.0586,0.2034,1.5105,65.2578,0.0659,0.1259,0.0982,0.0658,0.2283,0.3922,0.1766,0.1455,0.1318,0.0952,0.1976,1.4926,0.7126,0.2642,0.5994,2.9927,88.4253,0.1173,0.1735
"Raleigh, NC",Turf Field Lab,23SAUG,StAug,2024-05-01,P022,9,0.0423,0.0811,0.0517,0.1422,0.1509,0.2208,0.3238,0.0681,0.2207,1.5664,57.5098,0.1075,0.1064,0.0724,0.0468,0.3002,0.496,0.1274,0.1498,0.2454,0.1496,0.2147,1.5469,0.8277,0.2459,0.7454,5.8553,71.7712,0.0765,0.1736
"Raleigh, NC",Turf Field Lab,23SAUG,StAug,2024-05-01,P023,7,0.0452,0.0745,0.0557,0.2323,0.1631,0.1483,0.2204,0.048,0.1439,1.3361,73.9037,0.1151,0.1453,0.0892,0.0646,0.2451,0.3915,0.2259,0.271,0.2048,0.1092,0.1601,1.3813,0.7167,0.2301,0.6288,3.3876,62.9765,0.1735,0.1825
"Raleigh, NC",Turf Field Lab,23SAUG,StAug,2024-05-01,P024,9,0.0418,0.082,0.051,0.1103,0.1064,0.1288,0.3395,0.0711,0.2327,1.6065,86.6576,0.0651,0.1876,0.08,0.0526,0.2653,0.4608,0.1973,0.1552,0.1373,0.1956,0.2071,1.5223,0.7952,0.2693,0.7041,4.7584,93.2077,0.1552,0.1482
"Raleigh, NC",Turf Field Lab,23SAUG,StAug,2024-05-01,P025,6,0.0851,0.1251,0.0949,0.1747,0.2118,0.2146,0.2239,0.0702,0.1373,1.3182,62.371,0.0934,0.146,0.1062,0.082,0.2111,0.3179,0.1873,0.1955,0.236,0.2009,0.1285,1.2949,0.5897,0.2019,0.499,1.9922,47.34,0.1847,0.1605
"Raleigh, NC",Turf Field Lab,23SAUG,StAug,2024-05-01,P026,9,0.045,0.08,0.0544,0.2796,0.1259,0.1422,0.2865,0.0606,0.1905,1.4708,100,0.0321,0.1012,0.0939,0.0589,0.2487,0.4296,0.1968,0.0255,0.2444,0.2359,0.2292,1.5947,0.759,0.2668,0.6414,3.5773,73.6698,0.112,0.1717
"Raleigh, NC",Turf Field Lab,23SAUG,StAug,2024-05-01,P027,6,0.0662,0.1078,0.0763,0.1492,0.3333,0.2058,0.2673,0.073,0.1712,1.413,59.7058,0.1545,0.1465,0.0934,0.0699,0.2586,0.3948,0.1518,0.1095,0.1749,0.154,0.144,1.3364,0.6993,0.2084,0.6174,3.2278,54.4579,0.1687,0.1508
"Raleigh, NC",Turf Field Lab,23SAUG,StAug,2024-05-01,P028,7,0.0609,0.0966,0.0709,0.1987,0.0912,0.2177,0.2406,0.0613,0.1532,1.3618,58.883,0.0896,0.2087,0.084,0.0599,0.2869,0.4382,0.1526,0.2026,0.2413,0.1514,0.1676,1.4027,0.7595,0.2087,0.6783,4.2167,68.6743,0.0299,0.1714
"Raleigh, NC",Turf Field Lab,23SAUG,StAug,2024-05-01,P029,7,0.0639,0.0991,0.0738,0.1798,0.1423,0.1846,0.2325,0.0605,0.1465,1.3434,60.9223,0.1391,0.1018,0.0886,0.0646,0.2486,0.391,0.1751,0.1507,0.1078,0.126,0.1565,1.371,0.7163,0.2226,0.6305,3.413,49.6398,0.13,0.198
"Raleigh, NC",Turf Field Lab,23SAUG,StAug,2024-05-01,P030,7,0.063,0.0943,0.073,0.1875,0.1847,0.0944,0.2045,0.0527,0.1275,1.2923,72.0666,0.0644,0.2086,0.0954,0.0742,0.2092,0.3369,0.1475,0.2188,0.1277,0.1486,0.125,1.2858,0.6389,0.2338,0.5585,2.5301,64.9139,0.1307,0.1612
"Raleigh, NC",Turf Field Lab,23SAUG,StAug,2024-05-01,P031,8,0.0504,0.0852,0.0603,0.2234,0.1766,0.1583,0.2626,0.0598,0.1716,1.4144,68.7371,0.1304,0.1442,0.107,0.0675,0.1919,0.3365,0.1186,0.1085,0.1367,0.1643,0.2261,1.5842,0.6656,0.2736,0.5174,2.1446,67.9761,0.1414,0.1448
"Raleigh, NC",Turf Field Lab,23SAUG,StAug,2024-05-01,P032,8,0.0593,0.101,0.069,0.1437,0.2528,0.1659,0.2892,0.0736,0.1882,1.4636,75.9456,0.1499,0.1811,0.0881,0.0617,0.2627,0.421,0.1816,0.2004,0.2657,0.2252,0.176,1.4272,0.7442,0.2315,0.6538,3.7775,84.0024,0.0966,0.1451
"Raleigh, NC",Turf Field Lab,23SAUG,StAug,2024-05-01,P033,7,0.0686,0.1057,0.0785,0.1958,0.1952,0.1625,0.2353,0.0643,0.1477,1.3465,74.9455,0.1242,0.136,0.1028,0.0728,0.2253,0.3544,0.1324,0.1389,0.2576,0.2058,0.1714,1.4136,0.6593,0.2226,0.5501,2.4457,42.3503,0.0794,0.1827
"Raleigh, NC",Turf Field Lab,23SAUG,StAug,2024-05-01,P034,7,0.0547,0.0917,0.065,0.1259,0.1236,0.1715,0.2618,0.0637,0.1704,1.4107,69.9649,0.0766,0.1643,0.094,0.0713,0.2264,0.3621,0.1789,0.1544,0.2242,0.2008,0.1373,1.3183,0.6709,0.2307,0.5878,2.8517,67.3801,0.0619,0.1366
"Raleigh, NC",Turf Field Lab,23SAUG,StAug,2024-05-01,P035,9,0.0431,0.0785,0.0526,0.1885,0.046,0.1579,0.2939,0.0612,0.1973,1.4915,86.4345,0.084,0.2046,0.0809,0.0565,0.2816,0.4698,0.1905,0.2098,0.1218,0.2113,0.1774,1.4312,0.7853,0.2504,0.7063,4.8095,85.2465,0.0979,0.1521
"Raleigh, NC",Turf Field Lab,23SAUG,StAug,2024-05-01,P036,8,0.0597,0.0998,0.0693,0.1475,0.1081,0.226,0.2787,0.0706,0.1803,1.4399,75.9213,0.1647,0.1084,0.1095,0.0766,0.1803,0.3165,0.0823,0.2162,0.1272,0.209,0.1765,1.4285,0.6101,0.2741,0.486,1.8909,62.2114,0.1211,0.2232
"Raleigh, NC",Turf Field Lab,23SAUG,StAug,2024-05-01,P037,9,0.0458,0.0887,0.0554,0.1724,0.1868,0.1334,0.3392,0.0763,0.2314,1.6022,76.3397,0.1166,0.1598,0.0881,0.0572,0.2493,0.4228,0.2489,0.1874,0.1448,0.1354,0.2123,1.5391,0.7616,0.2581,0.6553,3.8014,63.0764,0.0483,0.1623
"Raleigh, NC",Turf Field Lab,23SAUG,StAug,2024-05-01,P038,7,0.0638,0.1041,0.0738,0.1652,0.2109,0.2583,0.2651,0.0706,0.1701,1.4099,78.1009,0.0913,0.1605,0.109,0.0832,0.1715,0.2862,0.2444,0.1469,0.2114,0.1639,0.1344,1.3105,0.5497,0.2507,0.4484,1.626,66.9508,0.0657,0.2151
"Raleigh, NC",Turf Field Lab,23SAUG,StAug,2024-05-01,P039,8,0.0449,0.0795,0.0547,0.0224,0.2015,0.0577,0.2774,0.0594,0.1846,1.4528,73.5687,0.1047,0.2066,0.0754,0.0531,0.2674,0.4405,0.2228,0.121,0.1165,0.1267,0.1739,1.4211,0.785,0.2446,0.7077,4.8425,70.9412,0.1021,0.2022
"Raleigh, NC",Turf Field Lab,23SAUG,StAug,2024-05-01,P040,7,0.0487,0.0846,0.0592,0.038,0.1654,0.372,0.2678,0.0614,0.1771,1.4305,62.7401,0.0789,0.1318,0.0913,0.0612,0.2672,0.4166,0.1949,0.1375,0.1795,0.208,0.1973,1.4917,0.7438,0.2185,0.6404,3.5622,63.5222,0.0859,0.1771
"Raleigh, NC",Turf Field Lab,23SAUG,StAug,2024-05-01,P041,8,0.0589,0.0905,0.0685,0.0305,0.1815,0.1316,0.2197,0.0536,0.1384,1.3211,75.3267,0.1048,0.1085,0.0904,0.065,0.2438,0.3981,0.2158,0.0856,0.1599,0.2477,0.1628,1.389,0.7191,0.2404,0.63,3.4058,59.3133,0.0395,0.2293
"Raleigh, NC",Turf Field Lab,23SAUG,StAug,2024-05-01,P042,5,0.0672,0.1053,0.0779,0.1858,0.1001,0.1462,0.2357,0.0654,0.1493,1.3509,55.8497,0.1523,0.2145,0.08,0.0718,0.2756,0.3946,0.1908,0.2465,0.1238,0.1528,0.0542,1.1146,0.6922,0.1777,0.6628,3.932,58.718,0.1469,0.1353
"Raleigh, NC",Turf Field Lab,23SAUG,StAug,2024-05-01,P043,8,0.0591,0.093,0.0688,0.2228,0.2178,0.0758,0.2359,0.0581,0.1497,1.3521,66.5831,0.102,0.1566,0.0839,0.0612,0.2816,0.4446,0.1498,0.2963,0.2138,0.2086,0.1568,1.3719,0.7581,0.2244,0.6825,4.2986,70.0147,0.0778,0.1323
"Raleigh, NC",Turf Field Lab,23SAUG,StAug,2024-05-01,P044,6,0.0715,0.1109,0.0818,0.2071,0.2016,0.2108,0.2395,0.0684,0.1506,1.3547,56.1506,0.211,0.1199,0.1162,0.0838,0.1865,0.288,0.2007,0.176,0.1897,0.1846,0.1622,1.3872,0.5492,0.2137,0.4248,1.4772,49.8706,0.0587,0.2327
"Raleigh, NC",Turf Field Lab,23SAUG,StAug,2024-05-01,P045,8,0.0518,0.0821,0.0616,0.1651,0.1694,0.1382,0.2239,0.0509,0.1432,1.3342,87.279,0.172,0.0938,0.1036,0.0664,0.214,0.3661,0.1969,0.1315,0.1972,0.2303,0.2185,1.5592,0.6929,0.2622,0.559,2.5351,63.7398,0.1644,0.1302
"Raleigh, NC",Turf Field Lab,23SAUG,StAug,2024-05-01,P046,8,0.0583,0.0945,0.0678,0.1179,0.1464,0.1795,0.2565,0.0629,0.1643,1.3933,77.25,0.1341,0.1641,0.0778,0.0579,0.2824,0.4512,0.215,0.217,0.1731,0.1655,0.1466,1.3437,0.7724,0.23,0.7057,4.7969,71.1802,0.1959,0.1405
"Raleigh, NC",Turf Field Lab,23SAUG,StAug,2024-05-01,P047,9,0.0437,0.079,0.0533,0.199,0.2,0.183,0.2908,0.061,0.1947,1.4835,62.8496,0.1032,0.205,0.0611,0.0427,0.3346,0.5361,0.1294,0.0642,0.1828,0.1528,0.1776,1.4318,0.8524,0.2314,0.7953,7.768,63.7395,0.1116,0.1637
"Raleigh, NC",Turf Field Lab,23SAUG,StAug,2024-05-01,P048,8,0.0559,0.0932,0.0653,0.2278,0.1708,0.1846,0.2727,0.0653,0.1765,1.4286,73.7691,0.1183,0.1276,0.0972,0.0645,0.2076,0.3643,0.1671,0.1782,0.1514,0.1885,0.2024,1.5074,0.6991,0.2739,0.5787,2.7467,79.7129,0.1503,0.1001
"Raleigh, NC",Turf Field Lab,23SAUG,StAug,2024-05-01,P049,7,0.0525,0.0837,0.063,0.215,0.2017,0.1342,0.2197,0.0519,0.1411,1.3285,64.0307,0.147,0.2063,0.0951,0.067,0.2319,0.3655,0.1886,0.1146,0.2653,0.1174,0.1733,1.4193,0.6901,0.2238,0.587,2.8431,58.0083,0.1406,0.1085
"Raleigh, NC",Turf Field Lab,23SAUG,StAug,2024-05-01,P050,8,0.0434,0.0757,0.0535,0.2034,0.0345,0.1679,0.259,0.0545,0.172,1.4154,85.0838,0.1206,0.1615,0.077,0.0556,0.2831,0.4554,0.1868,0.2199,0.1835,0.0947,0.1612,1.3844,0.7822,0.2333,0.7106,4.9119,67.4184,0.0332,0.1211
"Raleigh, NC",Turf Field Lab,23SAUG,StAug,2024-05-01,P051,7,0.0492,0.0781,0.0598,0.1418,0.1083,0.1154,0.207,0.0472,0.1331,1.307,68.7964,0.1011,0.1157,0.0763,0.0599,0.2933,0.4466,0.293,0.1711,0.2182,0.1645,0.1209,1.275,0.7636,0.2071,0.7081,4.8505,69.2025,0.078,0.148
"Raleigh, NC",Turf Field Lab,23SAUG,StAug,2024-05-01,P052,7,0.0607,0.0979,0.0709,0.1295,0.1408,0.1663,0.2502,0.0642,0.1602,1.3816,69.8533,0.028,0.1441,0.0833,0.0651,0.2975,0.4484,0.2051,0.0825,0.1068,0.1942,0.1227,1.2798,0.7465,0.2023,0.6867,4.383,69.7833,0.105,0.1404
"Raleigh, NC",Turf Field Lab,23SAUG,StAug,2024-05-01,P053,7,0.0591,0.0956,0.0694,0.1619,0.0966,0.1196,0.2474,0.0627,0.1588,1.3777,70.3613,0.0698,0.1026,0.0979,0.0726,0.214,0.3394,0.1626,0.1784,0.0848,0.162,0.1483,1.3484,0.6475,0.2267,0.5522,2.4664,55.9227,0.1118,0.0993
"Raleigh, NC",Turf Field Lab,23SAUG,StAug,2024-05-01,P054,5,0.0723,0.1077,0.0829,0.1853,0.15,0.1467,0.2099,0.0602,0.1303,1.2996,63.484,0.196,0.1504,0.1008,0.0769,0.2287,0.3335,0.047,0.2316,0.1699,0.1655,0.1347,1.3114,0.6253,0.1865,0.5357,2.3077,42.1912,0.1241,0.2033
"Raleigh, NC",Turf Field Lab,23SAUG,StAug,2024-05-01,P055,7,0.046,0.0843,0.0563,0.1443,0.1999,0.2271,0.2967,0.0664,0.1997,1.4989,81.4135,0.155,0.1276,0.1078,0.0748,0.1884,0.3252,0.148,0.1982,0.089,0.2668,0.1807,1.4411,0.6261,0.2664,0.5022,2.0177,52.2853,0.1372,0.211
"Raleigh, NC",Turf Field Lab,23SAUG,StAug,2024-05-01,P056,6,0.0568,0.087,0.0674,0.2583,0.2322,0.2542,0.2009,0.0498,0.127,1.2909,62.1039,0.1594,0.1892,0.0961,0.0756,0.2252,0.3487,0.1623,0.1286,0.1776,0.1878,0.1195,1.2713,0.6438,0.2152,0.568,2.6299,71.2924,0.0895,0.135
"Raleigh, NC",Turf Field Lab,23SAUG,StAug,2024-05-01,P057,8,0.0511,0.0829,0.061,0.2149,0.2676,0.1579,0.2351,0.0535,0.1516,1.3573,72.7422,0.1124,0.1759,0.0755,0.0526,0.3034,0.4755,0.1622,0.1339,0.1692,0.1924,0.1789,1.4357,0.8008,0.221,0.7259,5.2958,65.078,0.1303,0.1384
"Raleigh, NC",Turf Field Lab,23SAUG,StAug,2024-05-01,P058,5,0.0726,0.1031,0.0832,0.148,0.1174,0.1402,0.175,0.0503,0.1067,1.2389,82.2706,0.1065,0.1294,0.0791,0.0623,0.2908,0.4127,0.1682,0.1538,0.2162,0.1646,0.1188,1.2697,0.7377,0.1733,0.6783,4.2167,68.4912,0.1353,0.1474
"Raleigh, NC",Turf Field Lab,23SAUG,StAug,2024-05-01,P059,7,0.0602,0.0991,0.07,0.2229,0.1673,0.1492,0.267,0.0681,0.172,1.4156,51.4316,0.0931,0.2148,0.1012,0.0743,0.2193,0.3579,0.1908,0.2467,0.1636,0.1429,0.1533,1.3622,0.6561,0.2402,0.559,2.5356,71.178,0.0833,0.0751
"Raleigh, NC",Turf Field Lab,23SAUG,StAug,2024-05-01,P060,7,0.0494,0.0843,0.0599,0.1274,0.2642,0.2406,0.2572,0.0593,0.1691,1.4071,59.4515,0.1338,0.2088,0.0885,0.0612,0.2763,0.4257,0.2139,0.2142,0.2531,0.2143,0.1826,1.4467,0.7488,0.2128,0.6558,3.8113,58.2147,0.1503,0.1045
"Raleigh, NC",Turf Field Lab,23SAUG,StAug,2024-06-05,P001,8,0.0563,0.0889,0.0659,0.2049,0.1763,0.1684,0.2333,0.0556,0.1485,1.3488,65.1389,0.1482,0.1823,0.1024,0.0696,0.2108,0.3588,0.2706,0.2499,0.1516,0.1368,0.1908,1.4715,0.6753,0.2599,0.5561,2.5057,68.8225,0.1011,0.1219
"Raleigh, NC",Turf Field Lab,23SAUG,StAug,2024-06-05,P002,7,0.0436,0.0756,0.0543,0.2002,0.1989,0.2126,0.2465,0.0533,0.1638,1.3919,54.1239,0.1133,0.1169,0.0795,0.0586,0.2835,0.4358,0.1802,0.2199,0.1767,0.1419,0.1514,1.3567,0.7629,0.2117,0.6914,4.4817,60.2851,0.1181,0.1254
"Raleigh, NC",Turf Field Lab,23SAUG,StAug,2024-06-05,P003,8,0.0452,0.0744,0.0554,0.1459,0.2049,0.2127,0.2252,0.0484,0.1469,1.3443,74.2396,0.1368,0.0977,0.0761,0.0527,0.3096,0.4823,0.0972,0.2265,0.1772,0.1735,0.1814,1.4433,0.8029,0.218,0.7274,5.3366,65.6887,0.1192,0.1169
"Raleigh, NC",Turf Field Lab,23SAUG,StAug,2024-06-05,P004,8,0.0577,0.0997,0.0672,0.1195,0.1678,0.166,0.2972,0.0745,0.1945,1.483,67.6948,0.0709,0.1622,0.1007,0.0694,0.2132,0.363,0.1247,0.2545,0.1847,0.17,0.1837,1.4501,0.6789,0.2601,0.5657,2.6054,73.3117,0.0606,0.1827
"Raleigh, NC",Turf Field Lab,23SAUG,StAug,2024-06-05,P005,8,0.0437,0.073,0.0535,0.1713,0.121,0.1427,0.2356,0.0489,0.1543,1.3648,81.0654,0.1048,0.1284,0.1045,0.0693,0.1984,0.3542,0.2124,0.2038,0.1865,0.1834,0.2029,1.5089,0.6729,0.2821,0.5444,2.3895,79.3945,0.0728,0.1944
"Raleigh, NC",Turf Field Lab,23SAUG,StAug,2024-06-05,P006,7,0.055,0.0874,0.0649,0.0741,0.2147,0.0911,0.2311,0.055,0.1477,1.3467,58.9499,0.0935,0.0875,0.0919,0.0688,0.2565,0.4096,0.2583,0.1802,0.2221,0.1731,0.1438,1.3359,0.7125,0.2297,0.6336,3.4587,57.5313,0.1151,0.1895
"Raleigh, NC",Turf Field Lab,23SAUG,StAug,2024-06-05,P007,7,0.0482,0.0822,0.0588,0.2387,0.2277,0.084,0.2515,0.0573,0.1655,1.3967,58.1012,0.0584,0.1433,0.1127,0.0709,0.209,0.3386,0.2166,0.163,0.0919,0.1832,0.2278,1.5899,0.6537,0.2368,0.5005,2.0037,65.3151,0.1233,0.2219
"Raleigh, NC",Turf Field Lab,23SAUG,StAug,2024-06-05,P008,7,0.0549,0.09,0.0648,0.2027,0.2659,0.1864,0.2518,0.0603,0.1625,1.3881,75.689,0.1421,0.2461,0.0927,0.0681,0.2308,0.3771,0.1308,0.1753,0.075,0.2284,0.1531,1.3617,0.6942,0.2406,0.6055,3.0695,85.5862,0.0808,0.0869
"Raleigh, NC",Turf Field Lab,23SAUG,StAug,2024-06-05,P009,8,0.0546,0.0919,0.0641,0.2037,0.2092,0.2146,0.2735,0.0649,0.1777,1.4323,65.2861,0.0924,0.1113,0.072,0.0556,0.2886,0.4643,0.1868,0.1252,0.2221,0.191,0.1282,1.2942,0.786,0.2333,0.7315,5.4494,89.438,0.0705,0.1663
"Raleigh, NC",Turf Field Lab,23SAUG,StAug,2024-06-05,P010,4,0.0716,0.1029,0.0827,0.131,0.2001,0.2704,0.1774,0.0516,0.109,1.2447,55.0197,0.1372,0.1792,0.1092,0.0934,0.1916,0.2704,0.3059,0.1458,0.2295,0.2263,0.0779,1.1689,0.4865,0.1705,0.4248,1.4769,56.064,0.0716,0.2098
"Raleigh, NC",Turf Field Lab,23SAUG,StAug,2024-06-05,P011,7,0.0619,0.1009,0.0716,0.2058,0.1549,0.102,0.2655,0.0684,0.1703,1.4104,65.4756,0.1349,0.0945,0.1225,0.0821,0.1467,0.2689,0.0798,0.1671,0.1755,0.1805,0.1975,1.4922,0.5322,0.2942,0.3741,1.1952,70.6366,0.0867,0.1922
"Raleigh, NC",Turf Field Lab,23SAUG,StAug,2024-06-05,P012,7,0.0442,0.0756,0.0549,0.1551,0.2328,0.2583,0.2404,0.0521,0.1589,1.3779,70.2196,0.1154,0.1664,0.1097,0.0786,0.1719,0.2956,0.1764,0.2314,0.2047,0.1213,0.1652,1.3957,0.5799,0.2645,0.4586,1.6944,43.2354,0.0598,0.1254
"Raleigh, NC",Turf Field Lab,23SAUG,StAug,2024-06-05,P013,8,0.0595,0.0936,0.0691,0.1882,0.2146,0.1698,0.2375,0.0587,0.1507,1.355,66.6301,0.0733,0.1992,0.0991,0.0639,0.2255,0.3733,0.1296,0.2294,0.1563,0.2435,0.2161,1.5512,0.7078,0.2467,0.5805,2.7678,65.6852,0.1607,0.1688
"Raleigh, NC",Turf Field Lab,23SAUG,StAug,2024-06-05,P014,7,0.0482,0.0857,0.0583,0.3026,0.1952,0.1807,0.2856,0.065,0.1901,1.4694,72.7245,0.0887,0.2014,0.0754,0.0584,0.2734,0.4335,0.2507,0.1682,0.1791,0.1458,0.1267,1.2902,0.7625,0.2264,0.7038,4.7512,62.9852,0.1137,0.1279
"Raleigh, NC",Turf Field Lab,23SAUG,StAug,2024-06-05,P015,8,0.0543,0.0917,0.0637,0.1945,0.2206,0.1671,0.2768,0.0653,0.18,1.439,69.2052,0.0168,0.1749,0.0802,0.0525,0.2863,0.4654,0.1793,0.2128,0.2204,0.0492,0.2091,1.5288,0.7973,0.2384,0.7059,4.8006,79.1127,0.0804,0.1458
"Raleigh, NC",Turf Field Lab,23SAUG,StAug,2024-06-05,P016,7,0.0601,0.0969,0.07,0.1806,0.1077,0.2048,0.2514,0.0637,0.1609,1.3835,66.1643,0.082,0.1854,0.1218,0.0821,0.1686,0.292,0.1407,0.1635,0.2319,0.2506,0.1945,1.4829,0.561,0.2678,0.4114,1.3977,47.037,0.1416,0.1035
"Raleigh, NC",Turf Field Lab,23SAUG,StAug,2024-06-05,P017,6,0.0721,0.1111,0.082,0.2121,0.2354,0.0993,0.2409,0.0681,0.1509,1.3553,68.3549,0.1042,0.0973,0.1028,0.0833,0.1829,0.2977,0.1658,0.231,0.1519,0.2169,0.1046,1.2335,0.5625,0.2389,0.4866,1.8956,62.1918,0.0956,0.1104
"Raleigh, NC",Turf Field Lab,23SAUG,StAug,2024-06-05,P018,8,0.066,0.1106,0.0752,0.2123,0.1875,0.1637,0.2956,0.0799,0.1905,1.4707,66.3989,0.078,0.0927,0.0861,0.0606,0.2605,0.4238,0.0944,0.1996,0.2356,0.1571,0.1737,1.4203,0.7498,0.2387,0.6624,3.9243,76.4058,0.1129,0.1076
"Raleigh, NC",Turf Field Lab,23SAUG,StAug,2024-06-05,P019,6,0.0592,0.0958,0.0697,0.1557,0.1502,0.138,0.246,0.0628,0.1581,1.3756,52.9365,0.1772,0.1404,0.0915,0.0699,0.2593,0.3916,0.1635,0.2369,0.168,0.1847,0.1337,1.3088,0.697,0.2032,0.6212,3.2792,57.674,0.0948,0.086
"Raleigh, NC",Turf Field Lab,23SAUG,StAug,2024-06-05,P020,6,0.0521,0.0843,0.0629,0.084,0.1131,0.2495,0.2248,0.0536,0.1452,1.3399,74.9705,0.1355,0.196,0.0988,0.0784,0.2341,0.3599,0.2538,0.184,0.1998,0.2168,0.1151,1.2602,0.6423,0.2118,0.5693,2.6435,63.1991,0.1503,0.2101
"Raleigh, NC",Turf Field Lab,23SAUG,StAug,2024-06-05,P021,7,0.0587,0.0974,0.0689,0.2433,0.2125,0.1742,0.2654,0.0672,0.1717,1.4144,66.7847,0.1003,0.2145,0.0931,0.0776,0.2109,0.3414,0.1989,0.1103,0.1534,0.1259,0.0911,1.2004,0.6298,0.2363,0.5715,2.6675,69.1643,0.1022,0.1862
"Raleigh, NC",Turf Field Lab,23SAUG,StAug,2024-06-05,P022,6,0.0734,0.1147,0.0831,0.2267,0.1804,0.2127,0.2539,0.0728,0.1597,1.38,73.5591,0.0662,0.1944,0.1029,0.0726,0.228,0.3567,0.2168,0.1898,0.157,0.2061,0.1728,1.4178,0.6618,0.2202,0.5521,2.4655,69.1609,0.1049,0.174
"Raleigh, NC",Turf Field Lab,23SAUG,StAug,2024-06-05,P023,7,0.0624,0.0997,0.0721,0.1371,0.2433,0.2056,0.2524,0.0649,0.1607,1.3829,64.5388,0.2122,0.1727,0.0896,0.0672,0.2374,0.384,0.1588,0.1353,0.2198,0.1911,0.1428,1.3333,0.7022,0.2358,0.6217,3.2869,62.2997,0.037,0.1636
"Raleigh, NC",Turf Field Lab,23SAUG,StAug,2024-06-05,P024,7,0.06,0.0947,0.07,0.1571,0.1894,0.2444,0.2361,0.0595,0.1501,1.3533,77.718,0.0571,0.1866,0.1039,0.0718,0.213,0.3463,0.1682,0.2144,0.1422,0.0352,0.1823,1.4459,0.6564,0.2383,0.5385,2.334,77.7381,0.1777,0.135
"Raleigh, NC",Turf Field Lab,23SAUG,StAug,2024-06-05,P025,6,0.0601,0.0915,0.0709,0.1251,0.1533,0.2377,0.2008,0.0519,0.1265,1.2897,49.5417,0.094,0.0921,0.0916,0.0732,0.2366,0.3512,0.2545,0.2097,0.1821,0.1934,0.112,1.2523,0.6552,0.195,0.5862,2.833,63.6566,0.1521,0.1258
"Raleigh, NC",Turf Field Lab,23SAUG,StAug,2024-06-05,P026,7,0.0614,0.0979,0.0712,0.1849,0.1824,0.1598,0.2478,0.0631,0.1578,1.3747,72.3841,0.1516,0.1493,0.094,0.0748,0.2241,0.3651,0.2053,0.1517,0.1041,0.2312,0.1139,1.2571,0.6601,0.2393,0.5906,2.8847,71.11,0.0914,0.123
"Raleigh, NC",Turf Field Lab,23SAUG,StAug,2024-06-05,P027,7,0.0557,0.09,0.0662,0.169,0.1587,0.1477,0.2369,0.058,0.1524,1.3595,67.5713,0.1393,0.1811,0.1061,0.082,0.1828,0.3003,0.1987,0.2093,0.2084,0.146,0.1281,1.2937,0.5709,0.2431,0.4777,1.8294,57.942,0.1136,0.1778
"Raleigh, NC",Turf Field Lab,23SAUG,StAug,2024-06-05,P028,6,0.0567,0.0925,0.0675,0.2252,0.2281,0.1808,0.2416,0.0608,0.156,1.3697,45.5,0.1419,0.1294,0.117,0.0859,0.1572,0.255,0.2016,0.252,0.1182,0.2235,0.1532,1.3618,0.496,0.2374,0.371,1.1797,66.5914,0.1461,0.1829
"Raleigh, NC",Turf Field Lab,23SAUG,StAug,2024-06-05,P029,9,0.0225,0.051,0.0328,0.1434,0.1703,0.1587,0.2967,0.0468,0.2171,1.5546,86.025,0.0974,0.0592,0.0725,0.0434,0.3084,0.5068,0.1392,0.213,0.1893,0.1557,0.2508,1.6697,0.8421,0.2434,0.7496,5.9865,69.9403,0.0457,0.232
"Raleigh, NC",Turf Field Lab,23SAUG,StAug,2024-06-05,P030,8,0.0383,0.0679,0.0488,0.2004,0.299,0.1941,0.2432,0.0486,0.1634,1.3906,66.6595,0.0281,0.235,0.09,0.0634,0.2662,0.4277,0.1891,0.1526,0.2093,0.1648,0.1732,1.4189,0.7417,0.2328,0.6523,3.7518,66.3517,0.1076,0.1171
"Raleigh, NC",Turf Field Lab,23SAUG,StAug,2024-06-05,P031,7,0.0536,0.0816,0.0636,0.1512,0.1488,0.1653,0.1971,0.0461,0.1244,1.2841,56.727,0.0938,0.1638,0.0894,0.0631,0.2337,0.3811,0.2259,0.2017,0.1554,0.0954,0.1724,1.4165,0.7158,0.2398,0.6199,3.262,65.2693,0.1193,0.1571
"Raleigh, NC",Turf Field Lab,23SAUG,StAug,2024-06-05,P032,8,0.0629,0.0975,0.0722,0.1416,0.2285,0.164,0.2368,0.0599,0.1491,1.3504,76.2065,0.1006,0.1448,0.0991,0.0716,0.2146,0.3647,0.2254,0.1466,0.1423,0.2322,0.1608,1.3831,0.6716,0.259,0.5727,2.6805,66.7967,0.1159,0.1295
"Raleigh, NC",Turf Field Lab,23SAUG,StAug,2024-06-05,P033,6,0.0702,0.1152,0.0802,0.2131,0.2611,0.1516,0.279,0.08,0.1788,1.4355,75.1989,0.0716,0.1309,0.0929,0.0722,0.2429,0.3691,0.1888,0.1896,0.1846,0.1492,0.1253,1.2864,0.6727,0.2064,0.5979,2.9734,60.6702,0.116,0.1511
"Raleigh, NC",Turf Field Lab,23SAUG,StAug,2024-06-05,P034,6,0.0659,0.0942,0.076,0.2121,0.2206,0.2256,0.1746,0.0465,0.107,1.2397,68.4589,0.0879,0.1524,0.1008,0.0761,0.215,0.3378,0.1683,0.1333,0.2111,0.2462,0.1395,1.3243,0.6322,0.2221,0.5404,2.3513,63.5767,0.1326,0.1615
"Raleigh, NC",Turf Field Lab,23SAUG,StAug,2024-06-05,P035,8,0.0592,0.0946,0.0688,0.1766,0.0622,0.1381,0.2474,0.0611,0.1577,1.3745,84.1454,0.1633,0.1529,0.08,0.0549,0.294,0.4635,0.1979,0.1641,0.1914,0.1039,0.1866,1.4588,0.7883,0.2237,0.7055,4.7917,85.1278,0.1504,0.2002
"Raleigh, NC",Turf Field Lab,23SAUG,StAug,2024-06-05,P036,7,0.0571,0.0916,0.0675,0.1709,0.2132,0.2016,0.2367,0.0587,0.1518,1.3579,78.9189,0.1083,0.145,0.0926,0.0716,0.236,0.3685,0.1609,0.2334,0.1303,0.2252,0.1279,1.2934,0.6746,0.2192,0.5983,2.9794,72.8206,0.1206,0.1145
"Raleigh, NC",Turf Field Lab,23SAUG,StAug,2024-06-05,P037,7,0.0594,0.0972,0.0695,0.2318,0.1441,0.2421,0.2584,0.0655,0.1663,1.3988,52.9204,0.1416,0.0847,0.0845,0.0612,0.285,0.4368,0.1702,0.2357,0.229,0.2551,0.1595,1.3795,0.7541,0.2104,0.6759,4.1715,81.6512,0.1767,0.1068
"Raleigh, NC",Turf Field Lab,23SAUG,StAug,2024-06-05,P038,8,0.0523,0.0859,0.0621,0.2039,0.0663,0.1122,0.2488,0.0574,0.1609,1.3835,74.5733,0.0979,0.204,0.091,0.0654,0.2443,0.4023,0.1889,0.1738,0.159,0.1634,0.1638,1.3917,0.7204,0.2444,0.6311,3.4209,63.4013,0.0725,0.1995
"Raleigh, NC",Turf Field Lab,23SAUG,StAug,2024-06-05,P039,8,0.0528,0.0928,0.0623,0.0946,0.0672,0.1376,0.2982,0.0704,0.1966,1.4894,80.4502,0.1129,0.1597,0.0745,0.0546,0.3212,0.5093,0.1978,0.2337,0.1898,0.0936,0.1544,1.3651,0.8065,0.2265,0.7448,5.8375,77.457,0.141,0.1387
"Raleigh, NC",Turf Field Lab,23SAUG,StAug,2024-06-05,P040,8,0.0505,0.0883,0.0599,0.1541,0.2041,0.1978,0.2906,0.0663,0.1917,1.4742,69.0825,0.1295,0.185,0.079,0.0581,0.2656,0.442,0.1792,0.0968,0.1815,0.1133,0.1529,1.3609,0.7677,0.2493,0.6966,4.5918,71.9657,0.1091,0.0802
"Raleigh, NC",Turf Field Lab,23SAUG,StAug,2024-06-05,P041,6,0.0529,0.0843,0.0635,0.1895,0.2245,0.1871,0.2184,0.0521,0.1403,1.3264,66.7227,0.1618,0.1506,0.1054,0.08,0.203,0.3232,0.1969,0.1186,0.1535,0.2315,0.1369,1.3172,0.603,0.2285,0.5081,2.0657,61.1817,0.0899,0.0697
"Raleigh, NC",Turf Field Lab,23SAUG,StAug,2024-06-05,P042,7,0.0493,0.0833,0.0599,0.1414,0.205,0.2013,0.2488,0.0574,0.1632,1.39,68.2153,0.0571,0.0929,0.0701,0.0593,0.3132,0.4692,0.1528,0.1814,0.2077,0.2132,0.0834,1.182,0.7756,0.1994,0.7401,5.6947,68.7047,0.0487,0.1392
"Raleigh, NC",Turf Field Lab,23SAUG,StAug,2024-06-05,P043,7,0.0512,0.0829,0.0615,0.1628,0.2377,0.1475,0.2291,0.053,0.1479,1.3471,51.759,0.0754,0.1828,0.0894,0.0652,0.2709,0.4219,0.1572,0.1199,0.1086,0.1493,0.1563,1.3705,0.7322,0.218,0.6503,3.72,43.1342,0.0855,0.1712
"Raleigh, NC",Turf Field Lab,23SAUG,StAug,2024-06-05,P044,6,0.0692,0.1028,0.0796,0.1308,0.1284,0.2253,0.2054,0.0568,0.1274,1.2921,65.0465,0.1718,0.1182,0.0894,0.0787,0.2198,0.3325,0.1138,0.1792,0.1962,0.2446,0.0637,1.1361,0.6174,0.204,0.5763,2.7207,67.1081,0.1415,0.0792
"Raleigh, NC",Turf Field Lab,23SAUG,StAug,2024-06-05,P045,8,0.0455,0.0821,0.0555,0.1845,0.0927,0.0922,0.2887,0.0632,0.1932,1.479,85.255,0.1202,0.1071,0.0827,0.0526,0.2785,0.4483,0.1939,0.1726,0.1506,0.1183,0.2222,1.5713,0.7898,0.2336,0.6885,4.4196,67.4578,0.0757,0.1945
"Raleigh, NC",Turf Field Lab,23SAUG,StAug,2024-06-05,P046,5,0.0677,0.1016,0.0784,0.2642,0.1708,0.2757,0.2069,0.0571,0.129,1.2963,63.2103,0.1392,0.2193,0.081,0.0625,0.3169,0.4491,0.31,0.2265,0.3052,0.2024,0.1286,1.2952,0.7556,0.1726,0.6944,4.5449,69.8934,0.1361,0.1132
"Raleigh, NC",Turf Field Lab,23SAUG,StAug,2024-06-05,P047,8,0.051,0.0878,0.0607,0.1716,0.2076,0.143,0.278,0.064,0.1826,1.4468,69.6564,0.088,0.2148,0.0885,0.0664,0.2387,0.399,0.1492,0.1173,0.2086,0.1379,0.1428,1.3333,0.7148,0.2513,0.637,3.5095,68.9884,0.1649,0.203
"Raleigh, NC",Turf Field Lab,23SAUG,StAug,2024-06-05,P048,9,0.0376,0.0763,0.0468,0.1193,0.1716,0.1629,0.3459,0.0682,0.24,1.6317,82.6369,0.0609,0.0868,0.074,0.0489,0.2893,0.4989,0.134,0.0596,0.0703,0.051,0.2039,1.5122,0.8214,0.266,0.7418,5.7452,78.0402,0.1411,0.1591
"Raleigh, NC",Turf Field Lab,23SAUG,StAug,2024-06-05,P049,8,0.0532,0.0852,0.063,0.1809,0.1525,0.1981,0.2332,0.0542,0.1495,1.3516,60.7386,0.0709,0.1704,0.0744,0.0513,0.2949,0.4638,0.1613,0.1396,0.1313,0.1487,0.1835,1.4493,0.8007,0.2226,0.7235,5.2327,72.1614,0.1138,0.1233
"Raleigh, NC",Turf Field Lab,23SAUG,StAug,2024-06-05,P050,9,0.0456,0.0865,0.055,0.2099,0.2646,0.1295,0.328,0.0723,0.2222,1.5715,58.5355,0.1291,0.1841,0.098,0.0597,0.2221,0.3946,0.1846,0.2547,0.1431,0.0977,0.2432,1.6426,0.7373,0.2798,0.602,3.0253,81.9607,0.1187,0.1427
"Raleigh, NC",Turf Field Lab,23SAUG,StAug,2024-06-05,P051,9,0.0395,0.0743,0.0494,0.2756,0.1763,0.1506,0.2955,0.0597,0.2011,1.5035,77.5094,0.04,0.1323,0.077,0.0506,0.3063,0.4943,0.0859,0.1847,0.1507,0.194,0.2069,1.5216,0.8142,0.2348,0.7304,5.4176,84.0872,0.0879,0.1889
"Raleigh, NC",Turf Field Lab,23SAUG,StAug,2024-06-05,P052,6,0.0663,0.0976,0.0768,0.1735,0.1688,0.3234,0.1928,0.0522,0.1195,1.2714,53.3445,0.0713,0.1673,0.1083,0.0793,0.2025,0.3103,0.139,0.1872,0.1921,0.1865,0.1545,1.3655,0.5928,0.2102,0.4825,1.8644,62.4423,0.1609,0.1754
"Raleigh, NC",Turf Field Lab,23SAUG,StAug,2024-06-05,P053,7,0.0425,0.0745,0.0529,0.237,0.2408,0.0416,0.2536,0.0535,0.169,1.4068,63.7134,0.075,0.115,0.089,0.0623,0.258,0.4137,0.121,0.1585,0.2056,0.2027,0.1765,1.4287,0.7384,0.2317,0.646,3.6504,54.2963,0.123,0.1589
"Raleigh, NC",Turf Field Lab,23SAUG,StAug,2024-06-05,P054,6,0.0602,0.0937,0.0707,0.2061,0.2418,0.1799,0.2214,0.0566,0.1403,1.3265,65.5672,0.1181,0.1154,0.095,0.0764,0.2166,0.3374,0.1846,0.1854,0.1691,0.2518,0.1086,1.2437,0.6308,0.2181,0.5606,2.5515,57.8684,0.1266,0.1307
"Raleigh, NC",Turf Field Lab,23SAUG,StAug,2024-06-05,P055,8,0.0527,0.092,0.0624,0.208,0.2068,0.1501,0.2909,0.069,0.1917,1.4743,66.2551,0.1379,0.1583,0.08,0.0605,0.2683,0.4331,0.1726,0.2456,0.1842,0.2444,0.1388,1.3222,0.7548,0.235,0.6881,4.4116,63.1991,0.1171,0.1128
"Raleigh, NC",Turf Field Lab,23SAUG,StAug,2024-06-05,P056,7,0.0598,0.0991,0.0699,0.1751,0.1768,0.196,0.2679,0.0685,0.1731,1.4186,65.2904,0.0902,0.1035,0.084,0.0575,0.288,0.4406,0.1454,0.2925,0.1592,0.2145,0.1873,1.4609,0.7691,0.2095,0.6797,4.2448,56.3203,0.1167,0.1952
"Raleigh, NC",Turf Field Lab,23SAUG,StAug,2024-06-05,P057,6,0.0777,0.1098,0.0878,0.2737,0.1661,0.1608,0.1829,0.054,0.111,1.2497,52.2446,0.1257,0.1902,0.0921,0.0765,0.2536,0.3714,0.198,0.292,0.2416,0.1632,0.0924,1.2037,0.6583,0.1885,0.6025,3.0319,58.378,0.0704,0.2164
"Raleigh, NC",Turf Field Lab,23SAUG,StAug,2024-06-05,P058,8,0.0592,0.0952,0.0689,0.1431,0.0561,0.1766,0.2515,0.0623,0.1607,1.3829,55.9344,0.1512,0.1805,0.0924,0.0633,0.2646,0.4247,0.2095,0.1355,0.2112,0.1996,0.1872,1.4607,0.7407,0.2322,0.6426,3.5953,74.8981,0.1581,0.1571
"Raleigh, NC",Turf Field Lab,23SAUG,StAug,2024-06-05,P059,7,0.058,0.098,0.068,0.1634,0.1842,0.1176,0.2781,0.07,0.1809,1.4418,61.792,0.1711,0.1151,0.0685,0.0437,0.3401,0.5113,0.183,0.1312,0.1093,0.2244,0.2208,1.5666,0.8425,0.2011,0.7638,6.4658,70.6827,0.0837,0.1189
"Raleigh, NC",Turf Field Lab,23SAUG,StAug,2024-06-05,P060,8,0.057,0.0896,0.0667,0.2685,0.2404,0.1038,0.2304,0.0555,0.1464,1.3431,70.1053,0.1341,0.2485,0.0852,0.0614,0.2637,0.4222,0.1256,0.2247,0.143,0.1763,0.1623,1.3876,0.7461,0.231,0.6643,3.9571,68.2775,0.1307,0.1713
"Raleigh, NC",Turf Field Lab,23SAUG,StAug,2024-07-10,P001,7,0.062,0.0986,0.0717,0.1766,0.1656,0.2111,0.2482,0.0634,0.1578,1.3747,70.1734,0.1106,0.1382,0.0781,0.0563,0.2955,0.4575,0.1751,0.178,0.1434,0.1472,0.1621,1.3869,0.7807,0.2152,0.7083,4.8553,70.2059,0.1151,0.1543
"Raleigh, NC",Turf Field Lab,23SAUG,StAug,2024-07-10,P002,7,0.0461,0.0762,0.0566,0.2692,0.1534,0.3004,0.226,0.0497,0.1475,1.3461,58.1817,0.1417,0.1368,0.095,0.0704,0.228,0.369,0.2404,0.2566,0.1822,0.1027,0.1486,1.3491,0.6795,0.2363,0.5905,2.8837,55.8985,0.0935,0.1609
"Raleigh, NC",Turf Field Lab,23SAUG,StAug,2024-07-10,P003,6,0.0751,0.1162,0.085,0.2295,0.2306,0.2349,0.2474,0.0723,0.1551,1.3671,49.46,0.1302,0.1244,0.0966,0.0736,0.2335,0.3549,0.2438,0.135,0.2474,0.2032,0.1352,1.3127,0.6565,0.2065,0.5721,2.6739,59.4931,0.0963,0.1588
"Raleigh, NC",Turf Field Lab,23SAUG,StAug,2024-07-10,P004,8,0.0426,0.0754,0.053,0.2009,0.1743,0.1835,0.2616,0.0551,0.1747,1.4232,92.0339,0.1648,0.1344,0.0904,0.0671,0.2336,0.386,0.2019,0.1637,0.1603,0.191,0.1483,1.3482,0.704,0.246,0.6205,3.2702,69.8036,0.1145,0.1049
"Raleigh, NC",Turf Field Lab,23SAUG,StAug,2024-07-10,P005,8,0.06,0.0997,0.0694,0.1082,0.142,0.1668,0.2772,0.07,0.1789,1.4358,70.9022,0.1398,0.178,0.0997,0.0693,0.2114,0.3601,0.1133,0.1985,0.1436,0.194,0.18,1.439,0.6773,0.2603,0.5663,2.6114,57.7958,0.0495,0.1616
"Raleigh, NC",Turf Field Lab,23SAUG,StAug,2024-07-10,P006,7,0.059,0.0902,0.0691,0.177,0.1404,0.1654,0.2112,0.0524,0.1329,1.3065,65.5557,0.1535,0.1054,0.086,0.0654,0.2793,0.4315,0.1947,0.101,0.1654,0.2165,0.1358,1.3144,0.7367,0.2141,0.6677,4.0184,78.6366,0.1765,0.1059
"Raleigh, NC",Turf Field Lab,23SAUG,StAug,2024-07-10,P007,6,0.0613,0.0904,0.0719,0.1761,0.1909,0.1474,0.1833,0.0477,0.1141,1.2576,50.3081,0.0815,0.1301,0.0924,0.0713,0.2522,0.3767,0.2212,0.1227,0.161,0.1675,0.1292,1.2967,0.6818,0.198,0.606,3.0763,33.5073,0.1164,0.0908
"Raleigh, NC",Turf Field Lab,23SAUG,StAug,2024-07-10,P008,7,0.0564,0.087,0.0667,0.1212,0.2565,0.2396,0.2087,0.0509,0.1321,1.3045,69.1912,0.0592,0.0444,0.077,0.0652,0.281,0.4285,0.1568,0.131,0.2656,0.1492,0.0827,1.1802,0.7358,0.2078,0.6955,4.5672,68.2579,0.1434,0.1066
"Raleigh, NC",Turf Field Lab,23SAUG,StAug,2024-07-10,P009,7,0.06,0.0963,0.0698,0.2003,0.1464,0.1332,0.25,0.0628,0.1596,1.3799,61.4078,0.081,0.1245,0.0812,0.0631,0.2708,0.427,0.1448,0.1112,0.0857,0.1433,0.1255,1.2869,0.7426,0.2238,0.6806,4.2615,67.2095,0.1273,0.1053
"Raleigh, NC",Turf Field Lab,23SAUG,StAug,2024-07-10,P010,5,0.0639,0.0955,0.0747,0.1907,0.1358,0.1549,0.1959,0.0524,0.1223,1.2787,55.4498,0.1593,0.1149,0.1051,0.0848,0.2063,0.3094,0.2237,0.1409,0.1941,0.2269,0.1067,1.239,0.5697,0.1999,0.4929,1.944,51.5271,0.0972,0.0976
"Raleigh, NC",Turf Field Lab,23SAUG,StAug,2024-07-10,P011,8,0.0564,0.0904,0.066,0.1205,0.1344,0.1517,0.2442,0.0585,0.1562,1.3702,74.4657,0.0655,0.181,0.1054,0.0684,0.199,0.3443,0.1472,0.1058,0.1072,0.2089,0.2128,1.5407,0.6686,0.2674,0.5314,2.268,68.8369,0.1492,0.1671
"Raleigh, NC",Turf Field Lab,23SAUG,StAug,2024-07-10,P012,7,0.045,0.0778,0.0555,0.1756,0.2183,0.2263,0.2515,0.055,0.1666,1.3997,62.2439,0.1278,0.0911,0.0817,0.0596,0.2785,0.4331,0.194,0.2478,0.1803,0.1603,0.1558,1.3692,0.7579,0.2172,0.6827,4.3035,63.8115,0.1429,0.1277
"Raleigh, NC",Turf Field Lab,23SAUG,StAug,2024-07-10,P013,7,0.0513,0.0838,0.0615,0.133,0.1126,0.2505,0.238,0.0549,0.1539,1.3639,70.4836,0.058,0.0488,0.0882,0.0677,0.2318,0.3776,0.1312,0.2444,0.152,0.1562,0.1315,1.3027,0.696,0.2393,0.6214,3.2819,70.0022,0.0314,0.1157
"Raleigh, NC",Turf Field Lab,23SAUG,StAug,2024-07-10,P014,7,0.0669,0.1105,0.0765,0.1796,0.2029,0.1531,0.2829,0.0776,0.1817,1.4441,67.1174,0.0562,0.0721,0.0917,0.0722,0.2146,0.35,0.2096,0.1192,0.1285,0.2074,0.1189,1.2699,0.6581,0.2398,0.5849,2.8183,53.3438,0.1457,0.2194
"Raleigh, NC",Turf Field Lab,23SAUG,StAug,2024-07-10,P015,9,0.0558,0.1004,0.0645,0.2203,0.1494,0.1591,0.3294,0.0805,0.2179,1.5573,91.438,0.1249,0.1431,0.0714,0.05,0.3108,0.515,0.1661,0.2026,0.1594,0.0972,0.1766,1.429,0.823,0.2473,0.7564,6.2086,75.3212,0.1205,0.1333
"Raleigh, NC",Turf Field Lab,23SAUG,StAug,2024-07-10,P016,8,0.0511,0.0866,0.0611,0.1885,0.1121,0.1695,0.2648,0.0611,0.1732,1.4189,67.2984,0.073,0.2191,0.0895,0.0604,0.2507,0.4077,0.0775,0.1514,0.1817,0.1908,0.1936,1.4801,0.7418,0.2386,0.6402,3.558,53.7364,0.1126,0.1531
"Raleigh, NC",Turf Field Lab,23SAUG,StAug,2024-07-10,P017,7,0.0567,0.0889,0.067,0.1744,0.2483,0.0884,0.2212,0.0541,0.1407,1.3275,58.7096,0.1256,0.1531,0.1031,0.0717,0.2229,0.3555,0.1878,0.1551,0.1989,0.2444,0.1796,1.4378,0.6642,0.2293,0.5502,2.4469,65.4257,0.0659,0.2259
"Raleigh, NC",Turf Field Lab,23SAUG,StAug,2024-07-10,P018,6,0.057,0.0919,0.0675,0.2124,0.2156,0.1963,0.2382,0.0593,0.1531,1.3614,63.017,0.0977,0.1298,0.0998,0.0703,0.2305,0.3577,0.2359,0.2042,0.2762,0.2598,0.1734,1.4194,0.6714,0.2162,0.5636,2.5834,55.0368,0.1592,0.1434
"Raleigh, NC",Turf Field Lab,23SAUG,StAug,2024-07-10,P019,7,0.0632,0.1035,0.0732,0.1718,0.1477,0.1931,0.2672,0.0706,0.1716,1.4144,63.3015,0.147,0.1444,0.0795,0.0618,0.2941,0.4461,0.2458,0.2934,0.0715,0.189,0.1255,1.2871,0.7568,0.2053,0.6975,4.6125,66.9706,0.1436,0.1439
"Raleigh, NC",Turf Field Lab,23SAUG,StAug,2024-07-10,P020,8,0.0557,0.0956,0.0653,0.1137,0.2678,0.076,0.2886,0.0703,0.1887,1.4652,61.6167,0.1172,0.1818,0.0931,0.0636,0.2396,0.3987,0.2063,0.0964,0.1203,0.1879,0.1885,1.4647,0.7249,0.2494,0.6213,3.2817,73.4248,0.1314,0.1332
"Raleigh, NC",Turf Field Lab,23SAUG,StAug,2024-07-10,P021,7,0.0554,0.0886,0.0653,0.1779,0.1111,0.1998,0.2362,0.0564,0.1512,1.3562,67.2375,0.0879,0.1222,0.1026,0.0722,0.1838,0.3181,0.2074,0.266,0.15,0.2264,0.1741,1.4217,0.6302,0.2675,0.5122,2.1001,70.997,0.0703,0.181
"Raleigh, NC",Turf Field Lab,23SAUG,StAug,2024-07-10,P022,9,0.0529,0.0902,0.062,0.1984,0.2627,0.1364,0.2834,0.0654,0.1849,1.4536,83.4807,0.0924,0.1848,0.0806,0.0562,0.2624,0.4438,0.1836,0.2022,0.2074,0.1501,0.1786,1.435,0.7753,0.257,0.6926,4.5062,100,0.0689,0.1642
"Raleigh, NC",Turf Field Lab,23SAUG,StAug,2024-07-10,P023,7,0.0664,0.1063,0.0759,0.2191,0.184,0.1386,0.2631,0.0704,0.1672,1.4017,69.6187,0.091,0.2005,0.0855,0.066,0.2527,0.4045,0.2121,0.1923,0.126,0.202,0.129,1.2962,0.7196,0.2309,0.651,3.7308,73.9837,0.1073,0.1769
"Raleigh, NC",Turf Field Lab,23SAUG,StAug,2024-07-10,P024,8,0.0532,0.0883,0.0627,0.1167,0.14,0.132,0.2622,0.0608,0.1699,1.4093,73.0898,0.0457,0.0974,0.0866,0.0584,0.264,0.4345,0.1438,0.1276,0.1781,0.1294,0.1943,1.4823,0.763,0.2441,0.6677,4.0188,72.8014,0.1307,0.1203
"Raleigh, NC",Turf Field Lab,23SAUG,StAug,2024-07-10,P025,7,0.0565,0.0915,0.0664,0.1474,0.1344,0.2492,0.2477,0.0601,0.1591,1.3783,71.3134,0.0755,0.1551,0.075,0.0532,0.3254,0.4971,0.174,0.2178,0.1335,0.1686,0.1695,1.4082,0.8065,0.2087,0.7379,5.631,82.9525,0.1234,0.1316
"Raleigh, NC",Turf Field Lab,23SAUG,StAug,2024-07-10,P026,7,0.0604,0.0923,0.0705,0.181,0.1655,0.1519,0.2127,0.0536,0.1337,1.3087,73.5939,0.1096,0.2149,0.0901,0.071,0.2471,0.3872,0.1956,0.2318,0.1844,0.0923,0.1185,1.2688,0.69,0.2208,0.6224,3.2966,71.7999,0.1514,0.1076
"Raleigh, NC",Turf Field Lab,23SAUG,StAug,2024-07-10,P027,7,0.0644,0.0963,0.0745,0.0512,0.1954,0.213,0.2051,0.0536,0.1277,1.2929,58.1484,0.1438,0.1374,0.0892,0.071,0.2414,0.3757,0.2612,0.1336,0.1139,0.2356,0.1139,1.257,0.6822,0.2176,0.6162,3.2105,59.7226,0.1105,0.0825
"Raleigh, NC",Turf Field Lab,23SAUG,StAug,2024-07-10,P028,6,0.0704,0.1078,0.0805,0.1751,0.1867,0.1109,0.2321,0.0648,0.1453,1.3401,62.7607,0.1407,0.053,0.0919,0.0714,0.2381,0.3629,0.1351,0.2356,0.1565,0.1901,0.1258,1.2879,0.6712,0.2075,0.5957,2.9465,63.2278,0.1156,0.1778
"Raleigh, NC",Turf Field Lab,23SAUG,StAug,2024-07-10,P029,7,0.0617,0.0991,0.0717,0.2338,0.1059,0.1642,0.2514,0.0648,0.1605,1.3824,63.6159,0.1007,0.218,0.1287,0.093,0.108,0.2122,0.1188,0.1288,0.1699,0.0567,0.1612,1.3843,0.3908,0.3254,0.2451,0.6492,66.8683,0.1637,0.1953
"Raleigh, NC",Turf Field Lab,23SAUG,StAug,2024-07-10,P030,6,0.0567,0.0846,0.0673,0.2218,0.2292,0.214,0.1824,0.0452,0.1142,1.258,51.3512,0.1376,0.1468,0.1032,0.0793,0.1967,0.3144,0.2535,0.172,0.1407,0.2079,0.1312,1.302,0.5971,0.2303,0.5056,2.045,56.7119,0.1409,0.1302
"Raleigh, NC",Turf Field Lab,23SAUG,StAug,2024-07-10,P031,9,0.0523,0.094,0.0612,0.175,0.0986,0.0948,0.3187,0.0745,0.2113,1.5359,77.8975,0.0744,0.1276,0.0788,0.0486,0.279,0.4723,0.0566,0.1217,0.0352,0.0902,0.2373,1.6223,0.8136,0.2574,0.7141,4.9961,57.3954,0.1155,0.126
"Raleigh, NC",Turf Field Lab,23SAUG,StAug,2024-07-10,P032,8,0.0622,0.1006,0.0714,0.2236,0.1368,0.1917,0.2666,0.0677,0.1702,1.4102,70.7669,0.1198,0.1484,0.0883,0.0591,0.2776,0.4501,0.229,0.1283,0.1594,0.2148,0.1979,1.4936,0.7677,0.2371,0.6719,4.0957,86.599,0.1479,0.1848
"Raleigh, NC",Turf Field Lab,23SAUG,StAug,2024-07-10,P033,8,0.0568,0.0929,0.0666,0.1929,0.1379,0.1105,0.2566,0.0625,0.1652,1.3959,71.6557,0.1178,0.122,0.0899,0.067,0.2268,0.3743,0.1612,0.1861,0.2306,0.1931,0.1458,1.3412,0.6962,0.2453,0.6127,3.1634,71.8156,0.1219,0.1564
"Raleigh, NC",Turf Field Lab,23SAUG,StAug,2024-07-10,P034,6,0.0637,0.1017,0.0741,0.2527,0.2215,0.1948,0.2455,0.0656,0.1566,1.3715,53.6553,0.0812,0.1244,0.0968,0.074,0.2482,0.3721,0.2616,0.2915,0.1791,0.1311,0.1335,1.3081,0.6684,0.1999,0.5873,2.8465,41.8851,0.0776,0.1239
"Raleigh, NC",Turf Field Lab,23SAUG,StAug,2024-07-10,P035,6,0.068,0.1077,0.078,0.1752,0.1862,0.2435,0.2524,0.0694,0.16,1.3809,60.6721,0.1408,0.027,0.0776,0.0623,0.2816,0.4232,0.1172,0.2054,0.225,0.2625,0.1094,1.2456,0.7433,0.2009,0.6901,4.453,54.182,0.1325,0.1763
"Raleigh, NC",Turf Field Lab,23SAUG,StAug,2024-07-10,P036,6,0.0579,0.0938,0.0684,0.141,0.1433,0.1519,0.2432,0.0613,0.1564,1.3709,62.8395,0.1439,0.1931,0.0929,0.0741,0.2413,0.3693,0.1321,0.1853,0.1899,0.175,0.1126,1.2537,0.6659,0.2095,0.5981,2.9765,58.7961,0.1312,0.158
"Raleigh, NC",Turf Field Lab,23SAUG,StAug,2024-07-10,P037,8,0.04,0.072,0.0505,0.1413,0.1896,0.1557,0.261,0.0534,0.1757,1.4263,88.5911,0.0957,0.1471,0.0998,0.0647,0.2314,0.3832,0.1805,0.182,0.2207,0.1322,0.2135,1.5428,0.7111,0.2471,0.5867,2.8385,85.6884,0.1507,0.1894
"Raleigh, NC",Turf Field Lab,23SAUG,StAug,2024-07-10,P038,7,0.0588,0.0913,0.0691,0.1573,0.2094,0.237,0.2187,0.0546,0.1384,1.3214,62.6789,0.1474,0.1866,0.0846,0.0671,0.2536,0.3923,0.2803,0.3251,0.133,0.1637,0.1157,1.2616,0.7079,0.2147,0.6451,3.6353,62.0927,0.1198,0.1022
"Raleigh, NC",Turf Field Lab,23SAUG,StAug,2024-07-10,P039,8,0.0365,0.0711,0.0467,0.1367,0.2075,0.2122,0.2996,0.059,0.2068,1.5215,68.0593,0.1259,0.2314,0.0775,0.0606,0.2789,0.4539,0.1962,0.1268,0.2403,0.1915,0.1223,1.2787,0.7644,0.2388,0.7083,4.8563,86.9838,0.081,0.1631
"Raleigh, NC",Turf Field Lab,23SAUG,StAug,2024-07-10,P040,8,0.0597,0.0985,0.0693,0.1532,0.2398,0.197,0.27,0.0679,0.1739,1.4211,63.4536,0.1482,0.1442,0.1086,0.0733,0.1829,0.3204,0.1743,0.1852,0.1178,0.1596,0.1942,1.4819,0.6277,0.2733,0.4937,1.9503,80.4918,0.155,0.1441
"Raleigh, NC",Turf Field Lab,23SAUG,StAug,2024-07-10,P041,7,0.0416,0.0652,0.0524,0.2079,0.1216,0.1454,0.1689,0.0364,0.1091,1.245,70.7497,0.1772,0.0919,0.0918,0.0674,0.2407,0.3834,0.1705,0.209,0.2093,0.1923,0.1529,1.3609,0.7009,0.2286,0.6138,3.1784,54.5855,0.1042,0.1809
"Raleigh, NC",Turf Field Lab,23SAUG,StAug,2024-07-10,P042,6,0.0586,0.0938,0.0691,0.1881,0.1466,0.2224,0.2366,0.06,0.1516,1.3573,63.6031,0.1043,0.1656,0.0879,0.0651,0.2779,0.4139,0.1725,0.1823,0.1632,0.1657,0.1495,1.3517,0.7283,0.1965,0.6495,3.7067,61.3429,0.1146,0.1158
"Raleigh, NC",Turf Field Lab,23SAUG,StAug,2024-07-10,P043,7,0.0613,0.0975,0.0714,0.2135,0.0703,0.2419,0.2428,0.0623,0.1546,1.3658,84.0114,0.1017,0.0765,0.0946,0.0714,0.2357,0.3721,0.1318,0.1248,0.1769,0.2207,0.1394,1.324,0.6778,0.2243,0.5946,2.9336,68.4651,0.1503,0.108
"Raleigh, NC",Turf Field Lab,23SAUG,StAug,2024-07-10,P044,8,0.0461,0.0809,0.0562,0.1608,0.1741,0.1475,0.2712,0.0594,0.18,1.4389,61.7876,0.1785,0.1379,0.0738,0.0597,0.2823,0.4501,0.1455,0.138,0.1712,0.1048,0.1057,1.2364,0.7659,0.229,0.7184,5.1027,82.9482,0.1054,0.1328
"Raleigh, NC",Turf Field Lab,23SAUG,StAug,2024-07-10,P045,9,0.0529,0.0938,0.0616,0.1951,0.1683,0.116,0.3146,0.0732,0.2075,1.5237,75.0851,0.0418,0.1184,0.1048,0.0687,0.1882,0.3627,0.0851,0.2022,0.1335,0.1664,0.2079,1.5249,0.6814,0.3168,0.5516,2.4602,84.6287,0.0519,0.2152
"Raleigh, NC",Turf Field Lab,23SAUG,StAug,2024-07-10,P046,7,0.0656,0.103,0.0754,0.3181,0.1305,0.1468,0.2453,0.065,0.1551,1.367,75.0897,0.1474,0.1034,0.1031,0.0766,0.2011,0.3321,0.1945,0.1538,0.2623,0.183,0.1474,1.3457,0.6251,0.2458,0.5262,2.2212,58.6291,0.0865,0.1075
"Raleigh, NC",Turf Field Lab,23SAUG,StAug,2024-07-10,P047,8,0.0553,0.0926,0.0651,0.2519,0.1817,0.1217,0.2686,0.0647,0.1744,1.4224,74.7753,0.128,0.2126,0.0809,0.0603,0.2926,0.4607,0.1474,0.1731,0.1126,0.191,0.1457,1.341,0.7685,0.2232,0.7014,4.6972,69.9022,0.0784,0.0987
"Raleigh, NC",Turf Field Lab,23SAUG,StAug,2024-07-10,P048,7,0.0585,0.0942,0.0684,0.1795,0.1489,0.1938,0.2483,0.0615,0.1589,1.3779,74.4812,0.1716,0.1688,0.0921,0.0629,0.2592,0.4118,0.215,0.18,0.1946,0.1734,0.1882,1.4637,0.7349,0.2275,0.6344,3.4708,64.6509,0.0973,0.125
"Raleigh, NC",Turf Field Lab,23SAUG,StAug,2024-07-10,P049,6,0.0575,0.0881,0.0679,0.1006,0.1975,0.1531,0.2046,0.0507,0.1292,1.2967,71.4258,0.1134,0.1872,0.0935,0.0699,0.2382,0.3692,0.1929,0.1919,0.2201,0.2654,0.1443,1.3373,0.6816,0.2157,0.5959,2.9498,67.1547,0.1063,0.1545
"Raleigh, NC",Turf Field Lab,23SAUG,StAug,2024-07-10,P050,8,0.0535,0.0902,0.063,0.1203,0.1075,0.2469,0.2736,0.0641,0.1781,1.4333,71.3939,0.1453,0.1239,0.0917,0.0605,0.2586,0.4279,0.1407,0.1372,0.1749,0.1249,0.2048,1.5149,0.7522,0.2466,0.6471,3.6666,82.7209,0.1562,0.1698
"Raleigh, NC",Turf Field Lab,23SAUG,StAug,2024-07-10,P051,7,0.0631,0.1044,0.0729,0.2208,0.1982,0.2502,0.2754,0.0727,0.1773,1.4311,65.1792,0.1683,0.0784,0.0802,0.0594,0.2832,0.4373,0.1476,0.0975,0.3035,0.1924,0.1487,1.3493,0.7608,0.2138,0.6901,4.4547,77.9749,0.0576,0.0882
"Raleigh, NC",Turf Field Lab,23SAUG,StAug,2024-07-10,P052,8,0.0555,0.0884,0.065,0.2166,0.2129,0.1519,0.2386,0.0562,0.1523,1.3592,66.4901,0.0932,0.2167,0.0866,0.053,0.2814,0.4535,0.1597,0.1517,0.1322,0.2317,0.2412,1.6356,0.7909,0.2343,0.6793,4.2358,72.7745,0.0828,0.1781
"Raleigh, NC",Turf Field Lab,23SAUG,StAug,2024-07-10,P053,6,0.0596,0.0884,0.07,0.1296,0.2004,0.2121,0.1857,0.0472,0.1159,1.2621,51.6228,0.0579,0.1633,0.0985,0.0738,0.2302,0.3552,0.2136,0.1503,0.1534,0.2186,0.1432,1.3342,0.6557,0.2134,0.5657,2.6049,65.0435,0.0994,0.1245
"Raleigh, NC",Turf Field Lab,23SAUG,StAug,2024-07-10,P054,6,0.074,0.1125,0.0839,0.2197,0.1863,0.2424,0.234,0.0672,0.1459,1.3416,65.5092,0.1091,0.1391,0.1042,0.078,0.2151,0.3334,0.2237,0.1918,0.2135,0.1937,0.1441,1.3366,0.621,0.2156,0.5237,2.1995,61.5858,0.121,0.107
"Raleigh, NC",Turf Field Lab,23SAUG,StAug,2024-07-10,P055,9,0.0453,0.0791,0.0549,0.2596,0.2248,0.2499,0.2721,0.058,0.1802,1.4396,78.263,0.0906,0.1703,0.0905,0.0571,0.2499,0.4223,0.1372,0.1863,0.2483,0.1411,0.2262,1.5847,0.7618,0.2564,0.6471,3.6676,70.2412,0.0547,0.169
"Raleigh, NC",Turf Field Lab,23SAUG,StAug,2024-07-10,P056,9,0.0526,0.0892,0.0616,0.186,0.1244,0.208,0.2809,0.0642,0.1829,1.4477,81.0767,0.0873,0.0699,0.1077,0.0679,0.1722,0.3334,0.1124,0.2105,0.1809,0.2026,0.2268,1.5865,0.6618,0.3188,0.5118,2.0967,81.3762,0.1434,0.1162
"Raleigh, NC",Turf Field Lab,23SAUG,StAug,2024-07-10,P057,7,0.0554,0.0909,0.0658,0.205,0.2128,0.1452,0.2484,0.0607,0.1605,1.3825,59.9372,0.1201,0.217,0.1049,0.0723,0.2097,0.3379,0.0867,0.2578,0.136,0.2349,0.184,1.4509,0.6474,0.2341,0.5261,2.2201,58.2612,0.1529,0.1778
"Raleigh, NC",Turf Field Lab,23SAUG,StAug,2024-07-10,P058,7,0.0623,0.0944,0.0724,0.137,0.1143,0.2074,0.2106,0.0541,0.132,1.3041,67.2751,0.1304,0.1986,0.0995,0.0734,0.2306,0.3627,0.0768,0.1426,0.2602,0.1882,0.151,1.3557,0.6635,0.2227,0.5696,2.6466,51.3964,0.149,0.1592
"Raleigh, NC",Turf Field Lab,23SAUG,StAug,2024-07-10,P059,8,0.0483,0.084,0.0581,0.1759,0.1748,0.1007,0.2768,0.0617,0.1827,1.4472,73.0262,0.0799,0.145,0.0616,0.0472,0.3629,0.5593,0.1539,0.1054,0.2359,0.223,0.1327,1.306,0.8445,0.213,0.8016,8.0796,70.5717,0.0632,0.1191
"Raleigh, NC",Turf Field Lab,23SAUG,StAug,2024-07-10,P060,8,0.0578,0.0954,0.0671,0.1596,0.0888,0.1276,0.27,0.0659,0.174,1.4212,80.0018,0.0802,0.1649,0.0813,0.0536,0.282,0.4577,0.1283,0.1145,0.2209,0.1971,0.205,1.5158,0.7902,0.2375,0.6983,4.629,72.0474,0.1366,0.1111
"Raleigh, NC",Turf Field Lab,23SAUG,StAug,2024-08-14,P001,6,0.065,0.0958,0.0754,0.1725,0.1549,0.1726,0.1926,0.0513,0.1195,1.2714,44.1203,0.0673,0.1015,0.085,0.0661,0.2755,0.408,0.2231,0.1954,0.1963,0.1316,0.1247,1.285,0.721,0.1938,0.6552,3.7999,72.3471,0.0608,0.1634
"Raleigh, NC",Turf Field Lab,23SAUG,StAug,2024-08-14,P002,7,0.0588,0.0988,0.0687,0.1357,0.2018,0.1986,0.2768,0.07,0.1796,1.4377,57.0806,0.1259,0.1583,0.0808,0.0598,0.2794,0.4359,0.1877,0.0585,0.1453,0.094,0.1492,1.3508,0.7586,0.2187,0.6871,4.3923,77.9872,0.1232,0.0818
"Raleigh, NC",Turf Field Lab,23SAUG,StAug,2024-08-14,P003,9,0.0421,0.0798,0.0518,0.1956,0.1074,0.1959,0.3136,0.0658,0.2132,1.5421,76.8234,0.0899,0.1961,0.0854,0.0638,0.2504,0.4278,0.2373,0.1385,0.1972,0.2379,0.1447,1.3384,0.7404,0.2615,0.6671,4.0082,93.931,0.11,0.1719
"Raleigh, NC",Turf Field Lab,23SAUG,StAug,2024-08-14,P004,6,0.061,0.0941,0.0716,0.1254,0.2111,0.2011,0.2154,0.0556,0.1361,1.315,67.1125,0.1019,0.0416,0.0976,0.0779,0.2192,0.3376,0.1612,0.2203,0.1244,0.2037,0.1125,1.2534,0.625,0.2127,0.5513,2.4577,77.2728,0.0984,0.1557
"Raleigh, NC",Turf Field Lab,23SAUG,StAug,2024-08-14,P005,8,0.0385,0.0687,0.0485,0.195,0.163,0.0929,0.2563,0.0504,0.1722,1.4162,77.9649,0.1134,0.1478,0.0707,0.0465,0.3179,0.5063,0.1259,0.139,0.1296,0.1259,0.2066,1.5208,0.8318,0.2286,0.7549,6.1611,92.5327,0.1338,0.2019
"Raleigh, NC",Turf Field Lab,23SAUG,StAug,2024-08-14,P006,6,0.0664,0.0928,0.077,0.1909,0.2277,0.225,0.1531,0.0423,0.0933,1.2057,56.8362,0.1341,0.1118,0.1009,0.0779,0.223,0.3324,0.2706,0.1581,0.1819,0.2357,0.1285,1.2948,0.6202,0.197,0.5344,2.2952,55.8827,0.1279,0.1539
"Raleigh, NC",Turf Field Lab,23SAUG,StAug,2024-08-14,P007,7,0.067,0.1065,0.0764,0.2219,0.206,0.1514,0.2595,0.0695,0.1644,1.3935,68.4266,0.1458,0.1746,0.0892,0.0696,0.237,0.386,0.1713,0.1514,0.2046,0.2157,0.123,1.2806,0.6944,0.2391,0.6247,3.3294,56.36,0.1532,0.1825
"Raleigh, NC",Turf Field Lab,23SAUG,StAug,2024-08-14,P008,6,0.0706,0.1072,0.0807,0.1969,0.1694,0.2362,0.2264,0.0632,0.1413,1.3291,61.4141,0.0987,0.1413,0.1068,0.0728,0.2198,0.3396,0.1481,0.1398,0.1918,0.3013,0.1895,1.4677,0.6471,0.2141,0.5215,2.1798,63.5466,0.0985,0.1602
"Raleigh, NC",Turf Field Lab,23SAUG,StAug,2024-08-14,P009,8,0.0538,0.0839,0.0635,0.1871,0.1225,0.1911,0.2185,0.0506,0.1388,1.3223,65.4668,0.1327,0.1981,0.0975,0.073,0.1928,0.3373,0.1579,0.1227,0.1287,0.163,0.1437,1.3355,0.6443,0.2727,0.5517,2.4613,71.2137,0.1104,0.0433
"Raleigh, NC",Turf Field Lab,23SAUG,StAug,2024-08-14,P010,6,0.0542,0.08,0.0648,0.179,0.1696,0.2141,0.1673,0.0409,0.1046,1.2337,63.9314,0.1616,0.1556,0.0947,0.0747,0.2253,0.3522,0.1778,0.1833,0.1677,0.1537,0.1182,1.2682,0.6501,0.2198,0.5762,2.7191,56.9213,0.1284,0.1423
"Raleigh, NC",Turf Field Lab,23SAUG,StAug,2024-08-14,P011,5,0.0757,0.1093,0.0863,0.1863,0.2901,0.1866,0.192,0.0566,0.1176,1.2667,57.2315,0.0359,0.1762,0.0916,0.0798,0.2415,0.3453,0.2318,0.2098,0.1591,0.1111,0.0688,1.1478,0.6245,0.1768,0.5807,2.7697,48.3084,0.0945,0.2495
"Raleigh, NC",Turf Field Lab,23SAUG,StAug,2024-08-14,P012,6,0.0735,0.1088,0.0836,0.1318,0.1858,0.182,0.2121,0.0605,0.131,1.3016,53.7667,0.1525,0.151,0.116,0.0907,0.1595,0.2584,0.2263,0.1552,0.1176,0.193,0.1225,1.2792,0.4804,0.2366,0.3803,1.2272,79.4957,0.0932,0.1899
"Raleigh, NC",Turf Field Lab,23SAUG,StAug,2024-08-14,P013,8,0.0465,0.0837,0.0566,0.1192,0.1563,0.2342,0.2889,0.0644,0.1932,1.4791,62.4377,0.0811,0.1913,0.0941,0.0642,0.2263,0.3767,0.1289,0.1364,0.178,0.1918,0.1887,1.4653,0.7087,0.2493,0.6002,3.0027,75.897,0.165,0.0858
"Raleigh, NC",Turf Field Lab,23SAUG,StAug,2024-08-14,P014,7,0.0711,0.109,0.0809,0.1502,0.1594,0.1704,0.2367,0.066,0.1481,1.3476,61.1232,0.1271,0.224,0.1068,0.0722,0.2207,0.3483,0.1948,0.1873,0.1806,0.1477,0.1931,1.4786,0.6564,0.2244,0.5306,2.2608,43.883,0.0726,0.1636
"Raleigh, NC",Turf Field Lab,23SAUG,StAug,2024-08-14,P015,8,0.0645,0.1157,0.0734,0.2128,0.1667,0.1239,0.3393,0.0934,0.2235,1.5757,65.1333,0.1191,0.1526,0.07,0.0472,0.3221,0.5118,0.0999,0.1243,0.186,0.1747,0.1948,1.4838,0.8313,0.2275,0.7595,6.3158,71.235,0.1187,0.2006
"Raleigh, NC",Turf Field Lab,23SAUG,StAug,2024-08-14,P016,6,0.0655,0.0963,0.0759,0.2442,0.1735,0.1932,0.1913,0.0512,0.1185,1.2689,69.653,0.1202,0.1314,0.0885,0.0682,0.2567,0.3836,0.1945,0.2354,0.2798,0.1825,0.1295,1.2976,0.6982,0.1982,0.6252,3.3361,64.537,0.0863,0.1131
"Raleigh, NC",Turf Field Lab,23SAUG,StAug,2024-08-14,P017,7,0.0532,0.0876,0.0633,0.2146,0.1811,0.1743,0.2489,0.0587,0.1612,1.3842,49.2783,0.0103,0.1828,0.0595,0.0508,0.3342,0.5064,0.1501,0.0979,0.1915,0.1435,0.079,1.1715,0.8178,0.2048,0.7898,7.5142,69.5298,0.1775,0.1845
"Raleigh, NC",Turf Field Lab,23SAUG,StAug,2024-08-14,P018,7,0.0531,0.0886,0.0631,0.1575,0.0787,0.1405,0.2582,0.061,0.1678,1.4033,74.4782,0.1363,0.2367,0.1027,0.0784,0.182,0.3149,0.156,0.2677,0.2213,0.1884,0.1339,1.3093,0.6012,0.2675,0.5082,2.0666,75.8966,0.0862,0.1581
"Raleigh, NC",Turf Field Lab,23SAUG,StAug,2024-08-14,P019,6,0.0598,0.0991,0.0702,0.1295,0.1612,0.1666,0.2643,0.0683,0.171,1.4125,55.7342,0.1093,0.1526,0.1103,0.0759,0.1976,0.3152,0.1613,0.1581,0.1113,0.1865,0.1849,1.4536,0.6119,0.2295,0.4815,1.8575,56.567,0.1358,0.1388
"Raleigh, NC",Turf Field Lab,23SAUG,StAug,2024-08-14,P020,8,0.0552,0.0928,0.065,0.1939,0.1343,0.2001,0.2714,0.0654,0.1764,1.4284,67.1072,0.0965,0.1456,0.099,0.0698,0.204,0.3485,0.2074,0.1234,0.1183,0.1787,0.173,1.4182,0.6663,0.2616,0.5576,2.5209,76.7134,0.0751,0.1327
"Raleigh, NC",Turf Field Lab,23SAUG,StAug,2024-08-14,P021,8,0.0431,0.0805,0.053,0.2916,0.1688,0.2083,0.3044,0.0649,0.2061,1.5191,84.945,0.1271,0.1077,0.0819,0.0529,0.2869,0.466,0.1034,0.2817,0.1028,0.1825,0.2151,1.5482,0.7961,0.2379,0.701,4.689,61.958,0.1262,0.1407
"Raleigh, NC",Turf Field Lab,23SAUG,StAug,2024-08-14,P022,8,0.0513,0.0894,0.0612,0.2102,0.1909,0.1517,0.2839,0.0663,0.1872,1.4606,51.0993,0.1075,0.1356,0.096,0.0666,0.2335,0.3868,0.1147,0.1136,0.1481,0.1961,0.1808,1.4414,0.7064,0.2472,0.6025,3.0316,50.9874,0.102,0.2062
"Raleigh, NC",Turf Field Lab,23SAUG,StAug,2024-08-14,P023,8,0.033,0.0646,0.0436,0.1572,0.1906,0.1628,0.2804,0.0528,0.195,1.4844,93.6182,0.1119,0.1623,0.0904,0.0597,0.2754,0.4435,0.2443,0.2467,0.2515,0.1873,0.2044,1.5139,0.7627,0.2339,0.6614,3.9071,69.461,0.1408,0.0814
"Raleigh, NC",Turf Field Lab,23SAUG,StAug,2024-08-14,P024,8,0.053,0.087,0.0627,0.2132,0.114,0.1183,0.2515,0.0583,0.1624,1.3878,62.498,0.1346,0.1829,0.0711,0.0427,0.3517,0.5418,0.2233,0.2026,0.1425,0.3215,0.2492,1.6637,0.8538,0.2127,0.768,6.6214,95.5121,0.1373,0.1224
"Raleigh, NC",Turf Field Lab,23SAUG,StAug,2024-08-14,P025,7,0.0674,0.1056,0.0773,0.091,0.1874,0.234,0.2456,0.0666,0.1551,1.3672,53.3442,0.0481,0.1056,0.1055,0.0731,0.2112,0.3373,0.1778,0.1396,0.2233,0.2543,0.1813,1.443,0.6437,0.23,0.5235,2.1974,59.9971,0.1777,0.145
"Raleigh, NC",Turf Field Lab,23SAUG,StAug,2024-08-14,P026,8,0.0511,0.0896,0.061,0.2489,0.2051,0.1036,0.2878,0.0672,0.1901,1.4695,69.7252,0.0781,0.1423,0.0807,0.051,0.2987,0.4706,0.1347,0.1726,0.0953,0.1312,0.2257,1.5829,0.8045,0.2235,0.7072,4.8302,61.8228,0.1135,0.1145
"Raleigh, NC",Turf Field Lab,23SAUG,StAug,2024-08-14,P027,7,0.0661,0.1046,0.0756,0.2152,0.1206,0.1147,0.2546,0.0676,0.1613,1.3845,64.9324,0.0749,0.112,0.0601,0.0486,0.3451,0.5209,0.2127,0.2499,0.2626,0.2221,0.1049,1.2344,0.8292,0.203,0.7933,7.6737,77.0729,0.068,0.1054
"Raleigh, NC",Turf Field Lab,23SAUG,StAug,2024-08-14,P028,6,0.0669,0.0977,0.0772,0.1936,0.1966,0.1192,0.1898,0.0513,0.1171,1.2654,72.3386,0.0964,0.1506,0.0968,0.0727,0.2232,0.3423,0.2273,0.1234,0.1733,0.2135,0.1423,1.3317,0.6496,0.2105,0.559,2.5352,54.6056,0.1294,0.1232
"Raleigh, NC",Turf Field Lab,23SAUG,StAug,2024-08-14,P029,6,0.0506,0.0837,0.0614,0.212,0.1301,0.1851,0.2354,0.0553,0.1533,1.362,64.2846,0.1252,0.1747,0.1024,0.079,0.2099,0.3313,0.199,0.1775,0.205,0.1511,0.1289,1.296,0.6149,0.2244,0.5278,2.2359,58.6846,0.0997,0.1812
"Raleigh, NC",Turf Field Lab,23SAUG,StAug,2024-08-14,P030,8,0.0524,0.0912,0.0623,0.1131,0.2286,0.1543,0.2864,0.0678,0.1887,1.4651,59.9928,0.0974,0.1145,0.0966,0.0598,0.2475,0.4038,0.1653,0.0734,0.1434,0.1382,0.2353,1.6155,0.7421,0.24,0.614,3.1811,68.3802,0.1215,0.1851
"Raleigh, NC",Turf Field Lab,23SAUG,StAug,2024-08-14,P031,8,0.0606,0.1046,0.0697,0.097,0.1528,0.2043,0.3072,0.079,0.2004,1.5014,78.6165,0.1145,0.0941,0.0926,0.0614,0.2382,0.4041,0.1141,0.2,0.133,0.1591,0.2029,1.5092,0.7363,0.2583,0.627,3.3621,81.8514,0.0813,0.092
"Raleigh, NC",Turf Field Lab,23SAUG,StAug,2024-08-14,P032,8,0.0557,0.0943,0.065,0.2467,0.2323,0.1715,0.2823,0.0678,0.1836,1.4499,78.4741,0.1565,0.1398,0.0905,0.0667,0.2349,0.3996,0.2008,0.1131,0.1151,0.0811,0.1516,1.3573,0.7139,0.2595,0.6306,3.414,77.4456,0.0608,0.1416
"Raleigh, NC",Turf Field Lab,23SAUG,StAug,2024-08-14,P033,6,0.0564,0.0915,0.0669,0.119,0.26,0.2204,0.2411,0.0598,0.1554,1.3679,80.8758,0.1695,0.1987,0.1049,0.0754,0.235,0.3628,0.2351,0.1322,0.1461,0.2405,0.1637,1.3915,0.6558,0.2138,0.5513,2.4572,68.558,0.0516,0.187
"Raleigh, NC",Turf Field Lab,23SAUG,StAug,2024-08-14,P034,7,0.0487,0.0743,0.0593,0.2329,0.2675,0.0708,0.177,0.0407,0.1125,1.2535,73.9319,0.0785,0.1786,0.0961,0.0661,0.2399,0.3774,0.1812,0.2421,0.1019,0.2154,0.1848,1.4533,0.7019,0.2228,0.5942,2.9288,94.2093,0.0786,0.1911
"Raleigh, NC",Turf Field Lab,23SAUG,StAug,2024-08-14,P035,8,0.0563,0.0966,0.0655,0.1313,0.2266,0.1594,0.294,0.0714,0.1919,1.4751,94.1055,0.0401,0.1047,0.0883,0.0574,0.2556,0.4282,0.1799,0.1752,0.2752,0.098,0.2121,1.5383,0.7635,0.2524,0.658,3.8475,69.0225,0.0967,0.1316
"Raleigh, NC",Turf Field Lab,23SAUG,StAug,2024-08-14,P036,7,0.0652,0.1069,0.0749,0.1408,0.1865,0.1357,0.274,0.0737,0.1758,1.4265,72.8518,0.0821,0.1144,0.1141,0.0815,0.1618,0.2816,0.3028,0.2317,0.1297,0.2041,0.1666,1.3999,0.551,0.2703,0.4233,1.4678,56.4698,0.0802,0.1281
"Raleigh, NC",Turf Field Lab,23SAUG,StAug,2024-08-14,P037,7,0.0636,0.0991,0.0736,0.1759,0.2481,0.1843,0.2339,0.061,0.1477,1.3466,67.2506,0.1182,0.1225,0.0869,0.0636,0.2886,0.4386,0.1336,0.1602,0.169,0.123,0.1554,1.3679,0.7469,0.2062,0.6691,4.0448,69.8196,0.1096,0.103
"Raleigh, NC",Turf Field Lab,23SAUG,StAug,2024-08-14,P038,7,0.0563,0.088,0.0668,0.0915,0.191,0.1416,0.2156,0.0529,0.1372,1.3179,62.498,0.0525,0.1684,0.0969,0.0698,0.2509,0.3863,0.228,0.2281,0.3113,0.1056,0.1623,1.3876,0.6939,0.2125,0.5991,2.9882,61.1329,0.1568,0.1054
"Raleigh, NC",Turf Field Lab,23SAUG,StAug,2024-08-14,P039,8,0.0608,0.0981,0.0701,0.1449,0.1539,0.1939,0.2612,0.0653,0.1667,1.4002,85.8061,0.1991,0.2071,0.0878,0.0624,0.2548,0.4205,0.1132,0.2931,0.1752,0.1748,0.1695,1.4082,0.7417,0.2454,0.6544,3.7874,79.9064,0.0589,0.1256
"Raleigh, NC",Turf Field Lab,23SAUG,StAug,2024-08-14,P040,7,0.0648,0.1045,0.0745,0.1633,0.2224,0.1912,0.2625,0.0696,0.1674,1.4022,66.4501,0.134,0.1047,0.0877,0.0674,0.2535,0.4015,0.1927,0.2239,0.2394,0.1463,0.1311,1.3016,0.7126,0.226,0.6415,3.5787,63.5729,0.1043,0.1975
"Raleigh, NC",Turf Field Lab,23SAUG,StAug,2024-08-14,P041,8,0.0478,0.0836,0.0577,0.1052,0.1424,0.1038,0.2777,0.0618,0.1837,1.4501,66.6674,0.0728,0.1739,0.0819,0.0601,0.288,0.4619,0.1035,0.0783,0.2529,0.1255,0.1542,1.3646,0.7699,0.232,0.6987,4.637,68.3874,0.0965,0.1348
"Raleigh, NC",Turf Field Lab,23SAUG,StAug,2024-08-14,P042,5,0.0717,0.1068,0.0823,0.1486,0.2023,0.191,0.2094,0.0597,0.1299,1.2987,62.6658,0.1738,0.1281,0.0995,0.0792,0.2344,0.3429,0.226,0.1229,0.122,0.2446,0.1137,1.2566,0.6247,0.188,0.55,2.4448,36.4448,0.0709,0.1327
"Raleigh, NC",Turf Field Lab,23SAUG,StAug,2024-08-14,P043,8,0.0462,0.075,0.0561,0.18,0.19,0.1711,0.2231,0.0478,0.1445,1.3379,64.6195,0.0614,0.132,0.0822,0.0602,0.2773,0.4484,0.1685,0.1248,0.1525,0.1646,0.1544,1.3652,0.7632,0.2358,0.6901,4.4535,73.581,0.1031,0.1362
"Raleigh, NC",Turf Field Lab,23SAUG,StAug,2024-08-14,P044,8,0.0509,0.0865,0.0605,0.199,0.193,0.1544,0.2709,0.0616,0.1771,1.4303,77.5176,0.0941,0.1264,0.0887,0.0716,0.209,0.3665,0.1416,0.1218,0.168,0.1006,0.1066,1.2386,0.6731,0.2736,0.6103,3.1326,62.6353,0.0953,0.1209
"Raleigh, NC",Turf Field Lab,23SAUG,StAug,2024-08-14,P045,9,0.0498,0.0866,0.059,0.1822,0.1514,0.1891,0.2882,0.0645,0.1897,1.4682,84.5128,0.0663,0.193,0.0698,0.0493,0.3157,0.5134,0.18,0.1666,0.1517,0.1371,0.172,1.4153,0.8247,0.2384,0.7606,6.3556,72.0062,0.1413,0.1244
"Raleigh, NC",Turf Field Lab,23SAUG,StAug,2024-08-14,P046,7,0.0716,0.1145,0.0812,0.0871,0.2486,0.1408,0.2683,0.0762,0.1702,1.4102,73.6613,0.1578,0.1193,0.1108,0.0764,0.1848,0.3062,0.1543,0.1898,0.1584,0.1484,0.184,1.4511,0.6008,0.2473,0.4686,1.7639,73.5116,0.0933,0.1411
"Raleigh, NC",Turf Field Lab,23SAUG,StAug,2024-08-14,P047,9,0.04,0.0737,0.0498,0.1468,0.0853,0.2024,0.2863,0.0575,0.1935,1.4797,87.8974,0.0861,0.1455,0.0806,0.0546,0.277,0.461,0.1907,0.1337,0.2101,0.1495,0.1926,1.4771,0.7882,0.2492,0.7023,4.7172,64.9078,0.083,0.1578
"Raleigh, NC",Turf Field Lab,23SAUG,StAug,2024-08-14,P048,7,0.0513,0.0849,0.0618,0.1569,0.1659,0.1069,0.2429,0.0568,0.1579,1.3751,71.2591,0.0981,0.2234,0.0975,0.0679,0.2378,0.3764,0.1484,0.1782,0.1886,0.0393,0.1791,1.4362,0.6944,0.2256,0.5885,2.8598,67.1934,0.1511,0.1268
"Raleigh, NC",Turf Field Lab,23SAUG,StAug,2024-08-14,P049,6,0.0655,0.1049,0.0756,0.2203,0.1785,0.1876,0.2541,0.0686,0.1619,1.3863,57.104,0.1176,0.1513,0.0968,0.072,0.2599,0.3945,0.2777,0.1555,0.1022,0.2091,0.1468,1.3441,0.6913,0.2057,0.606,3.0764,58.7114,0.0767,0.1598
"Raleigh, NC",Turf Field Lab,23SAUG,StAug,2024-08-14,P050,9,0.0363,0.0747,0.046,0.2219,0.0971,0.2145,0.3396,0.067,0.2374,1.6226,72.362,0.0593,0.1358,0.0731,0.0471,0.3009,0.4983,0.2154,0.2175,0.0825,0.1174,0.2156,1.5497,0.8271,0.247,0.7443,5.8206,100,0.0854,0.2199
"Raleigh, NC",Turf Field Lab,23SAUG,StAug,2024-08-14,P051,6,0.0686,0.1065,0.0786,0.2178,0.1443,0.2126,0.2397,0.0658,0.1509,1.3554,57.5768,0.0863,0.1008,0.0712,0.0594,0.2968,0.4421,0.2643,0.2148,0.1467,0.2604,0.0903,1.1985,0.7632,0.1967,0.7227,5.2118,66.1412,0.0382,0.1051
"Raleigh, NC",Turf Field Lab,23SAUG,StAug,2024-08-14,P052,6,0.0615,0.093,0.072,0.1943,0.1443,0.1265,0.2033,0.0526,0.1276,1.2924,58.326,0.1476,0.1317,0.105,0.0757,0.2229,0.3417,0.2018,0.209,0.2199,0.141,0.1624,1.3879,0.6374,0.2105,0.5298,2.2534,56.1043,0.1251,0.1741
"Raleigh, NC",Turf Field Lab,23SAUG,StAug,2024-08-14,P053,8,0.0497,0.082,0.0596,0.1631,0.1285,0.2306,0.2435,0.0547,0.1581,1.3755,79.5419,0.1858,0.2438,0.0927,0.0639,0.2306,0.3846,0.0785,0.1806,0.1551,0.1535,0.1842,1.4515,0.7152,0.2503,0.6116,3.1489,50.6237,0.1362,0.2027
"Raleigh, NC",Turf Field Lab,23SAUG,StAug,2024-08-14,P054,6,0.0631,0.0991,0.0738,0.2616,0.1977,0.1632,0.2305,0.0613,0.1464,1.343,63.9453,0.1329,0.2021,0.0969,0.0781,0.2496,0.368,0.2467,0.2088,0.1919,0.2226,0.1074,1.2407,0.65,0.1918,0.5833,2.7997,63.707,0.145,0.1747
"Raleigh, NC",Turf Field Lab,23SAUG,StAug,2024-08-14,P055,7,0.0526,0.0845,0.0629,0.2525,0.194,0.1354,0.2281,0.0535,0.1467,1.3437,67.8283,0.0885,0.1944,0.1081,0.078,0.1838,0.3115,0.2592,0.1314,0.1217,0.0971,0.1615,1.3851,0.5994,0.2578,0.4849,1.8827,71.376,0.1355,0.156
"Raleigh, NC",Turf Field Lab,23SAUG,StAug,2024-08-14,P056,7,0.0596,0.0943,0.0697,0.0982,0.1497,0.1719,0.2361,0.0594,0.1504,1.3539,85.2929,0.0529,0.2288,0.0732,0.0588,0.2967,0.4506,0.1842,0.1619,0.1419,0.2277,0.109,1.2446,0.7691,0.2059,0.7205,5.1569,79.9788,0.1568,0.0765
"Raleigh, NC",Turf Field Lab,23SAUG,StAug,2024-08-14,P057,8,0.0484,0.0829,0.058,0.2722,0.147,0.1822,0.2689,0.0594,0.1766,1.4289,71.4031,0.0972,0.1579,0.0749,0.0561,0.2815,0.4588,0.2032,0.1375,0.1763,0.1978,0.1433,1.3344,0.7819,0.2396,0.7193,5.1241,70.5712,0.115,0.1545
"Raleigh, NC",Turf Field Lab,23SAUG,StAug,2024-08-14,P058,6,0.0663,0.1016,0.0769,0.2052,0.1937,0.1405,0.2201,0.06,0.1383,1.3211,63.6963,0.1769,0.1373,0.0997,0.0784,0.2311,0.3435,0.2149,0.2218,0.1976,0.1694,0.1194,1.2713,0.6282,0.1956,0.55,2.4446,49.8655,0.1166,0.21
"Raleigh, NC",Turf Field Lab,23SAUG,StAug,2024-08-14,P059,6,0.068,0.1008,0.0782,0.1245,0.2588,0.2102,0.2033,0.0554,0.1261,1.2886,65.1476,0.0799,0.1126,0.0994,0.0696,0.2417,0.3652,0.1782,0.2233,0.1394,0.168,0.1764,1.4284,0.6801,0.2036,0.5723,2.6763,60.2237,0.0834,0.1569
"Raleigh, NC",Turf Field Lab,23SAUG,StAug,2024-08-14,P060,6,0.0604,0.0859,0.071,0.1727,0.2346,0.1128,0.1542,0.0404,0.0948,1.2096,57.4943,0.107,0.1608,0.1039,0.0775,0.2196,0.336,0.2036,0.1525,0.24,0.2543,0.1452,1.3396,0.6251,0.2095,0.5278,2.2354,53.184,0.0817,0.1144
"Raleigh, NC",Turf Field Lab,23SAUG,StAug,2024-10-04,P001,8,0.061,0.0992,0.0702,0.1729,0.1627,0.23,0.2681,0.0672,0.1715,1.4139,77.8143,0.1565,0.1236,0.0864,0.0542,0.2944,0.4739,0.1898,0.1766,0.0589,0.1321,0.2294,1.5953,0.7949,0.2337,0.6916,4.4856,81.0259,0.0556,0.1382
"Raleigh, NC",Turf Field Lab,23SAUG,StAug,2024-10-04,P002,7,0.0576,0.0945,0.0677,0.1468,0.1794,0.145,0.2561,0.0636,0.1651,1.3956,58.423,0.1407,0.1305,0.0811,0.059,0.3018,0.4602,0.2129,0.1909,0.0538,0.1957,0.1574,1.3737,0.7726,0.2079,0.7004,4.6745,66.1434,0.1179,0.1091
"Raleigh, NC",Turf Field Lab,23SAUG,StAug,2024-10-04,P003,7,0.0483,0.0828,0.0586,0.2004,0.2045,0.0941,0.2604,0.0588,0.1715,1.4139,59.2423,0.0752,0.1778,0.0721,0.0576,0.3083,0.4748,0.1479,0.0966,0.1864,0.1807,0.1114,1.2507,0.7835,0.2126,0.7364,5.5872,52.1651,0.1204,0.1446
"Raleigh, NC",Turf Field Lab,23SAUG,StAug,2024-10-04,P004,8,0.0341,0.0621,0.0445,0.136,0.1231,0.1627,0.2423,0.0455,0.1647,1.3945,69.0455,0.1329,0.1887,0.0837,0.0548,0.2832,0.4579,0.2115,0.2203,0.1341,0.1582,0.2087,1.5275,0.7862,0.2358,0.6908,4.4685,73.8146,0.1141,0.158
"Raleigh, NC",Turf Field Lab,23SAUG,StAug,2024-10-04,P005,8,0.0507,0.0851,0.0606,0.1653,0.215,0.2178,0.2578,0.0588,0.1681,1.4041,59.1696,0.0842,0.1878,0.0643,0.0521,0.3377,0.5207,0.1987,0.203,0.221,0.2058,0.1054,1.2356,0.8181,0.2132,0.78,7.0916,72.8208,0.1525,0.1064
"Raleigh, NC",Turf Field Lab,23SAUG,StAug,2024-10-04,P006,6,0.0595,0.0941,0.07,0.168,0.1187,0.2007,0.2306,0.0587,0.147,1.3446,60.2448,0.0729,0.1635,0.0888,0.0642,0.2546,0.3854,0.1668,0.2023,0.1873,0.2352,0.1604,1.3822,0.7143,0.2043,0.6256,3.3417,71.1482,0.1433,0.1018
"Raleigh, NC",Turf Field Lab,23SAUG,StAug,2024-10-04,P007,5,0.0656,0.0967,0.0763,0.0917,0.1296,0.1659,0.1895,0.0514,0.1176,1.2665,65.5678,0.0681,0.1297,0.1125,0.0908,0.1695,0.2632,0.2536,0.1702,0.1479,0.2569,0.1066,1.2386,0.4869,0.2166,0.4012,1.34,63.6538,0.1607,0.1017
"Raleigh, NC",Turf Field Lab,23SAUG,StAug,2024-10-04,P008,7,0.0599,0.0916,0.07,0.2227,0.2041,0.2149,0.2129,0.0534,0.134,1.3095,60.8596,0.1469,0.1864,0.0893,0.0597,0.2697,0.4162,0.1956,0.2087,0.1598,0.1645,0.1991,1.4972,0.7492,0.2136,0.6466,3.6592,55.3745,0.1221,0.1204
"Raleigh, NC",Turf Field Lab,23SAUG,StAug,2024-10-04,P009,8,0.0452,0.0791,0.055,0.17,0.2307,0.1852,0.271,0.0581,0.1797,1.4382,52.7484,0.1305,0.0941,0.0641,0.0484,0.3011,0.4824,0.2054,0.1633,0.1485,0.1908,0.1398,1.3251,0.8177,0.2314,0.7654,6.5245,74.0195,0.048,0.1873
"Raleigh, NC",Turf Field Lab,23SAUG,StAug,2024-10-04,P010,5,0.0673,0.0958,0.0784,0.1985,0.1937,0.2154,0.1636,0.046,0.1003,1.2231,40.9558,0.152,0.167,0.0869,0.0733,0.2716,0.3812,0.1579,0.2121,0.1811,0.2368,0.0849,1.1855,0.6773,0.1679,0.6286,3.3849,54.3578,0.1209,0.1793
"Raleigh, NC",Turf Field Lab,23SAUG,StAug,2024-10-04,P011,7,0.0662,0.1028,0.0759,0.1257,0.2202,0.1183,0.2388,0.0636,0.1505,1.3542,59.179,0.1207,0.1276,0.0987,0.0669,0.2186,0.352,0.1488,0.1925,0.179,0.2092,0.1918,1.4748,0.6806,0.2339,0.5622,2.5679,59.769,0.1718,0.2128
"Raleigh, NC",Turf Field Lab,23SAUG,StAug,2024-10-04,P012,7,0.0544,0.0839,0.0647,0.2142,0.1997,0.2145,0.2036,0.0487,0.1291,1.2964,46.328,0.0574,0.1145,0.0938,0.077,0.2171,0.3499,0.211,0.2012,0.1312,0.1685,0.0987,1.219,0.6393,0.2342,0.577,2.7279,63.8673,0.0758,0.1005
"Raleigh, NC",Turf Field Lab,23SAUG,StAug,2024-10-04,P013,8,0.0408,0.0678,0.051,0.1758,0.2422,0.2311,0.2144,0.0437,0.1408,1.3277,67.9146,0.0768,0.1015,0.0787,0.0574,0.2721,0.4396,0.1556,0.1577,0.161,0.1979,0.1563,1.3706,0.769,0.2353,0.6964,4.5871,60.8923,0.0546,0.0784
"Raleigh, NC",Turf Field Lab,23SAUG,StAug,2024-10-04,P014,7,0.0469,0.079,0.0574,0.2637,0.2816,0.1966,0.2406,0.0536,0.1579,1.375,61.5544,0.152,0.1384,0.0883,0.0634,0.2648,0.4134,0.1765,0.1581,0.2227,0.2051,0.1647,1.3944,0.7342,0.2191,0.6479,3.6797,58.3245,0.1272,0.1439
"Raleigh, NC",Turf Field Lab,23SAUG,StAug,2024-10-04,P015,9,0.0396,0.0735,0.0494,0.1546,0.1735,0.068,0.2891,0.058,0.196,1.4876,70.2627,0.0092,0.1588,0.0848,0.0585,0.2782,0.4607,0.1192,0.1181,0.2359,0.2178,0.1841,1.4513,0.7748,0.2469,0.689,4.4308,88.6044,0.1012,0.1538
"Raleigh, NC",Turf Field Lab,23SAUG,StAug,2024-10-04,P016,7,0.0479,0.0795,0.0582,0.2096,0.1558,0.2054,0.2369,0.0529,0.1545,1.3655,75.3576,0.0901,0.216,0.0866,0.0595,0.2701,0.4252,0.1958,0.249,0.162,0.1428,0.1856,1.4558,0.7546,0.2231,0.6616,3.9104,70.2441,0.0543,0.1643
"Raleigh, NC",Turf Field Lab,23SAUG,StAug,2024-10-04,P017,6,0.061,0.0932,0.0714,0.2284,0.1792,0.1634,0.2104,0.054,0.1325,1.3054,65.7433,0.1387,0.2023,0.078,0.062,0.2903,0.431,0.1663,0.1231,0.1227,0.1971,0.1147,1.259,0.7486,0.195,0.6935,4.5255,54.4557,0.112,0.1398
"Raleigh, NC",Turf Field Lab,23SAUG,StAug,2024-10-04,P018,8,0.056,0.098,0.0657,0.1533,0.1639,0.1117,0.2998,0.0743,0.1973,1.4915,69.1645,0.1007,0.1348,0.0878,0.062,0.2522,0.4101,0.1643,0.1242,0.1879,0.1621,0.1724,1.4166,0.7374,0.2383,0.6473,3.6712,57.6501,0.1267,0.1231
"Raleigh, NC",Turf Field Lab,23SAUG,StAug,2024-10-04,P019,7,0.0548,0.0874,0.0647,0.1093,0.1793,0.1273,0.2341,0.0555,0.1498,1.3523,63.2414,0.1641,0.214,0.0902,0.071,0.2413,0.3927,0.159,0.1598,0.1907,0.1321,0.1191,1.2703,0.6938,0.2387,0.6264,3.354,64.7991,0.0697,0.1914
"Raleigh, NC",Turf Field Lab,23SAUG,StAug,2024-10-04,P020,8,0.052,0.0907,0.0619,0.1069,0.2232,0.2128,0.2856,0.0674,0.1883,1.4639,62.7784,0.1405,0.1942,0.0788,0.0566,0.2724,0.4346,0.2227,0.278,0.2033,0.2036,0.1644,1.3935,0.7697,0.2295,0.693,4.514,54.8986,0.1331,0.1045
"Raleigh, NC",Turf Field Lab,23SAUG,StAug,2024-10-04,P021,8,0.0559,0.0907,0.0652,0.1601,0.179,0.1413,0.2551,0.0603,0.1637,1.3914,70.7531,0.0733,0.0947,0.094,0.0673,0.2117,0.3708,0.2296,0.1555,0.2115,0.1338,0.1657,1.3973,0.6929,0.2732,0.5956,2.9452,86.1087,0.0919,0.1259
"Raleigh, NC",Turf Field Lab,23SAUG,StAug,2024-10-04,P022,7,0.051,0.0882,0.0613,0.1297,0.2034,0.1652,0.2723,0.064,0.1795,1.4375,75.7097,0.0768,0.182,0.0748,0.0616,0.2877,0.4427,0.2152,0.1527,0.1283,0.2758,0.0971,1.2151,0.7558,0.2122,0.7109,4.9177,80.4713,0.0505,0.1738
"Raleigh, NC",Turf Field Lab,23SAUG,StAug,2024-10-04,P023,9,0.054,0.0934,0.0632,0.1892,0.1309,0.1625,0.2943,0.0696,0.1928,1.4778,74.3363,0.0334,0.1859,0.0912,0.0609,0.2567,0.4333,0.1066,0.0545,0.1031,0.0869,0.1998,1.4994,0.7537,0.2558,0.6521,3.7488,75.6003,0.1328,0.1156
"Raleigh, NC",Turf Field Lab,23SAUG,StAug,2024-10-04,P024,7,0.0446,0.0737,0.055,0.2396,0.1305,0.1631,0.2226,0.0478,0.1455,1.3405,76.9601,0.106,0.16,0.1001,0.0741,0.1965,0.3342,0.2284,0.0903,0.2348,0.2941,0.1493,1.3511,0.6371,0.2593,0.5391,2.3393,72.8575,0.1542,0.1729
"Raleigh, NC",Turf Field Lab,23SAUG,StAug,2024-10-04,P025,6,0.0447,0.0691,0.0559,0.2696,0.1461,0.1724,0.1643,0.0376,0.1056,1.2361,76.3329,0.1394,0.0745,0.0917,0.0697,0.2592,0.3893,0.1383,0.1059,0.1431,0.236,0.1363,1.3157,0.6964,0.2006,0.6189,3.2475,68.3392,0.0945,0.1983
"Raleigh, NC",Turf Field Lab,23SAUG,StAug,2024-10-04,P026,8,0.0336,0.0624,0.044,0.1644,0.2031,0.1125,0.2533,0.0472,0.1732,1.419,62.538,0.1009,0.1407,0.0905,0.0589,0.2625,0.4336,0.1999,0.1172,0.1998,0.166,0.2113,1.5358,0.7608,0.2458,0.6548,3.7936,74.8206,0.1255,0.1215
"Raleigh, NC",Turf Field Lab,23SAUG,StAug,2024-10-04,P027,6,0.0577,0.0886,0.0685,0.1406,0.1935,0.2605,0.2027,0.051,0.1282,1.2941,55.8997,0.1049,0.1257,0.0839,0.0708,0.237,0.3584,0.2159,0.1023,0.1424,0.2288,0.0843,1.184,0.6699,0.2039,0.6207,3.2727,69.1741,0.1271,0.1442
"Raleigh, NC",Turf Field Lab,23SAUG,StAug,2024-10-04,P028,6,0.0577,0.087,0.0684,0.1019,0.2074,0.2894,0.1914,0.048,0.1203,1.2735,77.6932,0.1781,0.1241,0.1109,0.0879,0.1646,0.2698,0.1689,0.2214,0.1995,0.1609,0.1155,1.2611,0.5084,0.2423,0.4174,1.4332,68.6162,0.145,0.1581
"Raleigh, NC",Turf Field Lab,23SAUG,StAug,2024-10-04,P029,8,0.0542,0.0886,0.0637,0.1193,0.1411,0.1188,0.2543,0.0594,0.1638,1.3919,68.0151,0.1267,0.1337,0.0673,0.0504,0.3022,0.4827,0.1802,0.0757,0.1496,0.1894,0.1434,1.3348,0.8108,0.2301,0.7553,6.1723,61.7442,0.1195,0.1348
"Raleigh, NC",Turf Field Lab,23SAUG,StAug,2024-10-04,P030,5,0.0612,0.0945,0.0722,0.1824,0.2627,0.1947,0.2111,0.0555,0.1335,1.3082,65.0474,0.1257,0.1199,0.0989,0.08,0.2117,0.3143,0.1957,0.2519,0.1873,0.1449,0.1057,1.2365,0.5944,0.195,0.5214,2.1787,57.4099,0.1228,0.0329
"Raleigh, NC",Turf Field Lab,23SAUG,StAug,2024-10-04,P031,7,0.0604,0.0933,0.0703,0.1774,0.2257,0.2721,0.2233,0.056,0.1409,1.3279,63.9789,0.1666,0.1265,0.0848,0.0616,0.2699,0.4214,0.1228,0.28,0.0855,0.2128,0.1583,1.376,0.7448,0.2193,0.6649,3.969,59.4604,0.0965,0.1259
"Raleigh, NC",Turf Field Lab,23SAUG,StAug,2024-10-04,P032,9,0.0308,0.0633,0.0409,0.0834,0.1629,0.1471,0.305,0.0549,0.215,1.5478,89.5389,0.109,0.1264,0.0754,0.0459,0.312,0.5065,0.0866,0.1519,0.1447,0.2179,0.2433,1.6432,0.8338,0.2376,0.7407,5.7143,72.9197,0.0851,0.1065
"Raleigh, NC",Turf Field Lab,23SAUG,StAug,2024-10-04,P033,7,0.072,0.1084,0.0817,0.0772,0.2113,0.0905,0.2263,0.0631,0.1405,1.327,60.9286,0.0714,0.1313,0.1037,0.0701,0.2165,0.3457,0.2629,0.1683,0.1157,0.2224,0.1929,1.4781,0.6627,0.2298,0.5387,2.3352,64.0768,0.1421,0.1659
"Raleigh, NC",Turf Field Lab,23SAUG,StAug,2024-10-04,P034,8,0.0508,0.0847,0.0608,0.1864,0.148,0.1671,0.2521,0.0578,0.1641,1.3927,63.4395,0.1599,0.2376,0.0972,0.0626,0.2265,0.3748,0.1253,0.2313,0.2614,0.153,0.2166,1.553,0.7139,0.2467,0.5883,2.8577,81.4443,0.1345,0.1296
"Raleigh, NC",Turf Field Lab,23SAUG,StAug,2024-10-04,P035,7,0.0583,0.0958,0.0683,0.1882,0.213,0.0931,0.2595,0.065,0.1674,1.4021,70.4978,0.0401,0.1578,0.1022,0.0777,0.2033,0.3342,0.136,0.1576,0.2447,0.1134,0.1363,1.3155,0.6229,0.2435,0.5317,2.2711,61.0562,0.1288,0.1848
"Raleigh, NC",Turf Field Lab,23SAUG,StAug,2024-10-04,P036,7,0.0587,0.0939,0.069,0.1342,0.2277,0.0851,0.2387,0.06,0.1527,1.3603,44.8093,0.065,0.1393,0.0991,0.0771,0.2222,0.3508,0.2257,0.2009,0.1331,0.1831,0.1249,1.2855,0.6396,0.2246,0.5594,2.5394,70.5527,0.1179,0.0826
"Raleigh, NC",Turf Field Lab,23SAUG,StAug,2024-10-04,P037,5,0.0661,0.1,0.0769,0.2657,0.1169,0.2101,0.2091,0.057,0.1309,1.3013,65.3317,0.1586,0.0716,0.1181,0.0873,0.1778,0.2724,0.1752,0.0968,0.1911,0.2109,0.1504,1.354,0.5147,0.21,0.3949,1.3054,48.3585,0.1506,0.1769
"Raleigh, NC",Turf Field Lab,23SAUG,StAug,2024-10-04,P038,7,0.0569,0.0846,0.0673,0.1374,0.1534,0.2182,0.1824,0.0451,0.1141,1.2576,50.5854,0.1033,0.1243,0.1023,0.0726,0.2086,0.3332,0.2447,0.1452,0.292,0.1815,0.1696,1.4084,0.6421,0.2301,0.5303,2.258,60.0211,0.1549,0.1909
"Raleigh, NC",Turf Field Lab,23SAUG,StAug,2024-10-04,P039,8,0.0568,0.0957,0.066,0.166,0.2233,0.183,0.2829,0.0686,0.1835,1.4496,73.0064,0.0881,0.1801,0.0846,0.0598,0.2697,0.4451,0.0866,0.1797,0.2182,0.0586,0.1715,1.4141,0.7631,0.2454,0.6807,4.2639,68.9461,0.1427,0.1171
"Raleigh, NC",Turf Field Lab,23SAUG,StAug,2024-10-04,P040,8,0.0439,0.0753,0.054,0.1701,0.2253,0.1522,0.2495,0.0527,0.1648,1.3946,62.5739,0.0894,0.193,0.0978,0.0656,0.2265,0.3818,0.1865,0.2008,0.1709,0.0343,0.1974,1.4919,0.7068,0.2553,0.592,2.9024,69.1481,0.063,0.1262
"Raleigh, NC",Turf Field Lab,23SAUG,StAug,2024-10-04,P041,9,0.0549,0.094,0.064,0.154,0.1129,0.153,0.2905,0.0691,0.1896,1.4681,89.3616,0.0434,0.1723,0.0752,0.0465,0.2992,0.4874,0.1548,0.1795,0.1454,0.0621,0.2356,1.6163,0.8257,0.2392,0.7327,5.4817,76.7283,0.0731,0.1626
"Raleigh, NC",Turf Field Lab,23SAUG,StAug,2024-10-04,P042,6,0.0561,0.0933,0.0668,0.2625,0.1306,0.2567,0.2551,0.0637,0.1657,1.3972,59.8445,0.1057,0.1581,0.1033,0.0642,0.2639,0.3961,0.1811,0.2369,0.1533,0.1838,0.234,1.6109,0.7212,0.2003,0.5862,2.8327,59.3879,0.0835,0.1384
"Raleigh, NC",Turf Field Lab,23SAUG,StAug,2024-10-04,P043,7,0.0515,0.0801,0.062,0.1056,0.1797,0.1657,0.199,0.0466,0.1269,1.2907,74.8733,0.0946,0.1135,0.118,0.0876,0.1568,0.2697,0.1751,0.1094,0.2239,0.127,0.1477,1.3467,0.5094,0.2647,0.3912,1.2849,75.9478,0.0902,0.1763
"Raleigh, NC",Turf Field Lab,23SAUG,StAug,2024-10-04,P044,7,0.0568,0.0888,0.0671,0.1437,0.2307,0.1314,0.2182,0.0536,0.1387,1.322,70.0516,0.1057,0.1078,0.0894,0.0768,0.2532,0.3922,0.2682,0.215,0.2131,0.1558,0.0759,1.1642,0.6726,0.2154,0.6288,3.3874,58.9505,0.0816,0.1306
"Raleigh, NC",Turf Field Lab,23SAUG,StAug,2024-10-04,P045,7,0.0643,0.1036,0.0743,0.1533,0.1131,0.1587,0.2584,0.0687,0.165,1.3952,80.6004,0.0805,0.1653,0.1019,0.0785,0.1966,0.3212,0.1639,0.194,0.1792,0.2486,0.1294,1.2973,0.607,0.2406,0.5183,2.1521,68.6956,0.1031,0.1782
"Raleigh, NC",Turf Field Lab,23SAUG,StAug,2024-10-04,P046,8,0.0399,0.0692,0.0503,0.1533,0.2094,0.1386,0.2367,0.0481,0.1577,1.3746,61.4364,0.1113,0.1481,0.1004,0.0671,0.2119,0.3581,0.2236,0.1526,0.206,0.2052,0.1987,1.4961,0.6843,0.2564,0.562,2.5658,65.4709,0.1173,0.0936
"Raleigh, NC",Turf Field Lab,23SAUG,StAug,2024-10-04,P047,9,0.0486,0.0845,0.0578,0.0974,0.12,0.0916,0.2846,0.0626,0.1874,1.4613,70.4308,0.0766,0.1192,0.0819,0.0462,0.2803,0.469,0.1017,0.0622,0.205,0.1132,0.2787,1.7728,0.8207,0.2518,0.7028,4.7288,83.3162,0.0626,0.1119
"Raleigh, NC",Turf Field Lab,23SAUG,StAug,2024-10-04,P048,7,0.0458,0.0775,0.0563,0.1341,0.2672,0.1888,0.241,0.0529,0.1585,1.3767,66.7131,0.098,0.143,0.0867,0.0644,0.2772,0.4318,0.1224,0.1045,0.1311,0.2027,0.1478,1.3469,0.7406,0.2181,0.6656,3.9812,60.456,0.1717,0.173
"Raleigh, NC",Turf Field Lab,23SAUG,StAug,2024-10-04,P049,8,0.042,0.0783,0.0521,0.0828,0.1516,0.0903,0.2964,0.0625,0.2009,1.5029,74.2671,0.0923,0.2017,0.0878,0.0669,0.2435,0.4059,0.1904,0.1647,0.1486,0.1328,0.1351,1.3124,0.717,0.2501,0.6443,3.6225,73.2425,0.0415,0.1149
"Raleigh, NC",Turf Field Lab,23SAUG,StAug,2024-10-04,P050,7,0.064,0.1003,0.0741,0.1708,0.2765,0.1502,0.2372,0.0625,0.1502,1.3535,60.1715,0.1113,0.1112,0.0845,0.0605,0.2921,0.4386,0.1601,0.1654,0.1128,0.1652,0.1654,1.3963,0.7576,0.2006,0.6771,4.1934,65.1056,0.1204,0.2094
"Raleigh, NC",Turf Field Lab,23SAUG,StAug,2024-10-04,P051,8,0.0612,0.1018,0.0704,0.2949,0.1221,0.1578,0.2826,0.072,0.1822,1.4456,79.2349,0.1415,0.128,0.0783,0.0585,0.2783,0.4497,0.2243,0.0999,0.2104,0.2088,0.1449,1.339,0.7699,0.2354,0.7035,4.7446,64.5116,0.0833,0.1533
"Raleigh, NC",Turf Field Lab,23SAUG,StAug,2024-10-04,P052,6,0.0802,0.1165,0.0897,0.1325,0.2031,0.2186,0.2125,0.0631,0.1299,1.2985,50.9836,0.0795,0.153,0.1,0.0748,0.2341,0.361,0.2578,0.2048,0.1526,0.1847,0.1442,1.337,0.6568,0.2132,0.5662,2.6103,68.3579,0.1257,0.1531
"Raleigh, NC",Turf Field Lab,23SAUG,StAug,2024-10-04,P053,6,0.0687,0.106,0.079,0.1462,0.136,0.2227,0.232,0.0643,0.1458,1.3414,53.4387,0.0784,0.1193,0.1101,0.0819,0.2116,0.3241,0.111,0.2664,0.1204,0.2012,0.147,1.3446,0.5965,0.2101,0.4928,1.9429,63.1302,0.1305,0.2078
"Raleigh, NC",Turf Field Lab,23SAUG,StAug,2024-10-04,P054,6,0.0619,0.0982,0.0721,0.1789,0.1574,0.1734,0.2403,0.0624,0.153,1.3612,52.3105,0.0984,0.1949,0.076,0.0617,0.2946,0.4402,0.1387,0.1468,0.2367,0.1391,0.1039,1.2319,0.7543,0.1982,0.7057,4.7956,61.1076,0.1335,0.0516
"Raleigh, NC",Turf Field Lab,23SAUG,StAug,2024-10-04,P055,7,0.0618,0.0972,0.0719,0.195,0.2064,0.112,0.2351,0.0606,0.1491,1.3506,73.5066,0.1738,0.2115,0.1137,0.081,0.1752,0.2922,0.1626,0.245,0.1554,0.2213,0.1683,1.4048,0.5661,0.2502,0.4397,1.5694,54.1178,0.1232,0.0979
"Raleigh, NC",Turf Field Lab,23SAUG,StAug,2024-10-04,P056,9,0.0549,0.0964,0.0641,0.2048,0.1719,0.0665,0.3055,0.0737,0.2009,1.5029,63.1668,0.0097,0.114,0.0672,0.0445,0.3333,0.5299,0.1603,0.2319,0.0516,0.1893,0.2038,1.5121,0.8452,0.2278,0.7749,6.8846,63.978,0.0619,0.1795
"Raleigh, NC",Turf Field Lab,23SAUG,StAug,2024-10-04,P057,6,0.0593,0.0905,0.0697,0.2171,0.1671,0.1073,0.2058,0.0519,0.1296,1.2979,72.1475,0.1483,0.1639,0.0875,0.0666,0.2596,0.3944,0.1927,0.1488,0.1386,0.2071,0.1352,1.3127,0.7109,0.2061,0.6369,3.5089,61.9171,0.0518,0.118
"Raleigh, NC",Turf Field Lab,23SAUG,StAug,2024-10-04,P058,6,0.0669,0.1049,0.0772,0.1486,0.2272,0.1925,0.2406,0.0656,0.1521,1.3589,54.9131,0.144,0.2126,0.0983,0.0678,0.2308,0.3533,0.2279,0.2364,0.224,0.2606,0.184,1.4508,0.6781,0.2097,0.5646,2.5936,63.6703,0.0694,0.2048
"Raleigh, NC",Turf Field Lab,23SAUG,StAug,2024-10-04,P059,6,0.0625,0.0954,0.0731,0.197,0.2522,0.1171,0.2101,0.0551,0.1321,1.3045,51.8432,0.081,0.1407,0.0957,0.0751,0.2249,0.341,0.3004,0.2617,0.2012,0.2232,0.1206,1.2743,0.639,0.2053,0.5617,2.5627,47.9565,0.1541,0.149
"Raleigh, NC",Turf Field Lab,23SAUG,StAug,2024-10-04,P060,7,0.04,0.0654,0.0506,0.1479,0.1597,0.1381,0.195,0.0402,0.1277,1.2929,82.8584,0.1078,0.2002,0.0817,0.0593,0.2771,0.4368,0.1553,0.1407,0.1671,0.169,0.1584,1.3764,0.7608,0.2237,0.6849,4.3477,76.4907,0.1411,0.1233
"Raleigh, NC",Turf Field Lab,19BER,Berm,2024-06-07,P001,6,0.0402,0.0775,0.0546,0.238,0.1574,0.1637,0.249,0.0602,0.1733,1.4192,66.0984,0.1084,0.208,0.056,0.0397,0.3519,0.543,0.225,0.2054,0.1402,0.1018,0.1701,1.41,0.8637,0.2135,0.813,8.6965,58.0191,0.1278,0.1354
"Raleigh, NC",Turf Field Lab,19BER,Berm,2024-06-07,P002,6,0.0657,0.0968,0.0727,0.1865,0.1589,0.1293,0.2324,0.0551,0.1422,1.3316,76.6895,0.1058,0.1354,0.084,0.0596,0.2716,0.4339,0.1868,0.1693,0.2308,0.1461,0.1703,1.4105,0.7586,0.23,0.6756,4.166,76.6278,0.0478,0.1736
"Raleigh, NC",Turf Field Lab,19BER,Berm,2024-06-07,P003,7,0.0361,0.0584,0.0377,0.1639,0.1738,0.1559,0.3456,0.0431,0.2158,1.5502,76.8977,0.1012,0.1101,0.0995,0.0709,0.2252,0.3782,0.1421,0.1782,0.1797,0.1741,0.1679,1.4036,0.6844,0.2535,0.5835,2.8019,69.6498,0.0163,0.1386
"Raleigh, NC",Turf Field Lab,19BER,Berm,2024-06-07,P004,4,0.0564,0.0714,0.0586,0.2156,0.1811,0.1846,0.1729,0.0277,0.0979,1.2171,59.7763,0.0461,0.1385,0.0987,0.0734,0.2166,0.3468,0.2286,0.2032,0.2456,0.291,0.147,1.3447,0.6505,0.2311,0.5568,2.5126,62.5485,0.145,0.1183
"Raleigh, NC",Turf Field Lab,19BER,Berm,2024-06-07,P005,6,0.0466,0.0938,0.066,0.1662,0.1789,0.2055,0.2462,0.075,0.1744,1.4224,78.1192,0.1078,0.1481,0.1034,0.0682,0.2366,0.3858,0.2409,0.1188,0.2343,0.2362,0.2048,1.5151,0.6994,0.2397,0.5773,2.7317,70.529,0.1075,0.1053
"Raleigh, NC",Turf Field Lab,19BER,Berm,2024-06-07,P006,3,0.0473,0.0857,0.0678,0.2182,0.2355,0.1989,0.1694,0.0564,0.1172,1.2654,57.458,0.0991,0.1748,0.0657,0.0573,0.2821,0.4341,0.2376,0.2363,0.2049,0.1509,0.0684,1.1468,0.7668,0.2122,0.7371,5.6076,69.1238,0.0966,0.1474
"Raleigh, NC",Turf Field Lab,19BER,Berm,2024-06-07,P007,4,0.0603,0.102,0.073,0.2855,0.1789,0.1981,0.2525,0.0707,0.1656,1.3968,55.3992,0.1083,0.163,0.0986,0.0705,0.2284,0.3612,0.1765,0.1413,0.1455,0.2136,0.1657,1.3972,0.6732,0.2252,0.5713,2.6647,55.8813,0.134,0.0372
"Raleigh, NC",Turf Field Lab,19BER,Berm,2024-06-07,P008,4,0.0588,0.0832,0.0669,0.2061,0.2146,0.1733,0.1794,0.0408,0.1091,1.245,54.3844,0.1164,0.1644,0.1065,0.0829,0.1782,0.294,0.1558,0.1959,0.0628,0.1481,0.1243,1.2838,0.5599,0.2453,0.4682,1.7611,81.3568,0.1403,0.1989
"Raleigh, NC",Turf Field Lab,19BER,Berm,2024-06-07,P009,4,0.0664,0.0854,0.0683,0.2435,0.1619,0.1783,0.1962,0.0362,0.1115,1.251,80.6198,0.1318,0.1361,0.0984,0.0746,0.2122,0.3386,0.2403,0.194,0.2223,0.1423,0.1377,1.3195,0.6391,0.2294,0.5498,2.4423,66.0871,0.1512,0.1543
"Raleigh, NC",Turf Field Lab,19BER,Berm,2024-06-07,P010,6,0.0455,0.085,0.0536,0.1166,0.1148,0.1556,0.3378,0.0709,0.2267,1.5865,79.029,0.1225,0.1669,0.1046,0.0732,0.2164,0.3605,0.2067,0.1464,0.1389,0.1672,0.1767,1.4293,0.6625,0.2499,0.5502,2.4467,63.5593,0.0928,0.2042
"Raleigh, NC",Turf Field Lab,19BER,Berm,2024-06-07,P011,6,0.0596,0.0963,0.0697,0.1747,0.1781,0.1251,0.2493,0.0632,0.1598,1.3805,67.5647,0.062,0.1407,0.0813,0.0596,0.2716,0.4343,0.1809,0.2055,0.1787,0.2345,0.1542,1.3645,0.7588,0.2306,0.6847,4.3439,51.1432,0.0804,0.1604
"Raleigh, NC",Turf Field Lab,19BER,Berm,2024-06-07,P012,6,0.0586,0.1029,0.0729,0.2171,0.1378,0.1179,0.2562,0.0743,0.1708,1.4119,76.4064,0.1154,0.2025,0.0871,0.0619,0.2622,0.42,0.1146,0.1954,0.1145,0.168,0.1691,1.4072,0.7431,0.2312,0.6564,3.8211,61.3927,0.1285,0.0906
"Raleigh, NC",Turf Field Lab,19BER,Berm,2024-06-07,P013,6,0.0458,0.0824,0.056,0.1044,0.2008,0.0825,0.2856,0.063,0.191,1.4723,66.1141,0.0854,0.1247,0.09,0.0634,0.2561,0.4136,0.1375,0.139,0.224,0.1203,0.1735,1.4198,0.7343,0.2352,0.6426,3.5966,55.4846,0.1264,0.1686
"Raleigh, NC",Turf Field Lab,19BER,Berm,2024-06-07,P014,3,0.0597,0.0982,0.0752,0.2425,0.193,0.2171,0.2019,0.0615,0.1324,1.3053,64.62,0.1192,0.1806,0.0953,0.0654,0.2496,0.3875,0.166,0.1476,0.1617,0.1894,0.1864,1.4581,0.7113,0.2164,0.6051,3.0652,34.1809,0.1592,0.1706
"Raleigh, NC",Turf Field Lab,19BER,Berm,2024-06-07,P015,5,0.0713,0.0964,0.0707,0.1821,0.1271,0.087,0.2686,0.0508,0.1539,1.3639,80.8582,0.1605,0.0841,0.0913,0.0625,0.2602,0.413,0.1471,0.134,0.1737,0.1708,0.1869,1.4598,0.7371,0.2271,0.6381,3.5261,77.4851,0.0679,0.0987
"Raleigh, NC",Turf Field Lab,19BER,Berm,2024-06-07,P016,5,0.0648,0.0896,0.0602,0.1709,0.1749,0.1613,0.3465,0.0542,0.1966,1.4893,74.0368,0.1308,0.1804,0.0906,0.0625,0.2601,0.4127,0.1498,0.1961,0.2403,0.2173,0.1831,1.4482,0.7369,0.2269,0.6401,3.5579,57.1294,0.1592,0.1248
"Raleigh, NC",Turf Field Lab,19BER,Berm,2024-06-07,P017,1,0.0802,0.1151,0.0916,0.2959,0.2978,0.1633,0.1856,0.0584,0.1136,1.2562,56.129,0.1592,0.2211,0.1081,0.0835,0.1778,0.2711,0.2191,0.1733,0.2166,0.1304,0.1282,1.294,0.529,0.2079,0.43,1.5087,55.4612,0.1211,0.134
"Raleigh, NC",Turf Field Lab,19BER,Berm,2024-06-07,P018,4,0.0605,0.0771,0.0629,0.1659,0.256,0.2162,0.1784,0.0307,0.1013,1.2253,57.5786,0.1278,0.1985,0.0904,0.0646,0.2525,0.3941,0.1665,0.1289,0.2299,0.1885,0.1666,1.3999,0.7184,0.2191,0.6268,3.3587,53.319,0.1363,0.1511
"Raleigh, NC",Turf Field Lab,19BER,Berm,2024-06-07,P019,6,0.0419,0.0843,0.0572,0.1185,0.1742,0.1468,0.2714,0.0694,0.1911,1.4725,75.0316,0.1152,0.1298,0.0923,0.0612,0.265,0.4262,0.1899,0.2133,0.1142,0.1369,0.2031,1.5098,0.749,0.2332,0.6439,3.6159,78.8518,0.1252,0.1109
"Raleigh, NC",Turf Field Lab,19BER,Berm,2024-06-07,P020,6,0.0575,0.107,0.0718,0.2077,0.2649,0.149,0.2905,0.0847,0.197,1.4906,55.789,0.0749,0.1145,0.0844,0.0557,0.2874,0.4538,0.1822,0.1602,0.1846,0.2287,0.2048,1.515,0.7814,0.2245,0.6865,4.379,79.0049,0.08,0.0986
"Raleigh, NC",Turf Field Lab,19BER,Berm,2024-06-07,P021,4,0.0647,0.0949,0.0661,0.1579,0.1479,0.2042,0.2991,0.059,0.1789,1.4357,68.9185,0.1377,0.1871,0.0837,0.0594,0.2733,0.4243,0.1858,0.1066,0.1894,0.2564,0.1696,1.4085,0.7543,0.2165,0.6705,4.07,50.5392,0.125,0.0702
"Raleigh, NC",Turf Field Lab,19BER,Berm,2024-06-07,P022,5,0.0711,0.1198,0.0843,0.156,0.2318,0.199,0.2669,0.0841,0.1739,1.421,37.2305,0.1461,0.0961,0.0988,0.0749,0.2103,0.3407,0.3017,0.112,0.2232,0.1439,0.1376,1.319,0.6394,0.2366,0.5502,2.4466,61.1726,0.1366,0.0968
"Raleigh, NC",Turf Field Lab,19BER,Berm,2024-06-07,P023,6,0.0387,0.0893,0.061,0.1384,0.1954,0.1096,0.2531,0.0789,0.188,1.4631,48.9343,0.0925,0.2033,0.0843,0.0597,0.271,0.434,0.182,0.2223,0.1241,0.0996,0.1711,1.4127,0.7582,0.2313,0.6747,4.1474,72.916,0.0979,0.1406
"Raleigh, NC",Turf Field Lab,19BER,Berm,2024-06-07,P024,4,0.0732,0.0929,0.072,0.1602,0.256,0.2243,0.2281,0.0405,0.1268,1.2903,50.4859,0.1254,0.1166,0.0951,0.0683,0.2376,0.3742,0.0474,0.2581,0.2499,0.2343,0.1644,1.3935,0.6914,0.2233,0.5946,2.933,53.6319,0.1509,0.1529
"Raleigh, NC",Turf Field Lab,19BER,Berm,2024-06-07,P025,5,0.0641,0.1181,0.0814,0.0675,0.2376,0.2163,0.271,0.0906,0.1839,1.4506,59.9246,0.1383,0.1395,0.0991,0.076,0.206,0.3362,0.2303,0.2148,0.1683,0.1399,0.1321,1.3044,0.6315,0.2401,0.5448,2.3935,58.2966,0.1378,0.2621
"Raleigh, NC",Turf Field Lab,19BER,Berm,2024-06-07,P026,5,0.044,0.0798,0.0561,0.0954,0.1294,0.1506,0.2578,0.0595,0.1744,1.4223,75.2033,0.1165,0.1707,0.1114,0.0837,0.1749,0.2923,0.1562,0.1078,0.1815,0.1742,0.1421,1.3313,0.5549,0.2513,0.4482,1.6242,68.6162,0.0944,0.1673
"Raleigh, NC",Turf Field Lab,19BER,Berm,2024-06-07,P027,5,0.0554,0.0898,0.0652,0.2449,0.1698,0.1168,0.2475,0.059,0.159,1.3781,74.4177,0.1043,0.1344,0.1052,0.0786,0.195,0.3236,0.1635,0.1591,0.2791,0.1819,0.1447,1.3384,0.609,0.248,0.5092,2.0749,73.4318,0.1235,0.1785
"Raleigh, NC",Turf Field Lab,19BER,Berm,2024-06-07,P028,6,0.0367,0.0826,0.0637,0.1479,0.181,0.1362,0.172,0.0648,0.1288,1.2958,73.7023,0.0721,0.1685,0.0739,0.0538,0.2947,0.4677,0.1575,0.148,0.1709,0.2077,0.1571,1.3728,0.7937,0.2269,0.7273,5.333,68.8862,0.098,0.1378
"Raleigh, NC",Turf Field Lab,19BER,Berm,2024-06-07,P029,5,0.0527,0.0868,0.0616,0.238,0.2444,0.1705,0.2635,0.0594,0.17,1.4096,70.8901,0.122,0.2102,0.0786,0.0572,0.2814,0.444,0.1274,0.184,0.1239,0.1672,0.1573,1.3732,0.7717,0.2241,0.6993,4.6507,66.9111,0.0663,0.2143
"Raleigh, NC",Turf Field Lab,19BER,Berm,2024-06-07,P030,5,0.0641,0.108,0.0754,0.2243,0.1488,0.1883,0.2735,0.0765,0.1779,1.4328,84.2333,0.1519,0.1459,0.0961,0.0706,0.2273,0.3677,0.1979,0.2792,0.1768,0.164,0.1528,1.3607,0.6777,0.236,0.5855,2.8255,66.4244,0.1033,0.1146
"Raleigh, NC",Turf Field Lab,19BER,Berm,2024-06-07,P031,5,0.0538,0.0907,0.0638,0.1126,0.1869,0.2024,0.2672,0.0639,0.1742,1.422,55.7404,0.0743,0.1616,0.0968,0.0677,0.2389,0.3847,0.1347,0.1945,0.1795,0.1761,0.1767,1.4291,0.7006,0.2339,0.5979,2.9739,72.2336,0.168,0.1243
"Raleigh, NC",Turf Field Lab,19BER,Berm,2024-06-07,P032,7,0.0486,0.0837,0.0534,0.1615,0.1578,0.1916,0.3429,0.0653,0.2212,1.568,65.0464,0.1208,0.1923,0.0749,0.0529,0.2978,0.4761,0.1677,0.1216,0.1853,0.167,0.1721,1.4159,0.7999,0.2304,0.728,5.3532,62.8339,0.0925,0.1476
"Raleigh, NC",Turf Field Lab,19BER,Berm,2024-06-07,P033,5,0.0675,0.1025,0.0717,0.1829,0.1495,0.0995,0.2885,0.0658,0.1767,1.4293,68.39,0.1211,0.2252,0.0864,0.0623,0.2612,0.4121,0.2011,0.1442,0.1705,0.1201,0.1622,1.3872,0.7374,0.2242,0.6533,3.769,76.2681,0.106,0.1349
"Raleigh, NC",Turf Field Lab,19BER,Berm,2024-06-07,P034,6,0.0462,0.0819,0.0583,0.1067,0.141,0.252,0.2506,0.0593,0.168,1.404,57.5639,0.0982,0.1221,0.0935,0.064,0.2538,0.4097,0.02,0.1834,0.1675,0.1448,0.1875,1.4617,0.7299,0.235,0.6283,3.3813,79.2312,0.105,0.1004
"Raleigh, NC",Turf Field Lab,19BER,Berm,2024-06-07,P035,3,0.0624,0.0951,0.0702,0.1092,0.2496,0.167,0.2419,0.0577,0.1507,1.3548,63.4963,0.1473,0.131,0.09,0.0711,0.2264,0.3558,0.1819,0.1547,0.1209,0.1115,0.1171,1.2652,0.6668,0.2223,0.5963,2.9543,73.0772,0.0883,0.0955
"Raleigh, NC",Turf Field Lab,19BER,Berm,2024-06-07,P036,4,0.0647,0.0825,0.0677,0.252,0.2652,0.1503,0.1731,0.0326,0.0985,1.2186,64.1183,0.0953,0.1258,0.0944,0.0729,0.2187,0.3515,0.1556,0.2521,0.1249,0.1246,0.1286,1.2952,0.6566,0.2329,0.5766,2.724,54.2144,0.1127,0.1479
"Raleigh, NC",Turf Field Lab,19BER,Berm,2024-06-07,P037,4,0.0597,0.0929,0.0709,0.1779,0.1657,0.1878,0.2114,0.0552,0.1344,1.3104,52.3073,0.1377,0.1776,0.0809,0.0647,0.2517,0.3965,0.2285,0.2096,0.1122,0.1845,0.1113,1.2504,0.7194,0.2235,0.661,3.9005,67.7223,0.0745,0.1876
"Raleigh, NC",Turf Field Lab,19BER,Berm,2024-06-07,P038,5,0.0702,0.0944,0.0669,0.2663,0.2056,0.2077,0.3016,0.0516,0.1703,1.4104,69.0207,0.0902,0.1722,0.0976,0.0651,0.2498,0.3991,0.1374,0.1733,0.1936,0.177,0.2002,1.5007,0.7197,0.23,0.6069,3.0882,75.2588,0.0329,0.1548
"Raleigh, NC",Turf Field Lab,19BER,Berm,2024-06-07,P039,7,0.064,0.0936,0.0656,0.1986,0.1162,0.1561,0.2939,0.0576,0.1758,1.4265,73.1158,0.1473,0.1726,0.0884,0.0619,0.2617,0.4239,0.1312,0.2052,0.0541,0.1233,0.1761,1.4273,0.7451,0.2366,0.655,3.7964,56.8215,0.0697,0.1426
"Raleigh, NC",Turf Field Lab,19BER,Berm,2024-06-07,P040,6,0.0698,0.105,0.0769,0.0617,0.1778,0.2123,0.2508,0.0633,0.1545,1.3654,75.5068,0.1116,0.1292,0.0753,0.0514,0.3044,0.4809,0.1214,0.2211,0.1714,0.2472,0.1889,1.4657,0.8069,0.2248,0.7291,5.3837,76.4518,0.0983,0.1459
"Raleigh, NC",Turf Field Lab,19BER,Berm,2024-06-07,P041,7,0.0492,0.0823,0.0581,0.1508,0.1103,0.1139,0.2659,0.0573,0.1726,1.4173,83.1466,0.0609,0.2206,0.0911,0.0631,0.2571,0.4173,0.0811,0.0659,0.1714,0.1842,0.1819,1.4446,0.7374,0.2376,0.6416,3.5799,84.7805,0.0967,0.2061
"Raleigh, NC",Turf Field Lab,19BER,Berm,2024-06-07,P042,4,0.0488,0.0927,0.0663,0.1674,0.1515,0.17,0.2393,0.0703,0.1659,1.3978,63.0822,0.1289,0.0401,0.0876,0.0632,0.2578,0.406,0.201,0.1944,0.1359,0.2013,0.1619,1.3863,0.7307,0.2232,0.6451,3.6357,64.6119,0.1728,0.1381
"Raleigh, NC",Turf Field Lab,19BER,Berm,2024-06-07,P043,5,0.0467,0.1025,0.074,0.2286,0.1039,0.1461,0.2191,0.0842,0.1611,1.3842,67.3537,0.1416,0.2073,0.0958,0.0671,0.2418,0.3869,0.1804,0.1368,0.2162,0.1747,0.1762,1.4279,0.7045,0.2308,0.6031,3.0397,60.304,0.0944,0.1075
"Raleigh, NC",Turf Field Lab,19BER,Berm,2024-06-07,P044,7,0.0665,0.0975,0.0669,0.1781,0.181,0.0837,0.3123,0.0616,0.186,1.4569,71.2866,0.0583,0.1597,0.0999,0.0733,0.2157,0.3615,0.1799,0.1487,0.1415,0.0759,0.1535,1.3628,0.6628,0.2526,0.567,2.6189,76.7435,0.0719,0.1156
"Raleigh, NC",Turf Field Lab,19BER,Berm,2024-06-07,P045,5,0.0476,0.0817,0.0569,0.2195,0.1534,0.0941,0.273,0.059,0.1793,1.437,71.2538,0.1022,0.1836,0.0827,0.0589,0.2748,0.4337,0.2901,0.2378,0.212,0.2685,0.1685,1.4054,0.761,0.2242,0.6796,4.2427,65.5888,0.1747,0.174
"Raleigh, NC",Turf Field Lab,19BER,Berm,2024-06-07,P046,7,0.0537,0.0864,0.0631,0.1987,0.1397,0.2523,0.2426,0.0559,0.1555,1.3682,69.1689,0.0934,0.1492,0.0813,0.0584,0.2756,0.446,0.1531,0.1751,0.1739,0.123,0.164,1.3923,0.7684,0.2362,0.6915,4.483,72.1522,0.1303,0.0877
"Raleigh, NC",Turf Field Lab,19BER,Berm,2024-06-07,P047,2,0.0689,0.1072,0.0798,0.246,0.2074,0.2743,0.2323,0.0657,0.1467,1.3438,57.5639,0.1386,0.1398,0.1041,0.0767,0.2046,0.3153,0.1548,0.3037,0.2134,0.2385,0.1512,1.3562,0.6085,0.213,0.5037,2.0296,52.43,0.1641,0.1272
"Raleigh, NC",Turf Field Lab,19BER,Berm,2024-06-07,P048,4,0.0638,0.1003,0.0752,0.2024,0.2005,0.1468,0.2246,0.0615,0.1429,1.3334,62.3163,0.1685,0.1543,0.0898,0.0668,0.2435,0.3815,0.2254,0.209,0.2828,0.0906,0.1468,1.3441,0.7019,0.2207,0.6189,3.2477,63.1511,0.0638,0.1587
"Raleigh, NC",Turf Field Lab,19BER,Berm,2024-06-07,P049,7,0.0662,0.095,0.071,0.2551,0.1775,0.2263,0.241,0.0529,0.1449,1.3389,78.579,0.076,0.1034,0.0911,0.0621,0.2607,0.424,0.1227,0.1395,0.1565,0.2103,0.1891,1.4664,0.7444,0.2384,0.6462,3.6534,78.7106,0.0708,0.0824
"Raleigh, NC",Turf Field Lab,19BER,Berm,2024-06-07,P050,7,0.0605,0.0937,0.0618,0.2594,0.1492,0.1186,0.3355,0.0651,0.205,1.5158,79.6946,0.1188,0.2427,0.0782,0.0561,0.2852,0.4573,0.1912,0.1312,0.1659,0.155,0.1645,1.3936,0.7815,0.2318,0.708,4.8497,76.7166,0.0393,0.1508
"Raleigh, NC",Turf Field Lab,19BER,Berm,2024-06-07,P051,6,0.04,0.0663,0.0495,0.1838,0.1543,0.2442,0.2214,0.0432,0.145,1.3392,66.6737,0.0236,0.1591,0.0939,0.0683,0.2363,0.3853,0.1901,0.1984,0.1333,0.1348,0.1576,1.3742,0.6989,0.2396,0.6082,3.105,62.0293,0.1212,0.133
"Raleigh, NC",Turf Field Lab,19BER,Berm,2024-06-07,P052,5,0.0461,0.0733,0.0531,0.0953,0.155,0.1326,0.2505,0.0473,0.1591,1.3785,75.9723,0.0819,0.1629,0.0759,0.0534,0.2968,0.4661,0.0905,0.1113,0.1598,0.1428,0.174,1.4214,0.7945,0.2219,0.72,5.1425,57.7087,0.0776,0.1133
"Raleigh, NC",Turf Field Lab,19BER,Berm,2024-06-07,P053,6,0.035,0.0697,0.0447,0.1459,0.1716,0.1868,0.3157,0.0597,0.219,1.5608,72.2049,0.1571,0.1358,0.0874,0.0596,0.2713,0.4331,0.0832,0.1812,0.1497,0.2101,0.1885,1.4647,0.7579,0.2298,0.6643,3.9574,69.0508,0.1618,0.1646
"Raleigh, NC",Turf Field Lab,19BER,Berm,2024-06-07,P054,8,0.032,0.0645,0.0406,0.229,0.1271,0.1838,0.3261,0.0564,0.2269,1.587,81.6446,0.0664,0.1361,0.0645,0.0477,0.3182,0.5119,0.0924,0.1738,0.1101,0.2397,0.1497,1.3522,0.8294,0.2334,0.7761,6.9323,65.5142,0.038,0.1491
"Raleigh, NC",Turf Field Lab,19BER,Berm,2024-06-07,P055,3,0.064,0.1103,0.0828,0.2654,0.2298,0.1802,0.2133,0.0738,0.1426,1.3326,68.4287,0.1161,0.1847,0.0973,0.0721,0.2224,0.3515,0.2557,0.2181,0.196,0.1174,0.1492,1.3509,0.6598,0.225,0.5663,2.6114,51.6111,0.0644,0.1988
"Raleigh, NC",Turf Field Lab,19BER,Berm,2024-06-07,P056,6,0.058,0.0953,0.069,0.1431,0.1452,0.1373,0.2472,0.0637,0.16,1.381,92.3898,0.0767,0.1458,0.0852,0.0569,0.2822,0.4515,0.1455,0.1616,0.1738,0.1807,0.1995,1.4984,0.7763,0.2307,0.6825,4.2984,84.2388,0.1273,0.1013
"Raleigh, NC",Turf Field Lab,19BER,Berm,2024-06-07,P057,3,0.0477,0.0837,0.0613,0.1677,0.22,0.2625,0.2295,0.0584,0.1541,1.3644,48.1132,0.1938,0.1289,0.0894,0.0631,0.2589,0.4003,0.1424,0.1725,0.1599,0.2019,0.1727,1.4174,0.7278,0.2145,0.635,3.4788,49.404,0.1596,0.1986
"Raleigh, NC",Turf Field Lab,19BER,Berm,2024-06-07,P058,4,0.0452,0.0811,0.0641,0.1844,0.106,0.1625,0.1702,0.0529,0.1172,1.2655,76.3246,0.1138,0.1442,0.0791,0.06,0.2708,0.4204,0.1258,0.1465,0.1071,0.2508,0.1372,1.318,0.7501,0.2163,0.6832,4.3135,52.7841,0.1395,0.1642
"Raleigh, NC",Turf Field Lab,19BER,Berm,2024-06-07,P059,6,0.052,0.0961,0.0694,0.1535,0.1452,0.1818,0.2357,0.0709,0.1617,1.3857,48.8633,0.1028,0.1555,0.0623,0.0444,0.3329,0.5193,0.1475,0.1479,0.0874,0.1896,0.1679,1.4037,0.8425,0.2188,0.7858,7.3359,57.7705,0.1332,0.1001
"Raleigh, NC",Turf Field Lab,19BER,Berm,2024-06-07,P060,6,0.0677,0.0941,0.065,0.0918,0.2086,0.2254,0.3183,0.0555,0.1829,1.4476,59.3322,0.0432,0.1868,0.0962,0.0716,0.223,0.3643,0.1529,0.2594,0.0617,0.2243,0.1465,1.3434,0.6713,0.2405,0.582,2.7852,77.3006,0.1672,0.0856
"Raleigh, NC",Turf Field Lab,19BER,Berm,2024-06-07,P061,6,0.0458,0.0868,0.0603,0.0521,0.1351,0.2336,0.2616,0.0675,0.1802,1.4396,76.3823,0.1228,0.1631,0.0942,0.0696,0.2307,0.3801,0.2832,0.2273,0.1763,0.2002,0.1501,1.3533,0.6904,0.2446,0.6027,3.034,92.3784,0.1127,0.1795
"Raleigh, NC",Turf Field Lab,19BER,Berm,2024-06-07,P062,7,0.0478,0.0676,0.048,0.1893,0.1215,0.1336,0.2888,0.0394,0.1693,1.4077,67.7126,0.0324,0.1816,0.0699,0.05,0.3097,0.4931,0.0637,0.1982,0.1194,0.1403,0.1659,1.3978,0.8159,0.2285,0.7518,6.0571,72.0163,0.0616,0.148
"Raleigh, NC",Turf Field Lab,19BER,Berm,2024-06-07,P063,3,0.0531,0.0779,0.061,0.1175,0.1734,0.2992,0.196,0.0416,0.1211,1.2757,51.4694,0.0952,0.1833,0.1005,0.075,0.2105,0.3348,0.2063,0.2211,0.1829,0.1776,0.1451,1.3394,0.6339,0.2281,0.5383,2.3321,50.9803,0.1118,0.1407
"Raleigh, NC",Turf Field Lab,19BER,Berm,2024-06-07,P064,4,0.0504,0.0929,0.0622,0.0978,0.2186,0.2753,0.2933,0.0732,0.198,1.4937,53.2327,0.152,0.1438,0.0896,0.0624,0.2612,0.4094,0.1467,0.133,0.2229,0.1607,0.1791,1.4363,0.7357,0.2211,0.641,3.5712,50.1917,0.1575,0.1497
"Raleigh, NC",Turf Field Lab,19BER,Berm,2024-06-07,P065,7,0.0408,0.0726,0.0477,0.1519,0.1448,0.1746,0.3137,0.0567,0.2073,1.5229,73.7296,0.0735,0.1041,0.1024,0.0706,0.2264,0.3779,0.1746,0.1422,0.238,0.1573,0.1839,1.4506,0.6852,0.2507,0.5735,2.6897,65.4882,0.1184,0.1995
"Raleigh, NC",Turf Field Lab,19BER,Berm,2024-06-07,P066,5,0.0479,0.0907,0.0592,0.1695,0.1339,0.143,0.3083,0.0742,0.2098,1.5309,97.7965,0.1259,0.159,0.0893,0.0671,0.2415,0.3881,0.1838,0.1289,0.1101,0.1871,0.1421,1.3312,0.7051,0.2328,0.6257,3.3439,60.1553,0.1987,0.1148
"Raleigh, NC",Turf Field Lab,19BER,Berm,2024-06-07,P067,5,0.0585,0.0856,0.0664,0.1871,0.1293,0.2018,0.2055,0.0463,0.1264,1.2894,64.4273,0.0769,0.199,0.0723,0.0485,0.3167,0.4936,0.2127,0.2427,0.1779,0.2691,0.1975,1.4923,0.8212,0.2183,0.7445,5.8267,83.1513,0.107,0.148
"Raleigh, NC",Turf Field Lab,19BER,Berm,2024-06-07,P068,6,0.0383,0.0857,0.0581,0.2232,0.1943,0.0909,0.2615,0.0751,0.192,1.4752,80.6951,0.0757,0.1466,0.0888,0.0649,0.2498,0.4058,0.1248,0.1207,0.1786,0.1345,0.1555,1.3683,0.7242,0.2379,0.6408,3.5682,66.7708,0.0964,0.1474
"Raleigh, NC",Turf Field Lab,19BER,Berm,2024-06-07,P069,6,0.0456,0.0763,0.0541,0.1829,0.2243,0.2701,0.2625,0.053,0.1707,1.4117,56.3389,0.1012,0.196,0.0835,0.0555,0.2879,0.4584,0.206,0.169,0.115,0.2031,0.2016,1.5049,0.7841,0.2285,0.6919,4.4907,85.6254,0.1612,0.1809
"Raleigh, NC",Turf Field Lab,19BER,Berm,2024-06-07,P070,1,0.0534,0.0874,0.0711,0.163,0.3226,0.2365,0.1557,0.0504,0.1032,1.2302,44.2966,0.1834,0.1692,0.1079,0.0821,0.1831,0.2827,0.1739,0.1571,0.1926,0.2066,0.1357,1.314,0.5498,0.2138,0.4475,1.6199,51.7917,0.1109,0.1583
"Raleigh, NC",Turf Field Lab,19BER,Berm,2024-06-07,P071,6,0.0469,0.0753,0.0556,0.1777,0.2377,0.2416,0.2348,0.0481,0.1507,1.3548,56.9371,0.0954,0.1337,0.0676,0.0511,0.3059,0.4809,0.1579,0.1247,0.1493,0.2082,0.1391,1.3231,0.808,0.2224,0.7536,6.1179,62.0057,0.1042,0.1706
"Raleigh, NC",Turf Field Lab,19BER,Berm,2024-06-07,P072,5,0.0643,0.1037,0.0762,0.0864,0.1137,0.2318,0.2374,0.0668,0.1525,1.36,73.5392,0.1306,0.1628,0.1025,0.0735,0.2157,0.3511,0.1805,0.2234,0.08,0.1409,0.1647,1.3943,0.6536,0.2389,0.5479,2.4241,71.2284,0.1439,0.1499
"Raleigh, NC",Turf Field Lab,19BER,Berm,2024-06-07,P073,6,0.0653,0.1151,0.0824,0.2082,0.1651,0.1683,0.2469,0.0824,0.1653,1.396,68.5643,0.0773,0.1879,0.098,0.0728,0.2184,0.3579,0.1419,0.1309,0.1542,0.1347,0.1476,1.3464,0.662,0.2421,0.57,2.6514,62.618,0.0812,0.1462
"Raleigh, NC",Turf Field Lab,19BER,Berm,2024-06-07,P074,7,0.0368,0.0866,0.0564,0.1035,0.1699,0.2036,0.2843,0.0801,0.2112,1.5356,73.4861,0.0493,0.0584,0.0793,0.054,0.2935,0.4717,0.0817,0.2049,0.1426,0.1792,0.1903,1.4699,0.7946,0.2329,0.712,4.9449,83.3417,0.1079,0.1401
"Raleigh, NC",Turf Field Lab,19BER,Berm,2024-06-07,P075,5,0.0555,0.086,0.061,0.1383,0.1872,0.0758,0.2733,0.0554,0.17,1.4096,67.6249,0.1094,0.1371,0.0914,0.0647,0.2515,0.3997,0.1645,0.1784,0.1649,0.2627,0.1711,1.4129,0.7214,0.2275,0.6278,3.3739,54.4847,0.0691,0.1046
"Raleigh, NC",Turf Field Lab,19BER,Berm,2024-06-07,P076,8,0.0526,0.0936,0.0647,0.1338,0.1713,0.0711,0.2736,0.0699,0.1827,1.4471,78.2026,0.0747,0.1831,0.0729,0.0514,0.3038,0.4878,0.0881,0.2039,0.1809,0.1803,0.1729,1.4181,0.8094,0.2324,0.7401,5.6951,79.7978,0.1205,0.1522
"Raleigh, NC",Turf Field Lab,19BER,Berm,2024-06-07,P077,7,0.0684,0.0968,0.0697,0.056,0.0974,0.1439,0.2764,0.0555,0.1629,1.3891,64.7462,0.0594,0.1906,0.0917,0.0599,0.27,0.4352,0.1209,0.184,0.1317,0.0993,0.2102,1.5322,0.7581,0.2343,0.6518,3.7436,72.2734,0.0795,0.105
"Raleigh, NC",Turf Field Lab,19BER,Berm,2024-06-07,P078,6,0.0582,0.0817,0.0626,0.1602,0.1301,0.1754,0.2208,0.0424,0.1317,1.3034,77.6268,0.0524,0.1601,0.0746,0.0559,0.2865,0.4524,0.0919,0.1688,0.187,0.189,0.1431,1.334,0.78,0.2246,0.7169,5.0636,64.0899,0.0925,0.1357
"Raleigh, NC",Turf Field Lab,19BER,Berm,2024-06-07,P079,6,0.0623,0.0885,0.0605,0.18,0.136,0.1448,0.3227,0.0542,0.1878,1.4625,76.3089,0.0911,0.1019,0.1001,0.0694,0.2319,0.3787,0.1384,0.1705,0.2033,0.1054,0.181,1.4419,0.6902,0.2405,0.5819,2.7838,72.3673,0.1089,0.1752
"Raleigh, NC",Turf Field Lab,19BER,Berm,2024-06-07,P080,5,0.0392,0.0798,0.0579,0.1158,0.1822,0.1619,0.222,0.0624,0.1587,1.3773,82.2982,0.176,0.1181,0.0846,0.0625,0.2604,0.4129,0.2185,0.1976,0.1881,0.1895,0.1506,1.3546,0.7372,0.2264,0.6599,3.8799,70.6776,0.1012,0.1724
"Raleigh, NC",Turf Field Lab,19BER,Berm,2024-06-07,P081,4,0.0545,0.0928,0.0665,0.1037,0.188,0.235,0.2513,0.0646,0.1653,1.396,82.0242,0.0824,0.2082,0.1012,0.0811,0.1855,0.3041,0.1343,0.2311,0.2329,0.1249,0.1099,1.2471,0.5789,0.2422,0.5008,2.0062,73.1626,0.144,0.175
"Raleigh, NC",Turf Field Lab,19BER,Berm,2024-06-07,P082,4,0.0505,0.0895,0.0658,0.2284,0.2116,0.1609,0.2256,0.0626,0.1522,1.3591,81.0925,0.1184,0.1838,0.0786,0.0613,0.2657,0.415,0.2121,0.1872,0.3032,0.2087,0.1242,1.2836,0.7427,0.2192,0.6814,4.2771,53.7663,0.0964,0.1514
"Raleigh, NC",Turf Field Lab,19BER,Berm,2024-06-07,P083,4,0.0659,0.1006,0.0703,0.1497,0.233,0.1475,0.2889,0.065,0.1775,1.4316,73.6306,0.0955,0.1187,0.1005,0.0761,0.2055,0.3328,0.1347,0.1982,0.2572,0.1427,0.1379,1.3199,0.6276,0.2364,0.5361,2.3113,63.2612,0.1341,0.1541
"Raleigh, NC",Turf Field Lab,19BER,Berm,2024-06-07,P084,6,0.0522,0.0914,0.0617,0.2056,0.1444,0.2057,0.2946,0.069,0.1942,1.4819,74.5557,0.159,0.1349,0.0783,0.0556,0.2876,0.4551,0.1503,0.2019,0.1971,0.2004,0.1693,1.4075,0.7822,0.2256,0.7065,4.8137,68.1457,0.1736,0.2142
"Raleigh, NC",Turf Field Lab,19BER,Berm,2024-06-07,P085,4,0.0627,0.1084,0.0793,0.2062,0.1862,0.1725,0.2331,0.0749,0.1553,1.3677,70.6154,0.0777,0.2353,0.0886,0.0592,0.2741,0.427,0.2009,0.255,0.1882,0.1753,0.1989,1.4965,0.7566,0.2181,0.6564,3.8216,53.2785,0.1334,0.1287
"Raleigh, NC",Turf Field Lab,19BER,Berm,2024-06-07,P086,5,0.0647,0.0949,0.0678,0.19,0.1089,0.1981,0.2768,0.0574,0.1668,1.4004,59.2013,0.1373,0.1536,0.0875,0.0639,0.2549,0.4034,0.2046,0.1664,0.1405,0.2099,0.1563,1.3705,0.7266,0.2257,0.6434,3.6091,62.3044,0.0972,0.2164
"Raleigh, NC",Turf Field Lab,19BER,Berm,2024-06-07,P087,5,0.0516,0.0873,0.0589,0.1892,0.1645,0.1881,0.3009,0.0641,0.1946,1.4833,82.5338,0.0938,0.1015,0.0858,0.062,0.2621,0.4157,0.2833,0.1051,0.1632,0.1908,0.1606,1.3827,0.7403,0.2267,0.6579,3.847,64.8235,0.1528,0.0833
"Raleigh, NC",Turf Field Lab,19BER,Berm,2024-06-07,P088,3,0.0663,0.1243,0.0962,0.1281,0.2433,0.1382,0.182,0.0861,0.1273,1.2917,48.6013,0.1373,0.1382,0.0848,0.0606,0.269,0.4144,0.2998,0.1513,0.2565,0.0676,0.167,1.401,0.745,0.2128,0.6602,3.8856,71.4067,0.0877,0.1526
"Raleigh, NC",Turf Field Lab,19BER,Berm,2024-06-07,P089,4,0.0737,0.1066,0.0838,0.1825,0.2052,0.1499,0.1952,0.0557,0.1197,1.2718,56.641,0.134,0.1814,0.1134,0.0839,0.1743,0.2864,0.2255,0.163,0.2054,0.1542,0.1493,1.3509,0.5467,0.2433,0.4327,1.5256,63.1644,0.1075,0.1542
"Raleigh, NC",Turf Field Lab,19BER,Berm,2024-06-07,P090,4,0.0671,0.095,0.0665,0.2174,0.18,0.1033,0.3023,0.0564,0.1767,1.4291,64.3409,0.0803,0.1808,0.0893,0.0636,0.2562,0.4015,0.2003,0.2461,0.1767,0.1332,0.1682,1.4045,0.7265,0.2209,0.636,3.4939,74.4677,0.1025,0.151
"Raleigh, NC",Turf Field Lab,19BER,Berm,2024-06-07,P091,5,0.0464,0.0829,0.0629,0.2376,0.1463,0.1978,0.2012,0.0564,0.1371,1.3178,78.8012,0.0925,0.1447,0.103,0.0757,0.2068,0.3411,0.1403,0.1105,0.1915,0.098,0.1528,1.3606,0.6369,0.245,0.5363,2.3127,55.1205,0.1928,0.102
"Raleigh, NC",Turf Field Lab,19BER,Berm,2024-06-07,P092,5,0.0459,0.0803,0.0593,0.1577,0.2595,0.2561,0.2236,0.0553,0.1501,1.3533,57.9647,0.08,0.1884,0.0923,0.0671,0.2417,0.3861,0.2371,0.1478,0.2005,0.2168,0.1581,1.3756,0.7039,0.2299,0.6141,3.1828,79.0276,0.0667,0.1888
"Raleigh, NC",Turf Field Lab,19BER,Berm,2024-06-07,P093,5,0.0537,0.0821,0.0618,0.2373,0.182,0.113,0.2245,0.0486,0.1407,1.3276,68.7742,0.1175,0.1906,0.0854,0.0624,0.261,0.4114,0.2,0.2299,0.2177,0.2196,0.1561,1.37,0.7367,0.2237,0.6561,3.8153,62.2166,0.1246,0.1216
"Raleigh, NC",Turf Field Lab,19BER,Berm,2024-06-07,P094,7,0.0432,0.0641,0.0473,0.1594,0.214,0.0387,0.2466,0.0377,0.1509,1.3556,73.6591,0.0641,0.1724,0.0928,0.0605,0.2674,0.4324,0.1233,0.0833,0.1258,0.2087,0.2107,1.5338,0.7545,0.2358,0.6466,3.6587,65.8724,0.1581,0.2178
"Raleigh, NC",Turf Field Lab,19BER,Berm,2024-06-07,P095,4,0.0743,0.1009,0.0784,0.1447,0.2349,0.1676,0.2144,0.0491,0.1256,1.2873,64.2919,0.1464,0.1015,0.099,0.0746,0.2118,0.3415,0.1322,0.2083,0.2114,0.2275,0.1407,1.3275,0.6414,0.2344,0.5504,2.4485,56.3815,0.091,0.1557
"Raleigh, NC",Turf Field Lab,19BER,Berm,2024-06-07,P096,7,0.0726,0.1005,0.0749,0.1463,0.1015,0.1138,0.2492,0.0536,0.1461,1.3421,79.1643,0.0861,0.1631,0.0794,0.0554,0.2881,0.4601,0.0726,0.1911,0.1889,0.1754,0.178,1.433,0.7851,0.2298,0.7057,4.7963,63.0385,0.0853,0.1839
"Raleigh, NC",Turf Field Lab,19BER,Berm,2024-06-07,P097,4,0.0532,0.093,0.0664,0.1126,0.2099,0.1629,0.2505,0.0664,0.1669,1.4008,44.2309,0.2013,0.1426,0.0888,0.0671,0.242,0.3843,0.1449,0.2019,0.1925,0.2519,0.1392,1.3235,0.7027,0.2272,0.6246,3.3278,59.0106,0.1345,0.1516
"Raleigh, NC",Turf Field Lab,19BER,Berm,2024-06-07,P098,7,0.0543,0.0921,0.0582,0.2208,0.0871,0.2093,0.3537,0.0717,0.2258,1.5834,70.5882,0.0917,0.1002,0.0884,0.0592,0.2725,0.4395,0.1324,0.2084,0.1855,0.1434,0.1974,1.4919,0.7624,0.2346,0.6651,3.9721,82.2412,0.0756,0.1363
"Raleigh, NC",Turf Field Lab,19BER,Berm,2024-06-07,P099,3,0.0448,0.0921,0.0672,0.2431,0.1846,0.1783,0.2178,0.0722,0.1565,1.371,46.8445,0.1333,0.1926,0.0907,0.0688,0.2357,0.3692,0.2067,0.2773,0.1627,0.2688,0.1374,1.3186,0.6859,0.2207,0.6055,3.07,46.1043,0.1462,0.1078
"Raleigh, NC",Turf Field Lab,19BER,Berm,2024-06-07,P100,3,0.0664,0.0878,0.0704,0.2494,0.1633,0.1999,0.1893,0.0388,0.1099,1.247,54.2171,0.1068,0.1834,0.0959,0.0751,0.2104,0.3309,0.1804,0.1749,0.1775,0.1762,0.1214,1.2763,0.6299,0.2227,0.5506,2.4503,69.0781,0.1757,0.1112
"Raleigh, NC",Turf Field Lab,19BER,Berm,2024-06-07,P101,3,0.046,0.0785,0.0583,0.2097,0.1442,0.1506,0.2228,0.0528,0.1479,1.3472,69.3552,0.1819,0.1048,0.0801,0.0619,0.2637,0.4074,0.1451,0.1631,0.179,0.227,0.1284,1.2946,0.7363,0.2142,0.6714,4.086,62.7716,0.1969,0.1604
"Raleigh, NC",Turf Field Lab,19BER,Berm,2024-06-07,P102,6,0.0509,0.0851,0.0605,0.0829,0.1679,0.1798,0.2598,0.0588,0.1689,1.4065,58.8955,0.1208,0.1181,0.082,0.0558,0.2867,0.4568,0.1561,0.2078,0.1387,0.1915,0.1904,1.4704,0.7824,0.2287,0.6956,4.5695,74.9183,0.1061,0.1134
"Raleigh, NC",Turf Field Lab,19BER,Berm,2024-06-07,P103,4,0.056,0.0909,0.0629,0.1919,0.2001,0.1297,0.2861,0.0628,0.1819,1.4447,63.6861,0.1289,0.1941,0.0696,0.0503,0.3096,0.4776,0.1473,0.2055,0.2077,0.1497,0.1609,1.3835,0.8093,0.2134,0.7455,5.8578,63.5975,0.101,0.1359
"Raleigh, NC",Turf Field Lab,19BER,Berm,2024-06-07,P104,5,0.0599,0.0987,0.0679,0.2012,0.2097,0.1602,0.2887,0.0695,0.1848,1.4534,59.2949,0.1052,0.0993,0.0747,0.0528,0.2991,0.4688,0.2272,0.1879,0.2336,0.2259,0.1717,1.4147,0.7975,0.221,0.725,5.2738,60.8133,0.0281,0.1602
"Raleigh, NC",Turf Field Lab,19BER,Berm,2024-06-07,P105,5,0.0644,0.1035,0.0749,0.2085,0.2124,0.1224,0.2509,0.0677,0.1603,1.3818,70.3615,0.1623,0.2256,0.0788,0.0538,0.2953,0.4624,0.032,0.0906,0.2087,0.2116,0.1886,1.4649,0.7916,0.2206,0.7088,4.8679,71.9846,0.0996,0.1211
"Raleigh, NC",Turf Field Lab,19BER,Berm,2024-06-07,P106,4,0.0524,0.0823,0.0637,0.2097,0.1705,0.1425,0.1989,0.0486,0.1276,1.2925,66.2618,0.111,0.1622,0.0768,0.0575,0.2805,0.4374,0.1721,0.2762,0.1403,0.2688,0.1433,1.3347,0.7675,0.2185,0.7013,4.6952,59.7376,0.0588,0.1897
"Raleigh, NC",Turf Field Lab,19BER,Berm,2024-06-07,P107,6,0.0512,0.0861,0.0544,0.2048,0.101,0.2475,0.3551,0.0666,0.2257,1.5828,66.2717,0.1657,0.0887,0.099,0.0711,0.225,0.3713,0.1331,0.0759,0.2279,0.2065,0.1644,1.3936,0.6787,0.2454,0.5789,2.7491,78.9291,0.0893,0.1725
"Raleigh, NC",Turf Field Lab,19BER,Berm,2024-06-07,P108,8,0.0377,0.0738,0.0445,0.1097,0.146,0.1123,0.363,0.0653,0.2472,1.6569,63.0562,0.1106,0.1334,0.0912,0.0602,0.2677,0.4416,0.2088,0.2205,0.1029,0.1122,0.2046,1.5145,0.76,0.2451,0.6576,3.8412,86.7146,0.1089,0.194
"Raleigh, NC",Turf Field Lab,19BER,Berm,2024-06-07,P109,5,0.0635,0.1013,0.0728,0.1625,0.2544,0.1726,0.2584,0.0664,0.1642,1.3928,65.3215,0.099,0.2005,0.0843,0.0593,0.2731,0.4323,0.1974,0.2071,0.1633,0.1693,0.1743,1.4221,0.7588,0.2257,0.6737,4.1286,87.6963,0.0869,0.1399
"Raleigh, NC",Turf Field Lab,19BER,Berm,2024-06-07,P110,7,0.0468,0.0958,0.0636,0.1586,0.1562,0.2528,0.2865,0.0813,0.2024,1.5075,91.6369,0.1312,0.1789,0.0991,0.0686,0.2344,0.3903,0.0912,0.1116,0.1707,0.1684,0.1821,1.4452,0.7011,0.2495,0.5949,2.9374,88.429,0.125,0.0858
"Raleigh, NC",Turf Field Lab,19BER,Berm,2024-06-07,P111,7,0.0487,0.0877,0.0633,0.26,0.105,0.1555,0.2389,0.0635,0.1619,1.3863,69.5827,0.0683,0.1596,0.0982,0.0723,0.2197,0.3669,0.1629,0.1665,0.1029,0.1592,0.1517,1.3577,0.6707,0.2509,0.5777,2.7365,74.0519,0.0928,0.2257
"Raleigh, NC",Turf Field Lab,19BER,Berm,2024-08-03,P001,5,0.0502,0.104,0.0762,0.1619,0.1762,0.2341,0.2142,0.0816,0.1545,1.3655,57.6654,0.0976,0.0782,0.0828,0.0619,0.2628,0.4169,0.3117,0.1334,0.2084,0.1381,0.1446,1.3382,0.7416,0.2267,0.6687,4.0364,73.754,0.1512,0.1438
"Raleigh, NC",Turf Field Lab,19BER,Berm,2024-08-03,P002,4,0.0466,0.1005,0.0662,0.1453,0.1877,0.1126,0.2857,0.0883,0.2059,1.5185,56.0258,0.1109,0.2267,0.0781,0.0626,0.2601,0.4088,0.16,0.2723,0.2028,0.2553,0.1102,1.2476,0.7343,0.2223,0.6791,4.2329,71.921,0.1063,0.1229
"Raleigh, NC",Turf Field Lab,19BER,Berm,2024-08-03,P003,8,0.0407,0.084,0.052,0.1483,0.1687,0.1902,0.3359,0.0753,0.2354,1.6156,71.6552,0.0543,0.2008,0.0638,0.0398,0.3502,0.5545,0.1274,0.0675,0.122,0.2209,0.2314,1.6021,0.8659,0.2259,0.7936,7.6879,85.4989,0.0489,0.1363
"Raleigh, NC",Turf Field Lab,19BER,Berm,2024-08-03,P004,5,0.0679,0.1058,0.0797,0.1829,0.1742,0.1957,0.2214,0.0639,0.1404,1.3266,61.7929,0.0855,0.164,0.0954,0.07,0.2301,0.3692,0.2236,0.2136,0.201,0.1524,0.1537,1.3632,0.6812,0.2322,0.5892,2.8687,51.0438,0.1062,0.1797
"Raleigh, NC",Turf Field Lab,19BER,Berm,2024-08-03,P005,7,0.0411,0.0743,0.047,0.1263,0.0947,0.1965,0.3392,0.0604,0.2244,1.5785,54.6011,0.1201,0.1919,0.083,0.0529,0.2979,0.4792,0.1394,0.0928,0.1631,0.1529,0.222,1.5708,0.8013,0.2333,0.7047,4.7723,80.7519,0.0961,0.231
"Raleigh, NC",Turf Field Lab,19BER,Berm,2024-08-03,P006,3,0.0731,0.1101,0.0785,0.2236,0.2463,0.1909,0.2739,0.0686,0.1677,1.4029,49.4651,0.0371,0.0768,0.0861,0.0638,0.2563,0.3946,0.2026,0.1925,0.2267,0.2505,0.1492,1.3508,0.7218,0.2126,0.6417,3.5824,83.6081,0.0693,0.1481
"Raleigh, NC",Turf Field Lab,19BER,Berm,2024-08-03,P007,4,0.0451,0.0815,0.0636,0.1794,0.1287,0.314,0.1789,0.0543,0.1233,1.2812,83.5974,0.0912,0.1867,0.0802,0.0617,0.2642,0.4112,0.1896,0.2229,0.1624,0.1781,0.1305,1.3001,0.7391,0.2176,0.6736,4.128,53.1365,0.1579,0.1358
"Raleigh, NC",Turf Field Lab,19BER,Berm,2024-08-03,P008,6,0.064,0.0965,0.0615,0.2644,0.1681,0.203,0.3728,0.0675,0.2218,1.5699,68.4157,0.0947,0.1207,0.115,0.0816,0.1824,0.3134,0.2282,0.0528,0.1276,0.1656,0.1699,1.4094,0.5869,0.2643,0.4631,1.7254,78.7279,0.0826,0.165
"Raleigh, NC",Turf Field Lab,19BER,Berm,2024-08-03,P009,6,0.0459,0.0759,0.0563,0.1179,0.1458,0.1912,0.2272,0.0496,0.1484,1.3485,66.4172,0.0563,0.2071,0.0754,0.0508,0.3069,0.4829,0.1841,0.1615,0.1516,0.1633,0.1949,1.4841,0.8096,0.2228,0.7298,5.4031,76.4929,0.09,0.1359
"Raleigh, NC",Turf Field Lab,19BER,Berm,2024-08-03,P010,6,0.0583,0.0943,0.0663,0.2417,0.2129,0.0959,0.2741,0.0641,0.1746,1.4231,59.317,0.1509,0.1271,0.1131,0.0815,0.1828,0.3109,0.1469,0.1876,0.1607,0.1464,0.1621,1.3869,0.5845,0.2595,0.4666,1.7493,68.4461,0.0744,0.1996
"Raleigh, NC",Turf Field Lab,19BER,Berm,2024-08-03,P011,6,0.0509,0.0629,0.0464,0.1386,0.2449,0.2423,0.2827,0.0286,0.1511,1.3559,51.1698,0.0519,0.0867,0.0803,0.0574,0.2804,0.4464,0.1782,0.0731,0.1654,0.1795,0.1668,1.4003,0.7722,0.2283,0.695,4.5565,49.3865,0.1232,0.1437
"Raleigh, NC",Turf Field Lab,19BER,Berm,2024-08-03,P012,4,0.0476,0.0855,0.0617,0.1451,0.1813,0.1521,0.2386,0.0617,0.1615,1.3851,73.0532,0.1681,0.1435,0.0845,0.0664,0.2447,0.3878,0.2162,0.1444,0.1748,0.1353,0.1199,1.2726,0.7075,0.2262,0.642,3.587,65.4593,0.1091,0.1761
"Raleigh, NC",Turf Field Lab,19BER,Berm,2024-08-03,P013,4,0.0647,0.1086,0.085,0.2502,0.1498,0.2118,0.183,0.0675,0.1218,1.2775,64.4597,0.112,0.0704,0.0901,0.0627,0.2601,0.4044,0.3011,0.2372,0.255,0.2318,0.1793,1.4371,0.7315,0.2173,0.6355,3.4872,60.4994,0.1283,0.1529
"Raleigh, NC",Turf Field Lab,19BER,Berm,2024-08-03,P014,4,0.0645,0.1138,0.0777,0.1631,0.1913,0.1324,0.2845,0.0853,0.1886,1.4648,60.218,0.0862,0.2024,0.0983,0.0732,0.2174,0.3481,0.2236,0.133,0.1323,0.1846,0.1463,1.3429,0.6523,0.2312,0.5594,2.5394,61.8165,0.0881,0.1967
"Raleigh, NC",Turf Field Lab,19BER,Berm,2024-08-03,P015,3,0.0605,0.0888,0.0656,0.2282,0.1916,0.1953,0.2466,0.0514,0.1499,1.3526,61.7119,0.1002,0.1276,0.0884,0.0674,0.2415,0.3731,0.2626,0.164,0.2727,0.1825,0.1347,1.3113,0.6939,0.2141,0.6168,3.2193,72.1401,0.1463,0.1535
"Raleigh, NC",Turf Field Lab,19BER,Berm,2024-08-03,P016,6,0.0662,0.0973,0.0683,0.0671,0.1443,0.1521,0.2923,0.0602,0.1755,1.4256,65.7752,0.0434,0.0985,0.073,0.0478,0.3189,0.5017,0.1781,0.0997,0.2235,0.1067,0.2086,1.5273,0.826,0.2227,0.7459,5.872,73.7494,0.0508,0.1641
"Raleigh, NC",Turf Field Lab,19BER,Berm,2024-08-03,P017,4,0.049,0.0768,0.0547,0.1274,0.2496,0.2555,0.269,0.05,0.1687,1.406,56.631,0.0867,0.1364,0.0901,0.0687,0.2357,0.3729,0.1104,0.1817,0.1373,0.2264,0.1349,1.3119,0.6888,0.2254,0.6107,3.1372,64.0661,0.1254,0.125
"Raleigh, NC",Turf Field Lab,19BER,Berm,2024-08-03,P018,5,0.0548,0.1075,0.0788,0.2336,0.1668,0.2224,0.2183,0.0813,0.154,1.3641,56.9156,0.1032,0.1018,0.0926,0.0703,0.2288,0.3664,0.1824,0.1463,0.1667,0.2156,0.1367,1.3167,0.6779,0.2311,0.5965,2.9561,50.1255,0.1075,0.1609
"Raleigh, NC",Turf Field Lab,19BER,Berm,2024-08-03,P019,6,0.0545,0.0837,0.058,0.0983,0.114,0.1307,0.2945,0.0548,0.1812,1.4426,65.63,0.1187,0.1337,0.0821,0.0602,0.2693,0.429,0.2347,0.1198,0.1865,0.156,0.154,1.364,0.754,0.2287,0.6788,4.2268,56.5425,0.11,0.1862
"Raleigh, NC",Turf Field Lab,19BER,Berm,2024-08-03,P020,6,0.0586,0.0997,0.0681,0.0775,0.2157,0.1121,0.2891,0.0727,0.1882,1.4635,73.5485,0.0646,0.141,0.0785,0.0573,0.2806,0.4474,0.1406,0.2039,0.1576,0.139,0.1562,1.3703,0.7729,0.2292,0.7013,4.6966,97.1616,0.1317,0.0964
"Raleigh, NC",Turf Field Lab,19BER,Berm,2024-08-03,P021,5,0.0591,0.1064,0.0727,0.1468,0.1462,0.0516,0.2808,0.0809,0.1881,1.4632,58.0403,0.1201,0.1152,0.0995,0.0696,0.2319,0.3713,0.1374,0.1191,0.2027,0.2139,0.177,1.43,0.6844,0.231,0.5774,2.7325,67.0003,0.1254,0.1098
"Raleigh, NC",Turf Field Lab,19BER,Berm,2024-08-03,P022,5,0.0527,0.0833,0.063,0.1836,0.209,0.1707,0.2165,0.0509,0.1386,1.3218,55.6643,0.1367,0.1346,0.0826,0.061,0.2664,0.4214,0.1168,0.1734,0.1288,0.2355,0.1507,1.355,0.7473,0.2253,0.6722,4.1021,66.8338,0.1018,0.1557
"Raleigh, NC",Turf Field Lab,19BER,Berm,2024-08-03,P023,6,0.039,0.0747,0.0553,0.2364,0.1765,0.1223,0.2125,0.055,0.1488,1.3496,71.3971,0.1356,0.1624,0.0942,0.0662,0.2451,0.3956,0.1237,0.1746,0.2121,0.0688,0.175,1.4243,0.7134,0.2349,0.6152,3.198,81.9869,0.1241,0.1795
"Raleigh, NC",Turf Field Lab,19BER,Berm,2024-08-03,P024,4,0.0582,0.1017,0.0768,0.2085,0.214,0.2483,0.2063,0.0683,0.1391,1.3231,56.2368,0.1341,0.1741,0.0803,0.059,0.2747,0.4265,0.1993,0.1533,0.0719,0.1809,0.1528,1.3607,0.7568,0.2164,0.6829,4.308,77.281,0.0645,0.2118
"Raleigh, NC",Turf Field Lab,19BER,Berm,2024-08-03,P025,5,0.043,0.0852,0.063,0.1126,0.1915,0.1688,0.2118,0.0645,0.1503,1.3538,68.7128,0.0725,0.2284,0.0993,0.0702,0.2289,0.3708,0.1743,0.141,0.1258,0.2979,0.1713,1.4135,0.6815,0.2366,0.5776,2.7344,61.1777,0.005,0.1552
"Raleigh, NC",Turf Field Lab,19BER,Berm,2024-08-03,P026,5,0.0503,0.0781,0.056,0.1117,0.2357,0.1037,0.2642,0.0499,0.1651,1.3954,83.2749,0.1376,0.136,0.1,0.073,0.218,0.3543,0.1952,0.2109,0.2083,0.1576,0.1565,1.3711,0.6585,0.2381,0.5596,2.5413,61.1005,0.0807,0.1968
"Raleigh, NC",Turf Field Lab,19BER,Berm,2024-08-03,P027,4,0.0594,0.1038,0.0796,0.1374,0.2127,0.1918,0.1953,0.0685,0.132,1.3041,56.2446,0.1441,0.189,0.0949,0.0666,0.2443,0.383,0.2612,0.1756,0.2313,0.1611,0.1753,1.425,0.7037,0.2211,0.6027,3.0344,51.5381,0.1281,0.237
"Raleigh, NC",Turf Field Lab,19BER,Berm,2024-08-03,P028,8,0.0336,0.0719,0.0436,0.1544,0.1515,0.1229,0.3459,0.0665,0.2451,1.6494,71.0724,0.1081,0.1449,0.0954,0.0673,0.2391,0.4021,0.1263,0.1931,0.1435,0.1861,0.1727,1.4174,0.7132,0.2543,0.6165,3.2145,74.3032,0.005,0.21
"Raleigh, NC",Turf Field Lab,19BER,Berm,2024-08-03,P029,7,0.0241,0.0626,0.0422,0.1535,0.1697,0.1044,0.2529,0.0589,0.1948,1.4839,89.0059,0.1128,0.0889,0.0874,0.0627,0.2584,0.4222,0.2168,0.1021,0.1459,0.1503,0.1647,1.3943,0.7414,0.2407,0.6569,3.8299,75.1926,0.0975,0.1523
"Raleigh, NC",Turf Field Lab,19BER,Berm,2024-08-03,P030,5,0.0495,0.092,0.068,0.1733,0.1207,0.2128,0.2174,0.0665,0.1501,1.3532,64.6756,0.0694,0.0975,0.1056,0.0745,0.2119,0.3435,0.2999,0.199,0.1382,0.1984,0.1726,1.4172,0.6434,0.2371,0.5297,2.2523,69.8866,0.1283,0.128
"Raleigh, NC",Turf Field Lab,19BER,Berm,2024-08-03,P031,4,0.0522,0.0811,0.063,0.158,0.1655,0.3407,0.1966,0.0471,0.1255,1.2869,73.9914,0.1828,0.1991,0.075,0.0553,0.2897,0.4496,0.197,0.163,0.205,0.1325,0.1513,1.3566,0.781,0.2162,0.7141,4.9957,59.6638,0.1736,0.1322
"Raleigh, NC",Turf Field Lab,19BER,Berm,2024-08-03,P032,4,0.0529,0.0759,0.0582,0.1928,0.1214,0.1418,0.2186,0.0407,0.1323,1.3049,65.3499,0.1398,0.1777,0.103,0.0728,0.2193,0.3478,0.1389,0.2661,0.1946,0.2159,0.1717,1.4147,0.6537,0.2266,0.5429,2.3754,64.0675,0.1585,0.1497
"Raleigh, NC",Turf Field Lab,19BER,Berm,2024-08-03,P033,4,0.0481,0.0684,0.0545,0.2164,0.3529,0.1943,0.1852,0.0342,0.1127,1.2541,74.1329,0.1214,0.1381,0.084,0.0627,0.2602,0.404,0.1935,0.2,0.2056,0.0925,0.1449,1.3389,0.7313,0.2166,0.6559,3.812,71.3261,0.0996,0.1232
"Raleigh, NC",Turf Field Lab,19BER,Berm,2024-08-03,P034,8,0.0385,0.0794,0.0479,0.1146,0.1803,0.2398,0.3542,0.0723,0.2471,1.6564,98.013,0.0524,0.1175,0.0714,0.0411,0.345,0.5485,0.0785,0.1303,0.1606,0.158,0.2694,1.7374,0.8606,0.2278,0.7697,6.6831,66.5493,0.0753,0.2317
"Raleigh, NC",Turf Field Lab,19BER,Berm,2024-08-03,P035,3,0.0609,0.0949,0.0717,0.2019,0.2237,0.1525,0.2197,0.0572,0.1394,1.3238,66.6163,0.1731,0.1311,0.1,0.076,0.2068,0.3285,0.123,0.2003,0.1754,0.1568,0.1368,1.3169,0.6244,0.2274,0.5332,2.2841,52.6823,0.1215,0.222
"Raleigh, NC",Turf Field Lab,19BER,Berm,2024-08-03,P036,6,0.0499,0.0861,0.0563,0.1765,0.1639,0.1957,0.3222,0.066,0.2092,1.5292,57.1562,0.1139,0.1236,0.097,0.0693,0.2324,0.3804,0.2032,0.2144,0.1979,0.166,0.1669,1.4008,0.6919,0.2415,0.5936,2.9208,91.7861,0.1009,0.0954
"Raleigh, NC",Turf Field Lab,19BER,Berm,2024-08-03,P037,5,0.0457,0.0737,0.0512,0.2622,0.1432,0.2319,0.2834,0.0504,0.1798,1.4384,63.0836,0.1165,0.0872,0.083,0.0558,0.2874,0.4497,0.1886,0.0556,0.2239,0.1731,0.196,1.4875,0.7793,0.2201,0.6884,4.4192,71.7782,0.0896,0.1825
"Raleigh, NC",Turf Field Lab,19BER,Berm,2024-08-03,P038,6,0.0461,0.087,0.0613,0.127,0.1737,0.1128,0.251,0.0666,0.173,1.4184,69.2833,0.1264,0.1611,0.0689,0.0486,0.3161,0.4939,0.2126,0.1301,0.157,0.2337,0.1731,1.4185,0.8209,0.2195,0.7551,6.1674,62.0972,0.0267,0.1772
"Raleigh, NC",Turf Field Lab,19BER,Berm,2024-08-03,P039,7,0.0566,0.0927,0.0636,0.1091,0.095,0.1231,0.292,0.0653,0.1863,1.4578,65.361,0.0869,0.158,0.0791,0.0541,0.2929,0.4703,0.202,0.0911,0.1623,0.152,0.1873,1.4609,0.7935,0.2325,0.7121,4.9465,70.4335,0.1348,0.1891
"Raleigh, NC",Turf Field Lab,19BER,Berm,2024-08-03,P040,5,0.0738,0.1031,0.075,0.1742,0.123,0.1754,0.2699,0.0574,0.158,1.3753,70.1664,0.0928,0.1882,0.0888,0.0656,0.2478,0.3958,0.0475,0.126,0.1728,0.2561,0.1507,1.3549,0.7158,0.2298,0.6334,3.4551,58.3921,0.0552,0.1982
"Raleigh, NC",Turf Field Lab,19BER,Berm,2024-08-03,P041,4,0.0543,0.0875,0.0637,0.3003,0.2171,0.2925,0.2458,0.0571,0.1576,1.3741,66.4272,0.0787,0.1508,0.0929,0.0671,0.2422,0.383,0.2165,0.1688,0.1621,0.1147,0.1614,1.3851,0.702,0.2252,0.6096,3.1231,68.3067,0.0681,0.1668
"Raleigh, NC",Turf Field Lab,19BER,Berm,2024-08-03,P042,6,0.0533,0.0891,0.0651,0.1839,0.2029,0.2151,0.2375,0.0598,0.1554,1.3681,80.9106,0.1051,0.1687,0.0817,0.0585,0.2758,0.4394,0.1643,0.1723,0.1453,0.0497,0.1656,1.3968,0.7649,0.2288,0.6863,4.3755,54.8287,0.1378,0.1454
"Raleigh, NC",Turf Field Lab,19BER,Berm,2024-08-03,P043,5,0.0646,0.1125,0.0847,0.2168,0.2156,0.127,0.2099,0.0758,0.1412,1.3288,54.855,0.1459,0.1654,0.0982,0.0689,0.2347,0.3755,0.2293,0.2458,0.2254,0.2796,0.1757,1.4264,0.6901,0.2307,0.5853,2.8226,61.5332,0.0792,0.1041
"Raleigh, NC",Turf Field Lab,19BER,Berm,2024-08-03,P044,6,0.0455,0.0795,0.0512,0.1338,0.1664,0.0961,0.3321,0.0622,0.2163,1.5521,58.8602,0.1147,0.0762,0.0867,0.059,0.2735,0.4392,0.1573,0.1435,0.1909,0.1449,0.1898,1.4684,0.763,0.2326,0.6703,4.0666,64.3598,0.1105,0.2132
"Raleigh, NC",Turf Field Lab,19BER,Berm,2024-08-03,P045,7,0.0464,0.0998,0.0704,0.1162,0.1828,0.1549,0.2383,0.0829,0.1733,1.4192,83.8517,0.1429,0.1026,0.1048,0.0763,0.2035,0.3446,0.1387,0.1833,0.1941,0.2001,0.157,1.3725,0.6373,0.2574,0.5337,2.2891,74.6434,0.1048,0.0945
"Raleigh, NC",Turf Field Lab,19BER,Berm,2024-08-03,P046,6,0.0463,0.0907,0.0643,0.1895,0.1363,0.1414,0.2432,0.0707,0.1704,1.4109,66.5735,0.0929,0.126,0.0978,0.0673,0.2404,0.3889,0.1797,0.2155,0.1926,0.1506,0.1845,1.4524,0.7048,0.236,0.5981,2.9766,73.0385,0.0933,0.2005
"Raleigh, NC",Turf Field Lab,19BER,Berm,2024-08-03,P047,4,0.0526,0.1006,0.0729,0.199,0.2002,0.177,0.2292,0.0757,0.1597,1.3801,77.2883,0.1617,0.1031,0.0841,0.0664,0.2449,0.3878,0.2626,0.1731,0.2005,0.2024,0.1181,1.2679,0.7078,0.2258,0.6434,3.609,62.0482,0.1434,0.1475
"Raleigh, NC",Turf Field Lab,19BER,Berm,2024-08-03,P048,4,0.0312,0.0688,0.0546,0.2617,0.1155,0.1733,0.1543,0.0519,0.1153,1.2607,68.3003,0.0984,0.1855,0.0933,0.0683,0.2371,0.3768,0.2255,0.2954,0.1134,0.1783,0.1547,1.366,0.693,0.2277,0.603,3.0377,75.8233,0.144,0.136
"Raleigh, NC",Turf Field Lab,19BER,Berm,2024-08-03,P049,5,0.0608,0.1055,0.0734,0.1539,0.1787,0.1854,0.2722,0.0769,0.1797,1.4383,68.9523,0.1612,0.1308,0.077,0.0539,0.295,0.4618,0.2154,0.1914,0.1014,0.1578,0.1767,1.4291,0.7911,0.2205,0.7143,4.9991,80.4718,0.1157,0.2252
"Raleigh, NC",Turf Field Lab,19BER,Berm,2024-08-03,P050,6,0.0581,0.0956,0.0655,0.2526,0.1723,0.1686,0.2928,0.0676,0.1871,1.4603,68.6523,0.1713,0.1387,0.0874,0.0648,0.2505,0.4029,0.167,0.1619,0.1379,0.188,0.1482,1.3479,0.7228,0.2333,0.6435,3.6106,69.6942,0.0961,0.2241
"Raleigh, NC",Turf Field Lab,19BER,Berm,2024-08-03,P051,6,0.0581,0.1022,0.0742,0.2144,0.215,0.1984,0.2374,0.0723,0.1592,1.3788,64.4396,0.1312,0.0952,0.0819,0.0602,0.269,0.4288,0.2637,0.1409,0.1447,0.1186,0.1525,1.3599,0.7536,0.229,0.6792,4.2336,69.669,0.1321,0.1346
"Raleigh, NC",Turf Field Lab,19BER,Berm,2024-08-03,P052,3,0.0499,0.1004,0.0735,0.0673,0.2145,0.2488,0.217,0.0774,0.1547,1.3659,62.1475,0.1258,0.1979,0.1093,0.0785,0.1965,0.3149,0.2752,0.129,0.1475,0.1696,0.1643,1.3931,0.601,0.2315,0.4846,1.8803,57.9455,0.1533,0.1179
"Raleigh, NC",Turf Field Lab,19BER,Berm,2024-08-03,P053,4,0.0618,0.0913,0.0673,0.1448,0.1418,0.3014,0.2478,0.0534,0.1512,1.3562,71.3308,0.1816,0.1362,0.1061,0.0751,0.21,0.3375,0.1546,0.2119,0.2001,0.1137,0.1711,1.4129,0.6361,0.2328,0.5218,2.1823,77.7706,0.1167,0.0692
"Raleigh, NC",Turf Field Lab,19BER,Berm,2024-08-03,P054,5,0.0593,0.1009,0.0717,0.2603,0.2326,0.2214,0.2583,0.0709,0.1696,1.4084,58.8002,0.092,0.165,0.0988,0.0756,0.2075,0.337,0.0661,0.1506,0.172,0.1465,0.1326,1.3058,0.6334,0.2379,0.5467,2.4125,70.6007,0.1259,0.0839
"Raleigh, NC",Turf Field Lab,19BER,Berm,2024-08-03,P055,4,0.0629,0.0954,0.0687,0.2194,0.2225,0.0629,0.2642,0.0592,0.1629,1.3891,60.5194,0.0971,0.1135,0.0902,0.0675,0.2402,0.3817,0.1733,0.2015,0.2229,0.1659,0.1437,1.3357,0.6993,0.2276,0.6177,3.2311,60.7964,0.0997,0.145
"Raleigh, NC",Turf Field Lab,19BER,Berm,2024-08-03,P056,6,0.0447,0.0713,0.0507,0.0443,0.174,0.1866,0.2658,0.0471,0.1684,1.4049,72.449,0.1005,0.1457,0.092,0.0674,0.24,0.3907,0.1956,0.219,0.167,0.1009,0.1546,1.3658,0.7058,0.2389,0.6187,3.2456,76.4672,0.1095,0.1271
"Raleigh, NC",Turf Field Lab,19BER,Berm,2024-08-03,P057,4,0.0641,0.0898,0.0735,0.1795,0.2431,0.3059,0.1641,0.042,0.0997,1.2214,64.5136,0.1768,0.1411,0.098,0.0756,0.2082,0.3325,0.2259,0.1874,0.1736,0.1104,0.1293,1.297,0.6297,0.2299,0.5448,2.3934,64.1866,0.1632,0.1948
"Raleigh, NC",Turf Field Lab,19BER,Berm,2024-08-03,P058,4,0.0642,0.1011,0.0762,0.1885,0.116,0.2298,0.2201,0.0617,0.1404,1.3266,51.1979,0.1203,0.1658,0.0827,0.0572,0.2822,0.4366,0.1751,0.1409,0.1031,0.1957,0.1822,1.4455,0.7683,0.2149,0.6816,4.2809,64.6341,0.1053,0.1091
"Raleigh, NC",Turf Field Lab,19BER,Berm,2024-08-03,P059,6,0.0281,0.053,0.0386,0.2142,0.1681,0.2193,0.2272,0.0393,0.1574,1.3737,84.5347,0.1069,0.113,0.0861,0.0604,0.2682,0.4271,0.1856,0.2606,0.1391,0.2016,0.1752,1.4249,0.7521,0.2285,0.6644,3.9597,77.9402,0.039,0.1466
"Raleigh, NC",Turf Field Lab,19BER,Berm,2024-08-03,P060,6,0.0574,0.0884,0.0658,0.1342,0.1544,0.2392,0.2338,0.0537,0.1469,1.3443,84.6744,0.0676,0.1756,0.0789,0.0584,0.276,0.4431,0.0432,0.1308,0.1332,0.2024,0.1495,1.3514,0.7671,0.2323,0.6976,4.6146,71.4494,0.082,0.1655
"Raleigh, NC",Turf Field Lab,19BER,Berm,2024-08-03,P061,5,0.0488,0.082,0.0665,0.0979,0.1751,0.2221,0.156,0.0487,0.1047,1.2338,100,0.1177,0.1976,0.0936,0.0678,0.2391,0.3816,0.2657,0.2106,0.2357,0.181,0.1598,1.3805,0.6984,0.2296,0.6062,3.0785,55.3325,0.1196,0.1854
"Raleigh, NC",Turf Field Lab,19BER,Berm,2024-08-03,P062,6,0.0545,0.0791,0.0585,0.0796,0.1155,0.1555,0.2481,0.0453,0.1499,1.3526,59.3144,0.1225,0.068,0.0958,0.0691,0.2327,0.3827,0.1556,0.1823,0.1135,0.1285,0.1616,1.3856,0.694,0.2436,0.5996,2.9947,91.8529,0.0933,0.12
"Raleigh, NC",Turf Field Lab,19BER,Berm,2024-08-03,P063,4,0.0627,0.1091,0.0799,0.2019,0.1813,0.0796,0.2313,0.0755,0.1545,1.3654,61.0135,0.1094,0.138,0.123,0.0932,0.1366,0.2364,0.157,0.1269,0.1932,0.1712,0.1376,1.3192,0.4343,0.2673,0.3155,0.922,70.7398,0.1339,0.0593
"Raleigh, NC",Turf Field Lab,19BER,Berm,2024-08-03,P064,2,0.0607,0.1068,0.0803,0.1982,0.2377,0.2044,0.2096,0.0727,0.1417,1.3301,55.0411,0.179,0.1496,0.0859,0.0627,0.2611,0.396,0.2542,0.2056,0.1669,0.2712,0.1565,1.371,0.7267,0.2053,0.6434,3.609,48.2853,0.1949,0.1979
"Raleigh, NC",Turf Field Lab,19BER,Berm,2024-08-03,P065,8,0.026,0.0726,0.0417,0.1412,0.1538,0.087,0.3508,0.0776,0.271,1.7434,70.1102,0.0299,0.1415,0.0882,0.0597,0.2699,0.4441,0.1217,0.1441,0.1946,0.225,0.1926,1.4771,0.763,0.244,0.6687,4.0367,60.5842,0.0986,0.14
"Raleigh, NC",Turf Field Lab,19BER,Berm,2024-08-03,P066,6,0.0442,0.0878,0.057,0.1612,0.1136,0.2074,0.3061,0.0744,0.2127,1.5403,86.7123,0.1332,0.1358,0.0804,0.0583,0.2766,0.4433,0.1305,0.2243,0.1551,0.137,0.1595,1.3795,0.7676,0.2315,0.693,4.5149,79.5978,0.1284,0.1913
"Raleigh, NC",Turf Field Lab,19BER,Berm,2024-08-03,P067,4,0.0594,0.0934,0.0748,0.1429,0.2009,0.2503,0.1715,0.0527,0.111,1.2496,64.5363,0.0971,0.0864,0.083,0.0619,0.2632,0.41,0.1129,0.249,0.2151,0.2195,0.1454,1.3404,0.7376,0.218,0.6633,3.9395,62.27,0.1583,0.1696
"Raleigh, NC",Turf Field Lab,19BER,Berm,2024-08-03,P068,6,0.0357,0.0791,0.0593,0.1711,0.1942,0.0981,0.1932,0.0632,0.1433,1.3346,58.2281,0.0954,0.1166,0.0967,0.07,0.2292,0.3771,0.1846,0.1984,0.2222,0.1118,0.1603,1.3818,0.6868,0.2438,0.5917,2.8979,60.027,0.0911,0.1679
"Raleigh, NC",Turf Field Lab,19BER,Berm,2024-08-03,P069,7,0.0494,0.0844,0.0629,0.1772,0.1813,0.1115,0.2193,0.0565,0.1458,1.3414,63.2395,0.041,0.1293,0.0555,0.0358,0.3672,0.5708,0.1403,0.141,0.1961,0.1523,0.216,1.5509,0.882,0.217,0.8228,9.2873,66.328,0.0741,0.1724
"Raleigh, NC",Turf Field Lab,19BER,Berm,2024-08-03,P070,6,0.0531,0.1017,0.0755,0.1936,0.0865,0.2096,0.2108,0.0748,0.1476,1.3464,74.476,0.1025,0.1422,0.0889,0.0618,0.2626,0.4199,0.2118,0.2034,0.2116,0.2172,0.1794,1.4373,0.7433,0.2305,0.6507,3.726,66.5058,0.1183,0.1066
"Raleigh, NC",Turf Field Lab,19BER,Berm,2024-08-03,P071,5,0.0555,0.0841,0.0653,0.092,0.1883,0.2203,0.2004,0.0474,0.1259,1.288,75.9723,0.1322,0.1819,0.0719,0.0555,0.2881,0.4535,0.1605,0.2096,0.2376,0.1889,0.1282,1.294,0.7818,0.223,0.7264,5.3104,79.5727,0.0399,0.1659
"Raleigh, NC",Turf Field Lab,19BER,Berm,2024-08-03,P072,6,0.0632,0.1052,0.0744,0.1148,0.1804,0.2107,0.2642,0.0727,0.1712,1.4131,58.2843,0.0438,0.157,0.0797,0.0585,0.2761,0.4385,0.1072,0.1,0.173,0.1497,0.1537,1.3633,0.7647,0.2272,0.6923,4.5006,56.7193,0.0953,0.1774
"Raleigh, NC",Turf Field Lab,19BER,Berm,2024-08-03,P073,7,0.0585,0.0802,0.0529,0.1665,0.0739,0.1785,0.3657,0.049,0.2049,1.5155,61.72,0.1034,0.0964,0.0817,0.059,0.2733,0.4404,0.176,0.2174,0.2501,0.0691,0.161,1.3838,0.7636,0.2341,0.687,4.3907,66.9285,0.1416,0.141
"Raleigh, NC",Turf Field Lab,19BER,Berm,2024-08-03,P074,5,0.0693,0.1139,0.0798,0.196,0.1406,0.1074,0.2746,0.0787,0.1763,1.4281,76.0374,0.0676,0.1676,0.0803,0.0525,0.3007,0.4684,0.1013,0.2406,0.2341,0.2101,0.2097,1.5308,0.7985,0.218,0.7072,4.8308,69.9183,0.1444,0.1415
"Raleigh, NC",Turf Field Lab,19BER,Berm,2024-08-03,P075,5,0.045,0.0927,0.0664,0.2335,0.2043,0.1163,0.2299,0.0739,0.1648,1.3948,75.2918,0.1316,0.198,0.0879,0.0641,0.2534,0.4056,0.2108,0.2332,0.1787,0.1516,0.156,1.3697,0.7269,0.231,0.6439,3.6156,84.6346,0.096,0.1111
"Raleigh, NC",Turf Field Lab,19BER,Berm,2024-08-03,P076,5,0.0307,0.0685,0.0506,0.2078,0.2227,0.1748,0.203,0.0557,0.1506,1.3546,85.2432,0.0973,0.1194,0.074,0.0524,0.3009,0.4713,0.1382,0.1781,0.1638,0.1603,0.1712,1.413,0.8,0.2207,0.7286,5.3683,53.5352,0.0956,0.1606
"Raleigh, NC",Turf Field Lab,19BER,Berm,2024-08-03,P077,5,0.0494,0.0814,0.0577,0.181,0.1987,0.2052,0.2643,0.0557,0.1704,1.4109,64.4586,0.044,0.1563,0.0963,0.071,0.226,0.363,0.1596,0.2014,0.1192,0.2336,0.1509,1.3554,0.6727,0.2327,0.5807,2.7704,55.075,0.1218,0.0986
"Raleigh, NC",Turf Field Lab,19BER,Berm,2024-08-03,P078,5,0.0456,0.0773,0.0626,0.2022,0.2162,0.1535,0.1556,0.0464,0.105,1.2345,64.2499,0.1181,0.2085,0.0906,0.0651,0.2496,0.4006,0.1998,0.1455,0.1488,0.1701,0.1637,1.3916,0.7205,0.2323,0.6312,3.4233,65.416,0.1089,0.1529
"Raleigh, NC",Turf Field Lab,19BER,Berm,2024-08-03,P079,6,0.0616,0.0955,0.0739,0.0999,0.1375,0.2196,0.2008,0.0555,0.1277,1.2928,61.1021,0.1222,0.1925,0.0898,0.0636,0.2554,0.4121,0.2212,0.1078,0.1485,0.0914,0.171,1.4125,0.7328,0.2348,0.6422,3.5904,59.5709,0.0997,0.144
"Raleigh, NC",Turf Field Lab,19BER,Berm,2024-08-03,P080,2,0.0733,0.1235,0.096,0.2288,0.1965,0.2529,0.1881,0.0777,0.1253,1.2866,64.8091,0.111,0.164,0.1204,0.0939,0.1352,0.2196,0.1652,0.1567,0.1973,0.2564,0.1237,1.2824,0.401,0.2378,0.2918,0.8239,49.2367,0.1192,0.0866
"Raleigh, NC",Turf Field Lab,19BER,Berm,2024-08-03,P081,5,0.0605,0.0869,0.0664,0.1985,0.1984,0.2186,0.2202,0.0468,0.1333,1.3075,71.8648,0.1002,0.2241,0.081,0.0619,0.2624,0.4169,0.0959,0.1476,0.1396,0.1886,0.133,1.3069,0.7413,0.2275,0.6748,4.1494,68.6464,0.136,0.145
"Raleigh, NC",Turf Field Lab,19BER,Berm,2024-08-03,P082,6,0.044,0.0723,0.057,0.2044,0.2424,0.1051,0.1804,0.0437,0.119,1.2701,62.6989,0.1553,0.1814,0.0861,0.0593,0.2728,0.4364,0.1568,0.2599,0.2189,0.156,0.1845,1.4525,0.7609,0.2307,0.6705,4.0699,58.8681,0.1051,0.1614
"Raleigh, NC",Turf Field Lab,19BER,Berm,2024-08-03,P083,3,0.0655,0.1116,0.0809,0.1804,0.2391,0.2209,0.2414,0.0767,0.1593,1.3789,50.8423,0.1561,0.1107,0.0758,0.0565,0.2855,0.4357,0.2542,0.2244,0.167,0.1582,0.1457,1.3412,0.7704,0.2082,0.7037,4.7492,57.0766,0.138,0.1441
"Raleigh, NC",Turf Field Lab,19BER,Berm,2024-08-03,P084,6,0.0567,0.0858,0.0656,0.2423,0.1509,0.1263,0.2133,0.0492,0.1333,1.3076,76.167,0.0949,0.1672,0.0955,0.0675,0.2395,0.3883,0.1494,0.1615,0.1573,0.1666,0.1716,1.4143,0.7037,0.237,0.6052,3.0654,67.9163,0.1372,0.172
"Raleigh, NC",Turf Field Lab,19BER,Berm,2024-08-03,P085,8,0.0524,0.0962,0.0668,0.1644,0.183,0.0883,0.2656,0.0732,0.1803,1.4398,73.7234,0.1354,0.097,0.0725,0.0493,0.312,0.5001,0.0949,0.1667,0.1518,0.1278,0.1899,1.4687,0.8204,0.2316,0.7469,5.9021,83.0123,0.0613,0.1157
"Raleigh, NC",Turf Field Lab,19BER,Berm,2024-08-03,P086,5,0.0397,0.0972,0.0683,0.2561,0.1481,0.0755,0.2294,0.0863,0.1743,1.4223,63.3179,0.104,0.1837,0.1057,0.08,0.1897,0.3152,0.2135,0.2074,0.25,0.1325,0.1389,1.3226,0.5953,0.2484,0.4976,1.9806,71.9445,0.1065,0.1622
"Raleigh, NC",Turf Field Lab,19BER,Berm,2024-08-03,P087,7,0.047,0.0794,0.0546,0.1521,0.2067,0.1186,0.2857,0.0573,0.1855,1.4555,80.1619,0.1169,0.1576,0.0843,0.0631,0.2571,0.4177,0.1066,0.1324,0.176,0.2006,0.1441,1.3368,0.7377,0.238,0.6642,3.9559,65.8045,0.1101,0.1787
"Raleigh, NC",Turf Field Lab,19BER,Berm,2024-08-03,P088,6,0.0616,0.0971,0.0706,0.2345,0.1435,0.1885,0.25,0.062,0.1581,1.3757,76.3195,0.1286,0.1945,0.0937,0.0681,0.2372,0.3841,0.1385,0.2327,0.1841,0.2379,0.1582,1.3759,0.6987,0.2364,0.6077,3.0981,65.3834,0.1061,0.1574
"Raleigh, NC",Turf Field Lab,19BER,Berm,2024-08-03,P089,4,0.0556,0.0842,0.063,0.1728,0.1763,0.2559,0.2318,0.0499,0.1443,1.3373,58.4223,0.1234,0.1916,0.0822,0.0622,0.2619,0.4104,0.2006,0.2564,0.192,0.162,0.1388,1.3224,0.7369,0.2209,0.6662,3.9919,55.2035,0.1266,0.1986
"Raleigh, NC",Turf Field Lab,19BER,Berm,2024-08-03,P090,4,0.0598,0.0904,0.0682,0.1464,0.1544,0.175,0.2248,0.0528,0.14,1.3256,72.9948,0.0815,0.1424,0.1026,0.0756,0.2076,0.3366,0.1739,0.2562,0.1373,0.1738,0.1515,1.3572,0.6332,0.2371,0.5328,2.2809,62.2185,0.1763,0.1798
"Raleigh, NC",Turf Field Lab,19BER,Berm,2024-08-03,P091,7,0.0546,0.0965,0.0655,0.2635,0.1508,0.2042,0.288,0.0728,0.1909,1.472,81.7388,0.0781,0.1626,0.0811,0.0594,0.2718,0.4406,0.0747,0.1361,0.2028,0.1392,0.1545,1.3655,0.7625,0.2369,0.6892,4.435,68.9917,0.0942,0.1258
"Raleigh, NC",Turf Field Lab,19BER,Berm,2024-08-03,P092,5,0.0603,0.1038,0.0683,0.174,0.1657,0.1677,0.318,0.0792,0.2067,1.5211,64.4231,0.1229,0.0918,0.0931,0.0654,0.2485,0.398,0.1408,0.0758,0.0891,0.2443,0.1748,1.4236,0.7178,0.2313,0.621,3.2769,68.4906,0.1449,0.1797
"Raleigh, NC",Turf Field Lab,19BER,Berm,2024-08-03,P093,5,0.058,0.0784,0.0571,0.2449,0.2119,0.1796,0.2754,0.0417,0.1574,1.3737,67.946,0.0843,0.1785,0.0813,0.0596,0.2719,0.4278,0.1408,0.055,0.1803,0.1156,0.1535,1.3628,0.7553,0.2228,0.6807,4.2645,48.7011,0.0576,0.1229
"Raleigh, NC",Turf Field Lab,19BER,Berm,2024-08-03,P094,4,0.0614,0.095,0.0736,0.1577,0.1763,0.1967,0.2004,0.0552,0.1275,1.2922,65.722,0.1384,0.1139,0.1062,0.0742,0.2138,0.3413,0.2092,0.1818,0.2618,0.2156,0.1779,1.4327,0.643,0.2297,0.5252,2.2123,53.4063,0.1617,0.1214
"Raleigh, NC",Turf Field Lab,19BER,Berm,2024-08-03,P095,5,0.0636,0.0837,0.0622,0.1606,0.15,0.1764,0.2615,0.0415,0.1474,1.3457,72.0527,0.144,0.1672,0.0986,0.0739,0.2142,0.3478,0.1911,0.1492,0.2321,0.2081,0.1428,1.3331,0.6494,0.2378,0.5584,2.5293,64.7662,0.109,0.0885
"Raleigh, NC",Turf Field Lab,19BER,Berm,2024-08-03,P096,4,0.0578,0.0976,0.0715,0.1519,0.2227,0.1342,0.2353,0.066,0.1548,1.3664,41.2901,0.106,0.101,0.0928,0.0688,0.2353,0.3734,0.2046,0.243,0.2029,0.0898,0.1484,1.3485,0.6889,0.2269,0.6021,3.0258,63.6661,0.1476,0.0792
"Raleigh, NC",Turf Field Lab,19BER,Berm,2024-08-03,P097,6,0.0484,0.1058,0.0701,0.1611,0.1635,0.1806,0.2804,0.0932,0.2032,1.5101,80.2133,0.1429,0.1559,0.0854,0.0612,0.2648,0.4248,0.229,0.1567,0.2069,0.1452,0.1649,1.3951,0.748,0.232,0.6651,3.9716,73.336,0.148,0.1127
"Raleigh, NC",Turf Field Lab,19BER,Berm,2024-08-03,P098,9,0.0306,0.0723,0.0383,0.1085,0.0436,0.1656,0.4245,0.0757,0.3072,1.8869,92.2812,0.0794,0.1711,0.0864,0.0575,0.2785,0.4588,0.0676,0.0599,0.1847,0.12,0.2009,1.503,0.7772,0.2445,0.6829,4.308,78.7392,0.127,0.1661
"Raleigh, NC",Turf Field Lab,19BER,Berm,2024-08-03,P099,6,0.0739,0.1049,0.0796,0.2265,0.1876,0.2121,0.2292,0.0564,0.1375,1.3187,57.1538,0.1158,0.0829,0.0799,0.0566,0.2836,0.4499,0.1956,0.1635,0.0925,0.1058,0.1708,1.412,0.7765,0.2268,0.6983,4.6291,61.4139,0.0756,0.175
"Raleigh, NC",Turf Field Lab,19BER,Berm,2024-08-03,P100,1,0.0618,0.0985,0.0779,0.2173,0.165,0.229,0.1792,0.0571,0.1164,1.2634,52.7396,0.2287,0.1191,0.1135,0.0908,0.1483,0.234,0.2298,0.3316,0.1852,0.2551,0.1114,1.2507,0.4411,0.2243,0.3467,1.0615,46.6257,0.1546,0.0483
"Raleigh, NC",Turf Field Lab,19BER,Berm,2024-08-03,P101,6,0.065,0.1053,0.0726,0.1929,0.1007,0.1445,0.2895,0.073,0.1837,1.4502,84.617,0.0611,0.087,0.064,0.0453,0.3289,0.5145,0.151,0.2689,0.106,0.1883,0.1706,1.4113,0.838,0.2201,0.7788,7.0407,61.488,0.0785,0.1665
"Raleigh, NC",Turf Field Lab,19BER,Berm,2024-08-03,P102,6,0.0503,0.075,0.0525,0.1483,0.161,0.142,0.2924,0.0473,0.1771,1.4303,66.7203,0.1246,0.1579,0.0867,0.0628,0.2586,0.4175,0.0988,0.1296,0.2868,0.1815,0.1605,1.3823,0.7387,0.2351,0.6559,3.813,68.2781,0.186,0.1994
"Raleigh, NC",Turf Field Lab,19BER,Berm,2024-08-03,P103,4,0.0653,0.0926,0.0711,0.161,0.2182,0.1647,0.2193,0.0489,0.1318,1.3036,64.1146,0.1389,0.066,0.1138,0.0833,0.1768,0.29,0.1756,0.1181,0.1794,0.1902,0.1547,1.366,0.5536,0.2424,0.4363,1.5482,53.6739,0.1318,0.2286
"Raleigh, NC",Turf Field Lab,19BER,Berm,2024-08-03,P104,4,0.0582,0.0888,0.07,0.1244,0.2398,0.1208,0.1869,0.0494,0.1184,1.2686,66.0303,0.0965,0.1872,0.0874,0.0623,0.2613,0.4102,0.1852,0.1383,0.1854,0.1767,0.1678,1.4031,0.7362,0.2217,0.6486,3.6908,72.9216,0.1545,0.2102
"Raleigh, NC",Turf Field Lab,19BER,Berm,2024-08-03,P105,7,0.0525,0.0875,0.0578,0.2259,0.1265,0.1644,0.3206,0.0648,0.2047,1.5149,72.6973,0.0825,0.1913,0.0808,0.0577,0.2786,0.4496,0.1052,0.1811,0.2702,0.1817,0.167,1.401,0.7725,0.2349,0.6952,4.5616,76.0803,0.1087,0.1709
"Raleigh, NC",Turf Field Lab,19BER,Berm,2024-08-03,P106,6,0.0459,0.0751,0.0582,0.1587,0.2594,0.1459,0.194,0.0462,0.1272,1.2916,86.0067,0.1419,0.1395,0.0891,0.0651,0.2494,0.4009,0.1187,0.203,0.1913,0.1237,0.1558,1.3691,0.7206,0.2329,0.6362,3.4982,79.1297,0.0762,0.2154
"Raleigh, NC",Turf Field Lab,19BER,Berm,2024-08-03,P107,4,0.0525,0.0962,0.0743,0.0903,0.1686,0.1104,0.1854,0.0655,0.1283,1.2943,76.778,0.112,0.1038,0.0894,0.0636,0.2564,0.4022,0.2002,0.2205,0.1202,0.1432,0.1691,1.4069,0.7271,0.2213,0.6362,3.4977,81.372,0.0965,0.1764
"Raleigh, NC",Turf Field Lab,19BER,Berm,2024-08-03,P108,6,0.046,0.07,0.051,0.149,0.2029,0.1772,0.2537,0.0431,0.1573,1.3734,57.1422,0.0722,0.1462,0.0652,0.0428,0.3391,0.5299,0.1309,0.1573,0.1739,0.1412,0.2078,1.5247,0.8506,0.2195,0.7808,7.1245,79.6051,0.0889,0.1778
"Raleigh, NC",Turf Field Lab,19BER,Berm,2024-08-03,P109,6,0.0579,0.1001,0.0738,0.1744,0.1324,0.0472,0.227,0.0684,0.1513,1.3566,71.0429,0.1264,0.1741,0.0986,0.0713,0.2245,0.3665,0.0979,0.1977,0.1879,0.1503,0.161,1.3837,0.6743,0.2402,0.5759,2.7154,60.6146,0.1333,0.176
"Raleigh, NC",Turf Field Lab,19BER,Berm,2024-08-03,P110,3,0.0636,0.1071,0.0821,0.1312,0.2033,0.2293,0.1992,0.0684,0.1322,1.3047,52.0023,0.0795,0.1774,0.1135,0.0868,0.1632,0.2675,0.1897,0.1869,0.1674,0.208,0.1334,1.3078,0.5101,0.2423,0.4043,1.3571,57.5787,0.1653,0.1615
"Raleigh, NC",Turf Field Lab,19BER,Berm,2024-08-03,P111,6,0.0583,0.0805,0.0611,0.143,0.2734,0.1802,0.2329,0.0416,0.137,1.3174,64.0341,0.108,0.1697,0.0935,0.0706,0.2269,0.3753,0.1977,0.2094,0.1673,0.2286,0.1401,1.3257,0.6835,0.2463,0.601,3.0124,50.7202,0.1039,0.1913
"Raleigh, NC",Turf Field Lab,19BER,Berm,2024-09-30,P001,4,0.0546,0.0999,0.0762,0.0979,0.2334,0.1083,0.1945,0.0689,0.1342,1.31,59.4773,0.1604,0.2051,0.0824,0.0602,0.2702,0.4189,0.2547,0.2155,0.1467,0.1893,0.1559,1.3694,0.7487,0.2158,0.6711,4.0807,73.2331,0.13,0.1931
"Raleigh, NC",Turf Field Lab,19BER,Berm,2024-09-30,P002,5,0.0649,0.0932,0.0696,0.1777,0.1986,0.2136,0.2407,0.0518,0.1447,1.3383,50.3225,0.0863,0.2044,0.1002,0.0749,0.2099,0.3453,0.1824,0.1686,0.1828,0.1898,0.1446,1.3381,0.6434,0.2438,0.55,2.4446,61.1579,0.0975,0.1688
"Raleigh, NC",Turf Field Lab,19BER,Berm,2024-09-30,P003,6,0.0449,0.0629,0.0448,0.1997,0.2127,0.1575,0.2893,0.0362,0.1686,1.4057,69.9172,0.0989,0.1685,0.0948,0.0686,0.2353,0.383,0.1432,0.1338,0.151,0.1232,0.1606,1.3825,0.6963,0.239,0.6032,3.04,67.2376,0.1109,0.2003
"Raleigh, NC",Turf Field Lab,19BER,Berm,2024-09-30,P004,5,0.0546,0.0831,0.0631,0.1322,0.2014,0.187,0.2177,0.0484,0.1363,1.3157,62.8266,0.084,0.1248,0.0951,0.0673,0.241,0.386,0.1326,0.1839,0.2036,0.143,0.1712,1.4131,0.7032,0.2313,0.6048,3.0607,56.4421,0.138,0.1631
"Raleigh, NC",Turf Field Lab,19BER,Berm,2024-09-30,P005,3,0.0655,0.1132,0.0845,0.2091,0.2065,0.2136,0.2169,0.0763,0.145,1.3392,57.8812,0.145,0.1017,0.1151,0.0829,0.1788,0.2903,0.2103,0.0908,0.2377,0.1794,0.1627,1.3886,0.5557,0.2377,0.4321,1.5218,46.302,0.1388,0.167
"Raleigh, NC",Turf Field Lab,19BER,Berm,2024-09-30,P006,4,0.0414,0.0758,0.0556,0.108,0.1506,0.2129,0.2252,0.0546,0.1542,1.3646,63.7961,0.1357,0.1724,0.1078,0.084,0.1736,0.2888,0.2567,0.1431,0.1379,0.2113,0.1237,1.2822,0.5492,0.2492,0.4565,1.6802,55.7345,0.1303,0.1955
"Raleigh, NC",Turf Field Lab,19BER,Berm,2024-09-30,P007,5,0.05,0.0918,0.0669,0.147,0.191,0.1366,0.2284,0.0666,0.1565,1.371,58.5722,0.1202,0.1727,0.1189,0.09,0.1493,0.2573,0.2164,0.1766,0.1118,0.1235,0.1381,1.3205,0.4817,0.2656,0.3681,1.1652,62.4769,0.0378,0.1316
"Raleigh, NC",Turf Field Lab,19BER,Berm,2024-09-30,P008,4,0.073,0.1135,0.0836,0.1408,0.1925,0.138,0.241,0.0705,0.1518,1.3579,81.8941,0.1217,0.1099,0.0873,0.0642,0.2538,0.3994,0.2326,0.1751,0.1547,0.2142,0.1526,1.3602,0.7231,0.223,0.6413,3.575,75.4737,0.0837,0.0987
"Raleigh, NC",Turf Field Lab,19BER,Berm,2024-09-30,P009,4,0.0568,0.0876,0.0717,0.2222,0.2171,0.1149,0.1548,0.0467,0.0996,1.2213,57.941,0.1627,0.0768,0.0816,0.054,0.2949,0.4566,0.2423,0.169,0.1636,0.1808,0.2037,1.5117,0.7884,0.2152,0.6966,4.592,57.4191,0.1303,0.2043
"Raleigh, NC",Turf Field Lab,19BER,Berm,2024-09-30,P010,5,0.0503,0.0903,0.0655,0.0806,0.2299,0.2196,0.2355,0.0648,0.1595,1.3794,70.6867,0.1077,0.1843,0.0875,0.0625,0.2601,0.4122,0.136,0.1349,0.1773,0.1814,0.1664,1.3994,0.7365,0.2263,0.6497,3.7102,65.2291,0.1013,0.1659
"Raleigh, NC",Turf Field Lab,19BER,Berm,2024-09-30,P011,7,0.0481,0.0937,0.067,0.2272,0.1438,0.2501,0.2371,0.0723,0.1661,1.3985,76.9045,0.0734,0.0718,0.1046,0.0703,0.2281,0.3774,0.1534,0.1455,0.1689,0.1236,0.1962,1.4882,0.6861,0.2467,0.5662,2.61,72.7441,0.0925,0.1795
"Raleigh, NC",Turf Field Lab,19BER,Berm,2024-09-30,P012,8,0.0592,0.0917,0.0586,0.2353,0.145,0.1665,0.3624,0.0655,0.2197,1.5632,74.3399,0.1042,0.1145,0.08,0.0544,0.2914,0.4713,0.1192,0.1448,0.0891,0.1828,0.1902,1.4699,0.7929,0.2359,0.7097,4.8891,62.3538,0.1824,0.1839
"Raleigh, NC",Turf Field Lab,19BER,Berm,2024-09-30,P013,5,0.0402,0.085,0.0602,0.1426,0.2268,0.1006,0.2364,0.0696,0.1709,1.4123,59.6468,0.0773,0.1452,0.0862,0.0677,0.2393,0.3853,0.2123,0.132,0.2086,0.1974,0.1208,1.2749,0.7013,0.2337,0.6342,3.4669,62.0657,0.107,0.1313
"Raleigh, NC",Turf Field Lab,19BER,Berm,2024-09-30,P014,2,0.068,0.103,0.0778,0.2312,0.2188,0.2281,0.2235,0.0603,0.1395,1.3242,53.5234,0.1778,0.1146,0.0978,0.0775,0.201,0.3149,0.1772,0.1394,0.2476,0.2519,0.1159,1.2621,0.6049,0.2208,0.5258,2.218,63.3692,0.1758,0.1562
"Raleigh, NC",Turf Field Lab,19BER,Berm,2024-09-30,P015,2,0.0826,0.0868,0.0652,0.2665,0.2574,0.2133,0.312,0.026,0.1426,1.3325,65.7992,0.1409,0.1061,0.0993,0.0787,0.1962,0.3082,0.2025,0.115,0.1378,0.1963,0.1158,1.2621,0.5931,0.2222,0.5125,2.1023,48.9471,0.1213,0.1155
"Raleigh, NC",Turf Field Lab,19BER,Berm,2024-09-30,P016,5,0.0645,0.0991,0.0729,0.265,0.1796,0.2773,0.2441,0.0609,0.1526,1.3601,48.1046,0.0926,0.2105,0.0963,0.0728,0.219,0.3535,0.2209,0.2352,0.1591,0.1959,0.139,1.3228,0.6586,0.2351,0.572,2.6724,67.988,0.0832,0.1198
"Raleigh, NC",Turf Field Lab,19BER,Berm,2024-09-30,P017,2,0.0702,0.1067,0.087,0.1782,0.2473,0.2576,0.1594,0.0562,0.1016,1.2262,59.7094,0.215,0.1613,0.1003,0.0766,0.2051,0.3164,0.1347,0.1425,0.2246,0.1488,0.134,1.3095,0.6102,0.2135,0.5186,2.1542,58.5201,0.1065,0.1098
"Raleigh, NC",Turf Field Lab,19BER,Berm,2024-09-30,P018,4,0.0408,0.0701,0.0529,0.1692,0.1573,0.1654,0.2096,0.0466,0.1401,1.3259,76.0862,0.1349,0.0619,0.0916,0.0655,0.2486,0.3914,0.2482,0.1386,0.1346,0.1565,0.1662,1.3985,0.7133,0.2232,0.6207,3.2726,57.3536,0.1127,0.1345
"Raleigh, NC",Turf Field Lab,19BER,Berm,2024-09-30,P019,6,0.0559,0.0932,0.07,0.1854,0.1208,0.227,0.2164,0.0605,0.1423,1.3317,68.8481,0.1102,0.1688,0.0875,0.0625,0.2596,0.417,0.2439,0.1262,0.1596,0.1754,0.1663,1.3988,0.7392,0.2327,0.6532,3.7664,73.1429,0.1023,0.1668
"Raleigh, NC",Turf Field Lab,19BER,Berm,2024-09-30,P020,7,0.0523,0.0905,0.0603,0.1971,0.1989,0.1276,0.3062,0.0684,0.2001,1.5002,56.9902,0.0742,0.1487,0.0755,0.0483,0.3164,0.5017,0.1215,0.1687,0.1418,0.1524,0.2193,1.5616,0.8243,0.2265,0.7385,5.6471,71.2573,0.2013,0.1664
"Raleigh, NC",Turf Field Lab,19BER,Berm,2024-09-30,P021,5,0.0549,0.0858,0.0649,0.139,0.216,0.2072,0.2188,0.0519,0.1391,1.3231,41.6774,0.1395,0.1786,0.1008,0.0671,0.2413,0.3889,0.2404,0.203,0.1737,0.2314,0.2008,1.5024,0.7056,0.2341,0.5882,2.8563,52.3173,0.142,0.1357
"Raleigh, NC",Turf Field Lab,19BER,Berm,2024-09-30,P022,4,0.0655,0.1016,0.0748,0.2109,0.1691,0.1458,0.242,0.0629,0.1521,1.3588,71.0699,0.0656,0.1568,0.0725,0.0563,0.2858,0.4417,0.2567,0.1624,0.2305,0.1112,0.1258,1.2879,0.7738,0.2143,0.7179,5.0902,63.0753,0.1757,0.1531
"Raleigh, NC",Turf Field Lab,19BER,Berm,2024-09-30,P023,6,0.0541,0.0922,0.0625,0.1568,0.1237,0.1644,0.2945,0.0677,0.1915,1.4738,92.9142,0.0689,0.1488,0.0844,0.0551,0.2895,0.4599,0.1722,0.1462,0.1927,0.2638,0.2102,1.5324,0.7861,0.2273,0.6898,4.448,79.2794,0.067,0.1366
"Raleigh, NC",Turf Field Lab,19BER,Berm,2024-09-30,P024,3,0.0677,0.0861,0.0677,0.1979,0.2776,0.3311,0.2131,0.0367,0.1193,1.2709,40.6836,0.0926,0.2251,0.0967,0.073,0.2191,0.3423,0.1142,0.2352,0.1883,0.1893,0.1396,1.3245,0.6485,0.2194,0.5596,2.5413,35.4366,0.1064,0.1648
"Raleigh, NC",Turf Field Lab,19BER,Berm,2024-09-30,P025,5,0.053,0.098,0.0677,0.0938,0.1496,0.2501,0.2688,0.0753,0.1828,1.4475,53.8698,0.1244,0.1764,0.0944,0.0686,0.2356,0.3804,0.1255,0.2154,0.2322,0.1573,0.1587,1.3772,0.6945,0.2351,0.6022,3.028,62.2312,0.1325,0.1908
"Raleigh, NC",Turf Field Lab,19BER,Berm,2024-09-30,P026,6,0.0517,0.1046,0.0715,0.2125,0.2154,0.1113,0.2659,0.0859,0.1878,1.4623,73.9565,0.1829,0.1268,0.0902,0.0638,0.2545,0.4101,0.1874,0.2343,0.2022,0.2029,0.1713,1.4136,0.7308,0.2341,0.6395,3.548,70.6069,0.1041,0.2351
"Raleigh, NC",Turf Field Lab,19BER,Berm,2024-09-30,P027,4,0.0549,0.0972,0.0708,0.0869,0.2452,0.2293,0.2336,0.0687,0.1572,1.3731,60.0274,0.0923,0.1339,0.086,0.0646,0.2521,0.3956,0.2944,0.245,0.1753,0.1469,0.1417,1.3303,0.7191,0.2216,0.6429,3.6003,58.2262,0.0884,0.2135
"Raleigh, NC",Turf Field Lab,19BER,Berm,2024-09-30,P028,8,0.0484,0.0866,0.0612,0.2468,0.1026,0.137,0.2561,0.0636,0.1721,1.4159,53.8408,0.1155,0.1237,0.0974,0.0691,0.2323,0.3903,0.0552,0.1604,0.152,0.1029,0.1704,1.4108,0.6994,0.2538,0.6005,3.0068,66.3964,0.0552,0.1491
"Raleigh, NC",Turf Field Lab,19BER,Berm,2024-09-30,P029,6,0.0543,0.087,0.0637,0.2168,0.2255,0.1471,0.2421,0.056,0.1548,1.3662,67.2166,0.095,0.1643,0.1034,0.0752,0.2084,0.346,0.1712,0.177,0.2333,0.1712,0.1578,1.3748,0.6428,0.2482,0.5398,2.3457,64.642,0.1148,0.1702
"Raleigh, NC",Turf Field Lab,19BER,Berm,2024-09-30,P030,5,0.0528,0.107,0.0788,0.1702,0.2479,0.1056,0.2118,0.0824,0.1517,1.3576,70.9869,0.1261,0.0987,0.1107,0.0809,0.1859,0.3108,0.1555,0.1784,0.2697,0.0853,0.1555,1.3683,0.587,0.2515,0.4749,1.8087,77.7758,0.122,0.1714
"Raleigh, NC",Turf Field Lab,19BER,Berm,2024-09-30,P031,5,0.0641,0.0922,0.0724,0.2535,0.1801,0.1481,0.1968,0.0479,0.1202,1.2733,48.4439,0.148,0.1459,0.0799,0.0595,0.2724,0.4267,0.2446,0.1901,0.1727,0.119,0.1459,1.3416,0.7551,0.2206,0.6846,4.3411,63.9381,0.0924,0.148
"Raleigh, NC",Turf Field Lab,19BER,Berm,2024-09-30,P032,4,0.0793,0.1077,0.0855,0.1826,0.1993,0.2036,0.1955,0.0507,0.1153,1.2606,67.8993,0.1282,0.1176,0.0865,0.0636,0.2561,0.4028,0.1878,0.16,0.2033,0.1416,0.1527,1.3605,0.7272,0.2226,0.6462,3.6535,73.8155,0.1172,0.1842
"Raleigh, NC",Turf Field Lab,19BER,Berm,2024-09-30,P033,4,0.0428,0.0904,0.0621,0.2311,0.1966,0.2725,0.2581,0.076,0.1857,1.456,61.3215,0.0829,0.1754,0.1009,0.0738,0.2151,0.3458,0.2027,0.1686,0.1431,0.1271,0.1551,1.3672,0.6483,0.2331,0.5484,2.4285,49.8681,0.0927,0.1012
"Raleigh, NC",Turf Field Lab,19BER,Berm,2024-09-30,P034,8,0.0635,0.1033,0.0683,0.1801,0.2242,0.1047,0.324,0.0748,0.2042,1.5131,88.582,0.0374,0.1223,0.0819,0.0532,0.2961,0.4791,0.1992,0.0574,0.2262,0.1757,0.2119,1.5376,0.8,0.236,0.7081,4.8519,93.1658,0.1179,0.139
"Raleigh, NC",Turf Field Lab,19BER,Berm,2024-09-30,P035,3,0.0592,0.0933,0.0697,0.2347,0.2033,0.1484,0.2277,0.0577,0.145,1.3392,53.5574,0.135,0.1723,0.1032,0.0829,0.1789,0.2884,0.1927,0.1996,0.2039,0.108,0.109,1.2448,0.5534,0.2344,0.4728,1.7939,69.8189,0.1701,0.1974
"Raleigh, NC",Turf Field Lab,19BER,Berm,2024-09-30,P036,4,0.0605,0.0868,0.0656,0.1203,0.1942,0.2173,0.2308,0.0475,0.1392,1.3234,67.9461,0.0748,0.1773,0.1027,0.0709,0.2267,0.3604,0.1837,0.2391,0.1599,0.1415,0.1828,1.4473,0.6711,0.2278,0.5566,2.5103,52.2697,0.1474,0.1385
"Raleigh, NC",Turf Field Lab,19BER,Berm,2024-09-30,P037,7,0.0636,0.0981,0.0721,0.1792,0.1623,0.1161,0.2437,0.0604,0.1525,1.36,69.5516,0.1509,0.1426,0.0836,0.0629,0.2578,0.4187,0.0585,0.2286,0.088,0.113,0.1412,1.3289,0.7388,0.2378,0.6672,4.0095,54.6263,0.0595,0.1403
"Raleigh, NC",Turf Field Lab,19BER,Berm,2024-09-30,P038,4,0.0774,0.1153,0.0817,0.1304,0.1816,0.2216,0.2806,0.0715,0.1705,1.411,63.047,0.1402,0.0853,0.0896,0.062,0.263,0.4097,0.1857,0.1794,0.1824,0.2066,0.1822,1.4457,0.7372,0.2181,0.6411,3.5729,64.1735,0.1189,0.1732
"Raleigh, NC",Turf Field Lab,19BER,Berm,2024-09-30,P039,7,0.0567,0.091,0.0599,0.2138,0.1854,0.1096,0.3301,0.0654,0.2061,1.5191,63.7023,0.097,0.139,0.0719,0.0489,0.3141,0.4997,0.0949,0.1247,0.1121,0.1022,0.1907,1.4713,0.8218,0.228,0.7484,5.9478,64.997,0.1135,0.1549
"Raleigh, NC",Turf Field Lab,19BER,Berm,2024-09-30,P040,7,0.044,0.0742,0.0555,0.1423,0.1255,0.1767,0.219,0.049,0.1448,1.3386,69.2154,0.0957,0.1817,0.0752,0.0538,0.2944,0.4714,0.1899,0.1428,0.0954,0.1657,0.1661,1.3983,0.7952,0.2312,0.7248,5.2676,52.3926,0.082,0.1493
"Raleigh, NC",Turf Field Lab,19BER,Berm,2024-09-30,P041,5,0.0529,0.0942,0.0717,0.1648,0.1154,0.1149,0.1992,0.0638,0.1357,1.314,60.2579,0.0565,0.1664,0.0981,0.0702,0.229,0.3722,0.2022,0.2469,0.2063,0.2044,0.1659,1.3978,0.6828,0.2381,0.5829,2.795,81.2918,0.1522,0.1819
"Raleigh, NC",Turf Field Lab,19BER,Berm,2024-09-30,P042,3,0.0551,0.0951,0.0691,0.1952,0.2471,0.1138,0.238,0.066,0.1582,1.3759,61.8745,0.1507,0.1554,0.0947,0.0701,0.2309,0.3592,0.2304,0.229,0.2674,0.2383,0.1493,1.351,0.6736,0.2175,0.5829,2.7946,34.8978,0.1509,0.1916
"Raleigh, NC",Turf Field Lab,19BER,Berm,2024-09-30,P043,6,0.0648,0.1057,0.0728,0.1602,0.1875,0.1713,0.2892,0.0737,0.1841,1.4514,71.8378,0.1112,0.1221,0.0904,0.0633,0.2562,0.4149,0.1369,0.1904,0.238,0.1298,0.1759,1.427,0.7352,0.2365,0.6424,3.5922,69.6781,0.0671,0.1431
"Raleigh, NC",Turf Field Lab,19BER,Berm,2024-09-30,P044,6,0.0446,0.0789,0.0562,0.0968,0.196,0.1424,0.2505,0.0571,0.1679,1.4035,71.8572,0.101,0.1904,0.0891,0.0637,0.2552,0.4096,0.1462,0.2134,0.2319,0.1446,0.1663,1.399,0.731,0.2322,0.6428,3.5991,65.1757,0.0904,0.1653
"Raleigh, NC",Turf Field Lab,19BER,Berm,2024-09-30,P045,7,0.046,0.0971,0.065,0.1577,0.1148,0.1868,0.2768,0.0832,0.1982,1.4943,64.5507,0.0849,0.2493,0.0813,0.0541,0.2932,0.4691,0.0962,0.1814,0.2007,0.1639,0.2011,1.5034,0.7933,0.2307,0.7045,4.7693,64.913,0.1398,0.1807
"Raleigh, NC",Turf Field Lab,19BER,Berm,2024-09-30,P046,5,0.0407,0.0907,0.0668,0.1171,0.1806,0.0941,0.2054,0.074,0.1523,1.3592,49.77,0.1155,0.1591,0.096,0.0656,0.2476,0.3967,0.1012,0.1305,0.2146,0.1487,0.188,1.463,0.7162,0.2314,0.6104,3.1333,66.5015,0.1435,0.1965
"Raleigh, NC",Turf Field Lab,19BER,Berm,2024-09-30,P047,4,0.0454,0.0742,0.0536,0.2451,0.1977,0.132,0.2501,0.0494,0.1613,1.3845,53.3956,0.1396,0.1322,0.0969,0.0711,0.2261,0.3579,0.1508,0.2568,0.126,0.1982,0.1533,1.3621,0.6685,0.2258,0.574,2.6946,67.2419,0.0952,0.1464
"Raleigh, NC",Turf Field Lab,19BER,Berm,2024-09-30,P048,2,0.0553,0.102,0.0786,0.2391,0.1715,0.2303,0.1867,0.0701,0.1295,1.2975,73.1119,0.1643,0.0806,0.082,0.0619,0.2645,0.4005,0.133,0.1958,0.1114,0.1906,0.14,1.3256,0.7324,0.2045,0.6601,3.8845,60.2081,0.0818,0.1756
"Raleigh, NC",Turf Field Lab,19BER,Berm,2024-09-30,P049,5,0.0591,0.0909,0.0685,0.1004,0.1906,0.1666,0.2229,0.0542,0.1403,1.3265,60.4387,0.1211,0.1943,0.0983,0.0736,0.2154,0.3503,0.128,0.1811,0.1184,0.1534,0.1438,1.3359,0.6527,0.2385,0.5616,2.5624,73.8241,0.1108,0.1746
"Raleigh, NC",Turf Field Lab,19BER,Berm,2024-09-30,P050,5,0.0536,0.0844,0.06,0.1794,0.0879,0.0492,0.2693,0.0554,0.1695,1.4081,62.92,0.083,0.0995,0.1097,0.0786,0.1952,0.3243,0.1936,0.1044,0.1949,0.1428,0.1653,1.3959,0.61,0.2484,0.4946,1.957,67.546,0.0863,0.1823
"Raleigh, NC",Turf Field Lab,19BER,Berm,2024-09-30,P051,4,0.0635,0.0893,0.0737,0.2047,0.2145,0.1675,0.1569,0.0413,0.0957,1.2118,38.9805,0.1407,0.2074,0.0916,0.0708,0.2276,0.3593,0.2223,0.1782,0.1952,0.0923,0.1283,1.2942,0.6709,0.2245,0.5938,2.9233,46.9615,0.1185,0.1842
"Raleigh, NC",Turf Field Lab,19BER,Berm,2024-09-30,P052,4,0.053,0.0899,0.0654,0.2133,0.1884,0.2615,0.2396,0.0614,0.1579,1.375,85.9515,0.1518,0.0885,0.0922,0.0677,0.2397,0.3807,0.1609,0.2859,0.2047,0.1772,0.1537,1.3632,0.6982,0.2272,0.6099,3.1272,69.5431,0.1735,0.1773
"Raleigh, NC",Turf Field Lab,19BER,Berm,2024-09-30,P053,4,0.0662,0.0939,0.0671,0.1771,0.289,0.1671,0.2828,0.0545,0.1665,1.3994,47.8924,0.1233,0.1879,0.0945,0.0697,0.2318,0.3647,0.1661,0.2332,0.1753,0.1279,0.1508,1.3552,0.679,0.2227,0.5884,2.8596,57.1226,0.1508,0.1935
"Raleigh, NC",Turf Field Lab,19BER,Berm,2024-09-30,P054,7,0.0537,0.0778,0.0575,0.116,0.1527,0.2,0.249,0.0444,0.1501,1.3533,79.6757,0.1664,0.118,0.0937,0.0654,0.2477,0.405,0.1039,0.186,0.1217,0.0876,0.1779,1.4328,0.722,0.241,0.6242,3.3225,82.2909,0.0902,0.1131
"Raleigh, NC",Turf Field Lab,19BER,Berm,2024-09-30,P055,6,0.0586,0.0967,0.0735,0.1352,0.2168,0.1076,0.2075,0.0612,0.136,1.3149,66.9416,0.0536,0.1556,0.0874,0.0575,0.2802,0.4434,0.0953,0.193,0.1387,0.2161,0.2066,1.5207,0.7704,0.2256,0.6706,4.071,76.6538,0.1178,0.0988
"Raleigh, NC",Turf Field Lab,19BER,Berm,2024-09-30,P056,6,0.0482,0.1034,0.0685,0.1846,0.1896,0.1114,0.2818,0.09,0.2028,1.5088,65.8117,0.0946,0.1997,0.0866,0.0633,0.2569,0.4111,0.1608,0.0891,0.1457,0.081,0.1557,1.3688,0.7333,0.2309,0.652,3.7471,71.1821,0.0396,0.1815
"Raleigh, NC",Turf Field Lab,19BER,Berm,2024-09-30,P057,5,0.047,0.0856,0.0654,0.1133,0.1606,0.2165,0.1938,0.0587,0.1335,1.3081,59.0579,0.1013,0.1148,0.0904,0.0646,0.2514,0.4033,0.1903,0.0627,0.2011,0.2156,0.1664,1.3992,0.7238,0.232,0.6338,3.4614,69.3151,0.1013,0.1454
"Raleigh, NC",Turf Field Lab,19BER,Berm,2024-09-30,P058,5,0.0417,0.0765,0.0533,0.2117,0.1182,0.1089,0.2631,0.0579,0.1785,1.4345,70.5899,0.0907,0.135,0.0941,0.0707,0.2269,0.3688,0.1212,0.1767,0.1169,0.1256,0.142,1.331,0.6783,0.2383,0.5934,2.9194,60.6143,0.0809,0.1152
"Raleigh, NC",Turf Field Lab,19BER,Berm,2024-09-30,P059,5,0.0574,0.1,0.0687,0.2216,0.1896,0.1846,0.281,0.074,0.1854,1.4553,63.0367,0.1539,0.1586,0.1091,0.0788,0.1945,0.3212,0.1154,0.1304,0.1026,0.2017,0.1611,1.3842,0.606,0.2457,0.493,1.9448,56.2082,0.1769,0.1034
"Raleigh, NC",Turf Field Lab,19BER,Berm,2024-09-30,P060,6,0.0547,0.0867,0.0662,0.134,0.1221,0.2442,0.2094,0.0526,0.1345,1.3108,70.3954,0.1083,0.135,0.0877,0.0636,0.2554,0.4096,0.1892,0.2595,0.1556,0.139,0.1592,1.3787,0.7312,0.2318,0.6473,3.6706,66.9411,0.0641,0.1147
"Raleigh, NC",Turf Field Lab,19BER,Berm,2024-09-30,P061,6,0.0567,0.0936,0.0631,0.1692,0.1902,0.1343,0.3046,0.0673,0.1943,1.4824,76.3245,0.1431,0.2146,0.0727,0.0527,0.299,0.4744,0.1471,0.2321,0.1406,0.1539,0.159,1.3782,0.8,0.2268,0.7344,5.5292,55.7736,0.0431,0.1536
"Raleigh, NC",Turf Field Lab,19BER,Berm,2024-09-30,P062,7,0.0499,0.0879,0.062,0.1528,0.1384,0.1555,0.2589,0.0638,0.1727,1.4174,78.156,0.1,0.1715,0.0914,0.0664,0.2434,0.401,0.1634,0.1541,0.1781,0.1504,0.1586,1.3769,0.7159,0.2445,0.6287,3.3858,54.1622,0.0598,0.1572
"Raleigh, NC",Turf Field Lab,19BER,Berm,2024-09-30,P063,7,0.0638,0.0963,0.0694,0.1297,0.1509,0.049,0.2636,0.0594,0.1621,1.387,72.3937,0.1053,0.0391,0.0899,0.0636,0.2548,0.4159,0.218,0.1389,0.1364,0.2038,0.1712,1.4132,0.7348,0.2402,0.6446,3.6277,66.682,0.1003,0.1777
"Raleigh, NC",Turf Field Lab,19BER,Berm,2024-09-30,P064,4,0.0596,0.0962,0.07,0.2078,0.0863,0.105,0.2456,0.0628,0.1575,1.374,78.3759,0.1036,0.1581,0.1011,0.0719,0.2225,0.3559,0.1851,0.2823,0.1917,0.2338,0.1685,1.4053,0.6637,0.2307,0.5575,2.5201,76.4058,0.1226,0.1097
"Raleigh, NC",Turf Field Lab,19BER,Berm,2024-09-30,P065,5,0.0366,0.07,0.0486,0.1703,0.2046,0.2382,0.2606,0.0548,0.1802,1.4396,81.4183,0.0992,0.0923,0.0978,0.0726,0.2193,0.3587,0.1541,0.1744,0.1346,0.2608,0.148,1.3475,0.6634,0.2413,0.5715,2.6672,58.3022,0.1102,0.1958
"Raleigh, NC",Turf Field Lab,19BER,Berm,2024-09-30,P066,4,0.0677,0.0947,0.0769,0.1892,0.1541,0.1087,0.1713,0.0448,0.1037,1.2314,63.6886,0.1251,0.1488,0.0903,0.0657,0.2478,0.3891,0.1412,0.2302,0.1685,0.1874,0.1573,1.3734,0.711,0.2219,0.6234,3.3108,91.3196,0.1524,0.1375
"Raleigh, NC",Turf Field Lab,19BER,Berm,2024-09-30,P067,6,0.0477,0.0679,0.0538,0.1412,0.1118,0.0578,0.1897,0.0342,0.1153,1.2607,76.003,0.0967,0.182,0.0788,0.0568,0.2826,0.4521,0.1816,0.0757,0.1259,0.1877,0.1627,1.3888,0.7769,0.2308,0.703,4.7346,99.3939,0.1201,0.1606
"Raleigh, NC",Turf Field Lab,19BER,Berm,2024-09-30,P068,3,0.0519,0.0838,0.0616,0.1783,0.2328,0.2211,0.2375,0.0541,0.1527,1.3604,60.1168,0.095,0.1825,0.0849,0.0548,0.292,0.448,0.2165,0.1199,0.1709,0.1692,0.2156,1.5497,0.782,0.2107,0.6812,4.274,45.9318,0.1271,0.1772
"Raleigh, NC",Turf Field Lab,19BER,Berm,2024-09-30,P069,5,0.0539,0.0838,0.0597,0.1496,0.2299,0.2262,0.2687,0.0539,0.1677,1.4031,77.4456,0.148,0.1686,0.0874,0.0572,0.2816,0.4433,0.1992,0.2439,0.1436,0.1686,0.2092,1.5291,0.7715,0.2231,0.6705,4.0702,65.2975,0.1073,0.1157
"Raleigh, NC",Turf Field Lab,19BER,Berm,2024-09-30,P070,3,0.0761,0.0912,0.0754,0.2277,0.3267,0.1537,0.1743,0.0309,0.0947,1.2093,73.7339,0.1331,0.1695,0.106,0.0788,0.1952,0.3136,0.1442,0.214,0.1699,0.1797,0.1469,1.3445,0.5984,0.2328,0.4949,1.96,53.8796,0.0663,0.1688
"Raleigh, NC",Turf Field Lab,19BER,Berm,2024-09-30,P071,5,0.0488,0.0763,0.0569,0.2662,0.1609,0.2115,0.229,0.0468,0.1452,1.3396,57.4906,0.0501,0.1295,0.0841,0.0617,0.2634,0.4171,0.1213,0.2449,0.149,0.1191,0.1536,1.3629,0.7423,0.2259,0.6644,3.9598,56.8177,0.1944,0.1256
"Raleigh, NC",Turf Field Lab,19BER,Berm,2024-09-30,P072,5,0.0694,0.1066,0.0793,0.0987,0.1149,0.1192,0.2341,0.0644,0.1467,1.3438,82.5523,0.0941,0.1548,0.0903,0.0657,0.2476,0.3935,0.2155,0.0806,0.1876,0.2644,0.1579,1.3751,0.7139,0.2276,0.6267,3.3572,60.2081,0.0928,0.1233
"Raleigh, NC",Turf Field Lab,19BER,Berm,2024-09-30,P073,5,0.0352,0.0878,0.0588,0.1948,0.2073,0.2062,0.2607,0.0816,0.198,1.4937,51.0907,0.1463,0.1497,0.102,0.0742,0.2132,0.3456,0.2782,0.2265,0.1145,0.2622,0.1578,1.3748,0.6465,0.237,0.5442,2.3881,59.7674,0.1301,0.1698
"Raleigh, NC",Turf Field Lab,19BER,Berm,2024-09-30,P074,5,0.0569,0.0988,0.069,0.192,0.1407,0.1636,0.2689,0.0717,0.1777,1.4321,73.8739,0.1014,0.1824,0.1027,0.0781,0.197,0.3271,0.0817,0.2052,0.1751,0.106,0.1358,1.3143,0.6144,0.2482,0.5222,2.1855,74.8234,0.116,0.1521
"Raleigh, NC",Turf Field Lab,19BER,Berm,2024-09-30,P075,5,0.0531,0.1013,0.0735,0.23,0.1611,0.2317,0.2286,0.0759,0.1591,1.3784,67.6841,0.1517,0.1808,0.0943,0.0673,0.2411,0.3847,0.1541,0.1107,0.298,0.1374,0.1672,1.4015,0.7023,0.2295,0.6063,3.08,55.1051,0.0871,0.1713
"Raleigh, NC",Turf Field Lab,19BER,Berm,2024-09-30,P076,7,0.0698,0.1089,0.0761,0.1545,0.1583,0.1501,0.2846,0.0718,0.1772,1.4308,88.1013,0.08,0.1017,0.08,0.0535,0.2958,0.4714,0.132,0.1314,0.1294,0.126,0.1984,1.495,0.7962,0.2289,0.71,4.8957,66.3613,0.1647,0.1187
"Raleigh, NC",Turf Field Lab,19BER,Berm,2024-09-30,P077,5,0.0547,0.0983,0.068,0.071,0.2468,0.1523,0.2711,0.0738,0.1819,1.4448,42.1223,0.0722,0.2154,0.0931,0.0672,0.2415,0.3856,0.1941,0.2039,0.225,0.1573,0.162,1.3867,0.7033,0.2298,0.6109,3.14,62.4902,0.1013,0.174
"Raleigh, NC",Turf Field Lab,19BER,Berm,2024-09-30,P078,5,0.0574,0.1045,0.0718,0.1634,0.1525,0.2201,0.2752,0.0797,0.1855,1.4554,67.2296,0.0925,0.114,0.106,0.0797,0.1908,0.3141,0.1347,0.2212,0.1739,0.2606,0.1415,1.3295,0.5951,0.2442,0.4953,1.9629,66.1838,0.0801,0.181
"Raleigh, NC",Turf Field Lab,19BER,Berm,2024-09-30,P079,4,0.0565,0.0845,0.0653,0.1712,0.2141,0.1127,0.206,0.0473,0.1284,1.2945,68.8341,0.0956,0.1239,0.073,0.0489,0.3153,0.4854,0.168,0.1136,0.159,0.1694,0.1973,1.4914,0.8168,0.2124,0.7386,5.6509,57.579,0.1026,0.162
"Raleigh, NC",Turf Field Lab,19BER,Berm,2024-09-30,P080,4,0.0504,0.0782,0.0622,0.1517,0.2121,0.2289,0.1778,0.0438,0.1139,1.2572,70.954,0.1204,0.092,0.0966,0.0721,0.2217,0.3558,0.217,0.2355,0.2676,0.167,0.145,1.3393,0.6629,0.2322,0.573,2.6834,63.6862,0.0932,0.1158
"Raleigh, NC",Turf Field Lab,19BER,Berm,2024-09-30,P081,6,0.0542,0.1052,0.0672,0.1969,0.2176,0.1739,0.321,0.089,0.2201,1.5645,78.7868,0.0815,0.1715,0.0806,0.057,0.2821,0.4478,0.1388,0.1375,0.1872,0.0721,0.1716,1.4142,0.7742,0.227,0.695,4.557,42.3318,0.1087,0.1685
"Raleigh, NC",Turf Field Lab,19BER,Berm,2024-09-30,P082,6,0.0476,0.0909,0.0623,0.2198,0.2033,0.117,0.2713,0.0718,0.1869,1.4596,77.3092,0.1269,0.1876,0.1017,0.0748,0.2104,0.3476,0.1073,0.2149,0.1845,0.1921,0.1529,1.361,0.646,0.246,0.5472,2.4168,70.6152,0.1252,0.1791
"Raleigh, NC",Turf Field Lab,19BER,Berm,2024-09-30,P083,5,0.0613,0.1033,0.0743,0.1722,0.1823,0.2181,0.2494,0.071,0.1633,1.3903,87.9079,0.1087,0.1309,0.095,0.0685,0.236,0.3778,0.218,0.1225,0.15,0.1802,0.1619,1.3865,0.6928,0.231,0.598,2.9751,66.6494,0.1433,0.2177
"Raleigh, NC",Turf Field Lab,19BER,Berm,2024-09-30,P084,5,0.0578,0.0802,0.0591,0.2122,0.2149,0.1605,0.2588,0.0435,0.1514,1.3569,65.5728,0.0933,0.1303,0.097,0.0713,0.2245,0.3657,0.073,0.2424,0.1169,0.087,0.1527,1.3606,0.6737,0.2393,0.5807,2.7703,49.8556,0.0944,0.1871
"Raleigh, NC",Turf Field Lab,19BER,Berm,2024-09-30,P085,6,0.0542,0.0943,0.0634,0.2282,0.236,0.2006,0.2984,0.071,0.1958,1.487,63.5725,0.059,0.1144,0.1027,0.0744,0.2113,0.3529,0.1993,0.1146,0.1972,0.2372,0.1595,1.3796,0.6516,0.2509,0.5492,2.4364,78.1216,0.0878,0.111
"Raleigh, NC",Turf Field Lab,19BER,Berm,2024-09-30,P086,4,0.0531,0.0852,0.0698,0.2403,0.1613,0.1863,0.1518,0.0476,0.0998,1.2216,71.0613,0.1499,0.1675,0.0789,0.0549,0.2913,0.4511,0.281,0.1689,0.1679,0.2179,0.1792,1.4368,0.783,0.2153,0.7024,4.7195,74.0209,0.092,0.1609
"Raleigh, NC",Turf Field Lab,19BER,Berm,2024-09-30,P087,3,0.0629,0.1056,0.0786,0.2121,0.1746,0.2191,0.2224,0.0697,0.1465,1.3434,66.7303,0.1119,0.2056,0.0808,0.0657,0.2484,0.3849,0.2507,0.2059,0.185,0.2479,0.103,1.2297,0.7084,0.2157,0.6531,3.765,56.3681,0.1349,0.1314
"Raleigh, NC",Turf Field Lab,19BER,Berm,2024-09-30,P088,3,0.0722,0.0907,0.0719,0.1814,0.2507,0.1634,0.2076,0.0373,0.1154,1.261,58.7574,0.1059,0.1351,0.0877,0.0609,0.2675,0.4127,0.2332,0.2026,0.2209,0.1763,0.1801,1.4393,0.7427,0.2136,0.6495,3.7065,54.9044,0.0543,0.1103
"Raleigh, NC",Turf Field Lab,19BER,Berm,2024-09-30,P089,6,0.0626,0.0994,0.0629,0.1816,0.256,0.1667,0.3655,0.0733,0.2246,1.5794,70.3115,0.1121,0.1805,0.0889,0.0681,0.2371,0.3849,0.1414,0.1759,0.171,0.156,0.1323,1.3049,0.6992,0.2376,0.6247,3.329,66.0694,0.1514,0.1395
"Raleigh, NC",Turf Field Lab,19BER,Berm,2024-09-30,P090,5,0.0547,0.072,0.0575,0.1204,0.1953,0.1695,0.1945,0.0319,0.1124,1.2532,57.633,0.1614,0.1841,0.0821,0.0579,0.2789,0.436,0.1992,0.1638,0.1452,0.1429,0.1725,1.4169,0.7654,0.2198,0.6831,4.3113,67.6298,0.1406,0.0685
"Raleigh, NC",Turf Field Lab,19BER,Berm,2024-09-30,P091,8,0.0517,0.0748,0.0496,0.1348,0.1184,0.107,0.3455,0.0483,0.2021,1.5066,73.2772,0.0522,0.1731,0.0784,0.0517,0.302,0.489,0.1108,0.2676,0.0849,0.1274,0.2047,1.5148,0.8086,0.2364,0.7237,5.2378,76.7805,0.1243,0.1487
"Raleigh, NC",Turf Field Lab,19BER,Berm,2024-09-30,P092,4,0.0653,0.0927,0.0659,0.2282,0.1721,0.2415,0.2863,0.0541,0.1685,1.4052,65.3809,0.1554,0.1641,0.0896,0.0634,0.2572,0.4034,0.2286,0.1969,0.1653,0.1795,0.1718,1.4149,0.7285,0.2213,0.6363,3.4995,63.5117,0.0928,0.1311
"Raleigh, NC",Turf Field Lab,19BER,Berm,2024-09-30,P093,6,0.0544,0.0934,0.0639,0.3054,0.2175,0.2303,0.2869,0.0686,0.1877,1.4623,41.6218,0.0857,0.1555,0.0737,0.0476,0.3202,0.5004,0.2898,0.1157,0.0876,0.0895,0.2156,1.5498,0.8264,0.2197,0.7433,5.7902,78.0007,0.0902,0.1372
"Raleigh, NC",Turf Field Lab,19BER,Berm,2024-09-30,P094,7,0.0472,0.0871,0.0626,0.1669,0.09,0.1822,0.2393,0.0644,0.1639,1.392,72.7963,0.0943,0.0535,0.1079,0.0765,0.2026,0.3464,0.1787,0.1823,0.1584,0.1609,0.1705,1.4112,0.6384,0.2619,0.525,2.2103,68.6065,0.1277,0.2029
"Raleigh, NC",Turf Field Lab,19BER,Berm,2024-09-30,P095,6,0.064,0.1009,0.0692,0.1387,0.2112,0.1475,0.2987,0.0686,0.1864,1.4581,58.7667,0.1156,0.1248,0.0917,0.066,0.2459,0.3968,0.1376,0.1994,0.1557,0.2534,0.163,1.3895,0.7149,0.2348,0.6247,3.3288,49.6012,0.0476,0.1453
"Raleigh, NC",Turf Field Lab,19BER,Berm,2024-09-30,P096,5,0.0592,0.0911,0.0624,0.1545,0.1374,0.1551,0.304,0.0606,0.1869,1.4597,75.8742,0.1655,0.1206,0.0909,0.0636,0.2554,0.4085,0.1707,0.1845,0.2155,0.1651,0.1765,1.4286,0.7304,0.2306,0.6359,3.4929,82.2276,0.0734,0.1675
"Raleigh, NC",Turf Field Lab,19BER,Berm,2024-09-30,P097,6,0.0546,0.0829,0.0629,0.1243,0.1796,0.175,0.2188,0.0482,0.1369,1.3172,68.1376,0.1671,0.1571,0.0885,0.0634,0.2565,0.4105,0.1636,0.2494,0.1991,0.2484,0.1658,1.3975,0.7326,0.2309,0.6452,3.6369,60.935,0.1114,0.131
"Raleigh, NC",Turf Field Lab,19BER,Berm,2024-09-30,P098,5,0.0441,0.0728,0.0566,0.1466,0.2022,0.2168,0.1903,0.045,0.1255,1.287,79.1648,0.0396,0.1308,0.0993,0.0692,0.2328,0.3776,0.2535,0.1476,0.1338,0.2178,0.1786,1.4348,0.6901,0.2371,0.5835,2.8016,67.6154,0.1161,0.11
"Raleigh, NC",Turf Field Lab,19BER,Berm,2024-09-30,P099,7,0.0538,0.0854,0.0554,0.0426,0.1053,0.1939,0.3445,0.0617,0.213,1.5413,76.6721,0.0664,0.1855,0.1038,0.0783,0.1956,0.3325,0.08,0.1313,0.2458,0.1096,0.1402,1.326,0.6188,0.2592,0.5241,2.2022,71.2651,0.0332,0.1561
"Raleigh, NC",Turf Field Lab,19BER,Berm,2024-09-30,P100,2,0.0772,0.1009,0.086,0.1875,0.2921,0.1648,0.1355,0.0385,0.0795,1.1728,60.4735,0.158,0.1199,0.0844,0.0632,0.259,0.394,0.205,0.1566,0.1663,0.203,0.1435,1.335,0.7236,0.2068,0.6473,3.6712,63.4013,0.0622,0.1889
"Raleigh, NC",Turf Field Lab,19BER,Berm,2024-09-30,P101,4,0.0636,0.0996,0.0781,0.1447,0.1473,0.1499,0.1887,0.0576,0.1212,1.2757,62.0095,0.1601,0.1249,0.1003,0.0751,0.2099,0.3379,0.2109,0.2853,0.2291,0.1184,0.144,1.3366,0.6364,0.2337,0.5421,2.3673,62.6597,0.1308,0.1449
"Raleigh, NC",Turf Field Lab,19BER,Berm,2024-09-30,P102,6,0.052,0.0866,0.0646,0.2464,0.2269,0.1508,0.2218,0.0566,0.1455,1.3405,83.7678,0.1493,0.1972,0.083,0.0519,0.3026,0.4779,0.1019,0.1295,0.1433,0.2032,0.2311,1.601,0.8042,0.2245,0.7039,4.7555,68.9903,0.0845,0.1148
"Raleigh, NC",Turf Field Lab,19BER,Berm,2024-09-30,P103,4,0.0623,0.0912,0.0653,0.119,0.1606,0.1691,0.2753,0.0548,0.1657,1.3971,61.183,0.1078,0.1353,0.0836,0.0676,0.2402,0.3798,0.1186,0.128,0.141,0.2327,0.1059,1.2369,0.6979,0.2253,0.6392,3.5437,69.3197,0.106,0.0743
"Raleigh, NC",Turf Field Lab,19BER,Berm,2024-09-30,P104,8,0.0632,0.085,0.0593,0.174,0.1129,0.1054,0.3167,0.0474,0.1779,1.4329,79.1645,0.1281,0.1806,0.0741,0.0538,0.2938,0.4751,0.1067,0.1687,0.1962,0.2399,0.1584,1.3765,0.7964,0.2359,0.7301,5.4112,68.0277,0.085,0.1452
"Raleigh, NC",Turf Field Lab,19BER,Berm,2024-09-30,P105,7,0.0462,0.067,0.0488,0.1537,0.1384,0.144,0.2611,0.039,0.157,1.3724,80.0837,0.0565,0.0984,0.0892,0.061,0.2653,0.4286,0.1156,0.1188,0.1836,0.2116,0.1875,1.4616,0.7507,0.2354,0.6554,3.8041,61.113,0.0986,0.1338
"Raleigh, NC",Turf Field Lab,19BER,Berm,2024-09-30,P106,5,0.0511,0.0791,0.0585,0.2668,0.1498,0.1917,0.239,0.0486,0.1502,1.3534,67.8765,0.1424,0.112,0.079,0.0563,0.2851,0.4497,0.1363,0.1952,0.1605,0.1903,0.168,1.4037,0.7775,0.2241,0.7011,4.6921,66.793,0.0719,0.1658
"Raleigh, NC",Turf Field Lab,19BER,Berm,2024-09-30,P107,6,0.0439,0.0485,0.0389,0.1435,0.1567,0.1611,0.2205,0.0143,0.1099,1.2469,65.9913,0.1368,0.123,0.0732,0.0523,0.3008,0.4754,0.2162,0.1392,0.1492,0.1685,0.1664,1.3994,0.8018,0.225,0.7331,5.4947,71.8758,0.1229,0.1039
"Raleigh, NC",Turf Field Lab,19BER,Berm,2024-09-30,P108,8,0.0366,0.074,0.0512,0.194,0.1286,0.2072,0.2569,0.0602,0.1819,1.4448,80.5247,0.0739,0.1324,0.085,0.0577,0.2783,0.4543,0.1961,0.1936,0.1864,0.1706,0.1917,1.4744,0.7747,0.2403,0.6847,4.3432,67.1508,0.0606,0.1575
"Raleigh, NC",Turf Field Lab,19BER,Berm,2024-09-30,P109,4,0.0634,0.103,0.0761,0.1456,0.1876,0.2926,0.2326,0.0665,0.1502,1.3535,75.4029,0.1165,0.0553,0.0861,0.0641,0.2542,0.3987,0.1787,0.2023,0.1813,0.1619,0.1465,1.3432,0.7229,0.2213,0.6447,3.6295,57.4197,0.1014,0.1348
"Raleigh, NC",Turf Field Lab,19BER,Berm,2024-09-30,P110,8,0.0497,0.0907,0.0604,0.1253,0.1357,0.2105,0.298,0.0712,0.2,1.4999,80.0448,0.0807,0.1112,0.0945,0.0627,0.2578,0.4271,0.2075,0.2287,0.1865,0.2123,0.2024,1.5075,0.744,0.2471,0.6376,3.5189,77.1761,0.0928,0.1618
"Raleigh, NC",Turf Field Lab,19BER,Berm,2024-09-30,P111,6,0.0659,0.0994,0.0716,0.0533,0.1885,0.1554,0.2651,0.0614,0.1629,1.3892,52.5017,0.0912,0.1361,0.1107,0.0785,0.1947,0.3303,0.1967,0.1653,0.1197,0.128,0.1697,1.4088,0.6158,0.2583,0.4981,1.9852,72.3475,0.0719,0.1636
"Raleigh, NC",Turf Field Lab,19ZOY,Zoys,2024-06-07,P001,4,0.0606,0.0977,0.0693,0.237,0.1139,0.1746,0.2666,0.0655,0.1699,1.4094,47.975,0.0939,0.1416,0.0957,0.0712,0.2249,0.3587,0.2384,0.2133,0.2099,0.124,0.1469,1.3443,0.6688,0.2293,0.5788,2.7483,65.119,0.0816,0.1522
"Raleigh, NC",Turf Field Lab,19ZOY,Zoys,2024-06-07,P002,7,0.0372,0.0674,0.0428,0.2026,0.132,0.1116,0.3366,0.0549,0.2232,1.5746,83.6534,0.1329,0.1372,0.0942,0.0673,0.2414,0.3958,0.1914,0.246,0.183,0.0945,0.1663,1.3988,0.7092,0.2423,0.6156,3.2023,75.7689,0.0889,0.1329
"Raleigh, NC",Turf Field Lab,19ZOY,Zoys,2024-06-07,P003,9,0.0557,0.092,0.0601,0.1969,0.1183,0.0712,0.3305,0.0682,0.2096,1.5303,76.0734,0.172,0.1967,0.078,0.0549,0.2915,0.4752,0.2064,0.1874,0.053,0.1639,0.1741,1.4216,0.7929,0.2395,0.7179,5.0905,83.0182,0.151,0.02
"Raleigh, NC",Turf Field Lab,19ZOY,Zoys,2024-06-07,P004,3,0.0728,0.1051,0.0798,0.1566,0.2378,0.1782,0.2262,0.0577,0.1371,1.3178,46.8493,0.1124,0.1445,0.0911,0.068,0.2371,0.3692,0.2382,0.152,0.1116,0.2521,0.1451,1.3394,0.689,0.2179,0.6043,3.0547,58.8564,0.0509,0.1203
"Raleigh, NC",Turf Field Lab,19ZOY,Zoys,2024-06-07,P005,5,0.05,0.0723,0.0547,0.1767,0.2128,0.1854,0.229,0.0399,0.1387,1.3222,70.9587,0.1667,0.279,0.0802,0.0578,0.2787,0.4412,0.2383,0.1923,0.238,0.1128,0.1625,1.3882,0.7683,0.2257,0.6923,4.4991,61.3379,0.133,0.096
"Raleigh, NC",Turf Field Lab,19ZOY,Zoys,2024-06-07,P006,8,0.0606,0.0956,0.0714,0.1193,0.0905,0.2123,0.2268,0.059,0.1444,1.3376,68.3917,0.1682,0.1436,0.0875,0.0607,0.2682,0.4377,0.1758,0.1011,0.1039,0.0967,0.1813,1.4428,0.7566,0.2401,0.6668,4.0023,66.0887,0.1303,0.1246
"Raleigh, NC",Turf Field Lab,19ZOY,Zoys,2024-06-07,P007,5,0.0429,0.0685,0.0474,0.133,0.146,0.1934,0.2888,0.0467,0.182,1.4448,75.0236,0.1339,0.0716,0.0739,0.0546,0.2913,0.4591,0.2507,0.1807,0.1008,0.1523,0.15,1.353,0.7873,0.2237,0.7226,5.211,76.2988,0.131,0.1852
"Raleigh, NC",Turf Field Lab,19ZOY,Zoys,2024-06-07,P008,6,0.0421,0.074,0.0517,0.1142,0.2011,0.1835,0.2666,0.0542,0.1773,1.431,73.3233,0.1619,0.1154,0.0964,0.0677,0.2395,0.3901,0.1986,0.1516,0.114,0.2076,0.1747,1.4233,0.7042,0.2391,0.6037,3.0472,80.8711,0.0457,0.1836
"Raleigh, NC",Turf Field Lab,19ZOY,Zoys,2024-06-07,P009,4,0.0468,0.0822,0.0587,0.115,0.1545,0.2213,0.2495,0.0588,0.1666,1.3998,56.1383,0.0611,0.162,0.0876,0.0649,0.2498,0.3946,0.1633,0.1642,0.1593,0.2167,0.1483,1.3484,0.7174,0.2247,0.6368,3.5069,65.5662,0.1414,0.1323
"Raleigh, NC",Turf Field Lab,19ZOY,Zoys,2024-06-07,P010,4,0.0562,0.0832,0.0618,0.1503,0.1691,0.1078,0.2401,0.0483,0.1471,1.3449,67.2362,0.1187,0.241,0.0895,0.0634,0.256,0.4028,0.2365,0.1519,0.1359,0.1718,0.1709,1.4123,0.7281,0.2228,0.6364,3.5006,60.7288,0.1372,0.209
"Raleigh, NC",Turf Field Lab,19ZOY,Zoys,2024-06-07,P011,7,0.0601,0.1022,0.0709,0.167,0.1962,0.0767,0.2773,0.0734,0.1809,1.4418,82.2123,0.0848,0.0903,0.0776,0.0546,0.2919,0.4668,0.1419,0.1416,0.1735,0.1624,0.1736,1.4201,0.7905,0.2305,0.715,5.018,86.4209,0.1171,0.2395
"Raleigh, NC",Turf Field Lab,19ZOY,Zoys,2024-06-07,P012,2,0.0595,0.0871,0.0699,0.1632,0.269,0.202,0.1759,0.0448,0.1093,1.2454,45.9843,0.1387,0.13,0.0755,0.058,0.2764,0.4211,0.1607,0.2118,0.2593,0.1378,0.131,1.3014,0.7578,0.2074,0.6959,4.5772,68.8634,0.0529,0.189
"Raleigh, NC",Turf Field Lab,19ZOY,Zoys,2024-06-07,P013,3,0.053,0.0809,0.0631,0.1688,0.2594,0.1167,0.1961,0.0457,0.1239,1.2828,59.8557,0.1323,0.175,0.0973,0.0705,0.2274,0.3582,0.1156,0.1408,0.1465,0.1541,0.1599,1.3806,0.6711,0.2233,0.5727,2.6809,51.0935,0.1018,0.1802
"Raleigh, NC",Turf Field Lab,19ZOY,Zoys,2024-06-07,P014,7,0.0444,0.0819,0.0576,0.166,0.2414,0.1523,0.2556,0.0618,0.1742,1.422,76.7547,0.1062,0.1613,0.0833,0.0568,0.2833,0.4535,0.1784,0.1867,0.172,0.2086,0.1895,1.4676,0.7776,0.231,0.6897,4.4448,79.9375,0.0818,0.1589
"Raleigh, NC",Turf Field Lab,19ZOY,Zoys,2024-06-07,P015,5,0.0442,0.0833,0.0597,0.2669,0.1438,0.195,0.2386,0.0626,0.1648,1.3947,66.7629,0.1397,0.1347,0.1027,0.0733,0.2168,0.3516,0.1938,0.1679,0.1713,0.1585,0.1669,1.4007,0.6549,0.2371,0.5478,2.4231,56.8829,0.1333,0.0626
"Raleigh, NC",Turf Field Lab,19ZOY,Zoys,2024-06-07,P016,8,0.0417,0.0775,0.0501,0.1949,0.193,0.2675,0.3187,0.0633,0.2147,1.5468,79.2331,0.1404,0.1324,0.0662,0.0426,0.3402,0.5418,0.1086,0.1662,0.219,0.0639,0.217,1.5541,0.8542,0.2286,0.7822,7.1835,70.7778,0.1842,0.0803
"Raleigh, NC",Turf Field Lab,19ZOY,Zoys,2024-06-07,P017,7,0.0496,0.0914,0.0622,0.157,0.0982,0.2161,0.2805,0.071,0.19,1.469,61.5562,0.0619,0.1468,0.0858,0.0618,0.2634,0.4286,0.22,0.1455,0.1768,0.1766,0.1625,1.3882,0.7479,0.2387,0.6664,3.9947,74.654,0.0547,0.0865
"Raleigh, NC",Turf Field Lab,19ZOY,Zoys,2024-06-07,P018,5,0.0393,0.0738,0.0512,0.1471,0.2135,0.1461,0.2628,0.057,0.1802,1.4397,79.7567,0.1025,0.0964,0.0767,0.0522,0.3008,0.4712,0.2304,0.0612,0.2229,0.1671,0.1896,1.468,0.8005,0.2208,0.7202,5.147,82.1744,0.1021,0.1248
"Raleigh, NC",Turf Field Lab,19ZOY,Zoys,2024-06-07,P019,8,0.0417,0.0724,0.0495,0.2478,0.1648,0.1807,0.286,0.0536,0.1881,1.4634,95.7664,0.1254,0.108,0.0881,0.0629,0.2595,0.4258,0.1241,0.2068,0.2078,0.1367,0.1675,1.4023,0.7427,0.2426,0.657,3.8306,75.9978,0.1033,0.1308
"Raleigh, NC",Turf Field Lab,19ZOY,Zoys,2024-06-07,P020,2,0.0777,0.112,0.0876,0.2742,0.2111,0.3178,0.1998,0.0587,0.1221,1.2781,57.3089,0.0749,0.0973,0.1026,0.0745,0.2112,0.331,0.2768,0.187,0.1821,0.2778,0.1587,1.3774,0.6327,0.2211,0.5268,2.2269,53.7936,0.0294,0.1429
"Raleigh, NC",Turf Field Lab,19ZOY,Zoys,2024-06-07,P021,5,0.0794,0.1136,0.0885,0.1874,0.1651,0.1991,0.2047,0.0593,0.1243,1.2838,61.2678,0.1367,0.1636,0.1019,0.0739,0.2147,0.3502,0.1659,0.2038,0.0831,0.2094,0.1595,1.3795,0.6516,0.24,0.5491,2.436,57.194,0.1052,0.0856
"Raleigh, NC",Turf Field Lab,19ZOY,Zoys,2024-06-07,P022,5,0.0574,0.0909,0.0695,0.0999,0.1878,0.1271,0.2079,0.0548,0.1334,1.3079,65.4191,0.045,0.1195,0.0833,0.0599,0.2703,0.4267,0.1692,0.1063,0.0977,0.148,0.1638,1.3917,0.754,0.2244,0.6734,4.1232,60.664,0.0851,0.1637
"Raleigh, NC",Turf Field Lab,19ZOY,Zoys,2024-06-07,P023,5,0.0446,0.0827,0.0573,0.2013,0.0738,0.2191,0.2667,0.0636,0.1818,1.4444,73.1533,0.1053,0.1578,0.0916,0.0667,0.243,0.3884,0.1684,0.1289,0.2262,0.1869,0.1573,1.3732,0.7068,0.2301,0.6183,3.2391,83.3023,0.0998,0.163
"Raleigh, NC",Turf Field Lab,19ZOY,Zoys,2024-06-07,P024,6,0.056,0.0924,0.0664,0.1396,0.1509,0.2078,0.2528,0.0624,0.1637,1.3914,60.8353,0.1191,0.1017,0.0824,0.0569,0.2824,0.4503,0.1188,0.106,0.1929,0.1726,0.1825,1.4465,0.7755,0.2291,0.6908,4.4685,61.031,0.0996,0.165
"Raleigh, NC",Turf Field Lab,19ZOY,Zoys,2024-06-07,P025,7,0.0518,0.0799,0.0573,0.1407,0.0942,0.251,0.2648,0.0507,0.1647,1.3945,58.2814,0.1413,0.2141,0.1039,0.0746,0.2124,0.355,0.1129,0.1577,0.2125,0.1361,0.1638,1.3919,0.6526,0.2513,0.5473,2.4179,64.4866,0.1475,0.1111
"Raleigh, NC",Turf Field Lab,19ZOY,Zoys,2024-06-07,P026,5,0.0605,0.1029,0.0712,0.1707,0.1995,0.1738,0.2788,0.0741,0.182,1.4448,73.4187,0.0825,0.1733,0.1086,0.0835,0.1761,0.2914,0.1666,0.1724,0.1873,0.1926,0.1308,1.3011,0.5545,0.2465,0.4568,1.682,67.7113,0.1473,0.1649
"Raleigh, NC",Turf Field Lab,19ZOY,Zoys,2024-06-07,P027,6,0.0618,0.0949,0.0684,0.0431,0.2218,0.2048,0.261,0.0596,0.1622,1.3873,74.768,0.133,0.1959,0.0732,0.0542,0.2931,0.4639,0.1226,0.1656,0.2513,0.0959,0.1489,1.3498,0.7907,0.2256,0.7275,5.3395,58.857,0.1641,0.1057
"Raleigh, NC",Turf Field Lab,19ZOY,Zoys,2024-06-07,P028,7,0.0615,0.1089,0.0721,0.1578,0.1697,0.181,0.3082,0.0841,0.2034,1.5106,77.5296,0.0779,0.1925,0.1005,0.0749,0.2113,0.3522,0.1654,0.1687,0.1465,0.1971,0.1462,1.3425,0.6493,0.2501,0.5559,2.5035,65.575,0.079,0.115
"Raleigh, NC",Turf Field Lab,19ZOY,Zoys,2024-06-07,P029,8,0.0401,0.0755,0.0523,0.1309,0.0913,0.1283,0.2647,0.0586,0.1816,1.4439,78.4677,0.1017,0.1564,0.0757,0.0511,0.3065,0.4948,0.0773,0.2709,0.1262,0.0779,0.1939,1.4809,0.8128,0.235,0.7347,5.5399,72.6253,0.1947,0.1835
"Raleigh, NC",Turf Field Lab,19ZOY,Zoys,2024-06-07,P030,4,0.0533,0.0943,0.0692,0.201,0.1986,0.2138,0.2276,0.0662,0.1534,1.3625,62.6299,0.1364,0.1447,0.0882,0.0677,0.2386,0.3777,0.1811,0.2024,0.1855,0.2189,0.1313,1.3024,0.6958,0.2257,0.6212,3.2803,76.6445,0.1134,0.1593
"Raleigh, NC",Turf Field Lab,19ZOY,Zoys,2024-06-07,P031,6,0.062,0.095,0.0721,0.2152,0.1827,0.1571,0.2174,0.0559,0.1368,1.317,72.4835,0.0654,0.134,0.0905,0.0633,0.257,0.4141,0.1983,0.2352,0.1909,0.1843,0.1767,1.4293,0.7347,0.234,0.6413,3.5757,78.4096,0.162,0.1492
"Raleigh, NC",Turf Field Lab,19ZOY,Zoys,2024-06-07,P032,5,0.0591,0.1015,0.0707,0.19,0.2597,0.2296,0.2724,0.0731,0.1788,1.4355,62.0635,0.0789,0.161,0.0976,0.0692,0.2332,0.3769,0.2483,0.2106,0.1412,0.1564,0.1701,1.4101,0.6896,0.2355,0.5885,2.8609,88.2812,0.1752,0.1681
"Raleigh, NC",Turf Field Lab,19ZOY,Zoys,2024-06-07,P033,7,0.0585,0.0983,0.0671,0.1368,0.1497,0.1839,0.292,0.071,0.1887,1.4651,71.5861,0.0631,0.131,0.0762,0.0549,0.2907,0.4651,0.2649,0.1273,0.1231,0.2711,0.1623,1.3874,0.7887,0.2308,0.7184,5.1028,74.7161,0.0824,0.169
"Raleigh, NC",Turf Field Lab,19ZOY,Zoys,2024-06-07,P034,7,0.0451,0.0849,0.0589,0.2055,0.1639,0.1529,0.2635,0.0659,0.1809,1.4418,79.6075,0.1411,0.2019,0.0917,0.0624,0.2612,0.4245,0.1348,0.1423,0.1246,0.2318,0.1904,1.4702,0.7438,0.2381,0.6447,3.6296,86.0646,0.1617,0.1107
"Raleigh, NC",Turf Field Lab,19ZOY,Zoys,2024-06-07,P035,5,0.0614,0.1004,0.0714,0.1816,0.1915,0.127,0.2619,0.0679,0.1683,1.4047,58.0575,0.118,0.1572,0.0688,0.0474,0.32,0.4981,0.1605,0.2418,0.1982,0.1922,0.1843,1.4519,0.8262,0.2177,0.7572,6.2387,56.1355,0.1788,0.1407
"Raleigh, NC",Turf Field Lab,19ZOY,Zoys,2024-06-07,P036,4,0.0594,0.0903,0.0697,0.2378,0.2477,0.1977,0.2052,0.0515,0.1289,1.296,63.7697,0.0892,0.1935,0.1098,0.0825,0.1799,0.2926,0.0965,0.2307,0.2669,0.1847,0.1422,1.3316,0.5602,0.2386,0.4542,1.6643,64.8406,0.1047,0.1089
"Raleigh, NC",Turf Field Lab,19ZOY,Zoys,2024-06-07,P037,4,0.0492,0.0842,0.0622,0.2192,0.1516,0.156,0.2267,0.0569,0.1504,1.3541,59.3618,0.1543,0.1718,0.0878,0.0648,0.2503,0.3929,0.1012,0.1417,0.1873,0.1195,0.151,1.3558,0.7169,0.2218,0.6346,3.4737,67.5827,0.0475,0.2327
"Raleigh, NC",Turf Field Lab,19ZOY,Zoys,2024-06-07,P038,5,0.0572,0.0979,0.0665,0.2265,0.0839,0.2189,0.2925,0.0721,0.1907,1.4714,74.4112,0.1403,0.1447,0.0945,0.0693,0.2331,0.3769,0.1617,0.1357,0.1877,0.2039,0.154,1.364,0.6895,0.2358,0.5991,2.9886,73.2814,0.0941,0.1903
"Raleigh, NC",Turf Field Lab,19ZOY,Zoys,2024-06-07,P039,6,0.0413,0.0741,0.0475,0.2083,0.1991,0.2716,0.3312,0.0594,0.2186,1.5596,78.6535,0.0941,0.1464,0.0846,0.0602,0.2693,0.4301,0.1222,0.0939,0.1052,0.1916,0.1682,1.4045,0.7544,0.23,0.6714,4.0859,88.4007,0.1077,0.182
"Raleigh, NC",Turf Field Lab,19ZOY,Zoys,2024-06-07,P040,6,0.0552,0.0809,0.063,0.218,0.1031,0.2499,0.2021,0.0436,0.1246,1.2845,61.0363,0.1234,0.1689,0.103,0.0754,0.2087,0.3425,0.2209,0.1991,0.1903,0.0909,0.1547,1.3661,0.6391,0.2428,0.5375,2.3245,76.998,0.1623,0.1235
"Raleigh, NC",Turf Field Lab,19ZOY,Zoys,2024-06-07,P041,5,0.0495,0.081,0.057,0.1951,0.0908,0.2311,0.2712,0.0556,0.174,1.4214,62.1029,0.1335,0.0979,0.0784,0.0546,0.291,0.4558,0.1547,0.1648,0.1718,0.2526,0.1787,1.435,0.7859,0.2207,0.7064,4.8125,88.4967,0.1112,0.1861
"Raleigh, NC",Turf Field Lab,19ZOY,Zoys,2024-06-07,P042,6,0.0574,0.09,0.0654,0.1775,0.194,0.1878,0.2505,0.0571,0.1579,1.3751,76.6961,0.132,0.2161,0.0805,0.0583,0.2768,0.4399,0.1606,0.2561,0.159,0.1785,0.1599,1.3806,0.766,0.2275,0.6907,4.4669,57.3042,0.0612,0.1658
"Raleigh, NC",Turf Field Lab,19ZOY,Zoys,2024-06-07,P043,2,0.0659,0.1031,0.0808,0.1959,0.2504,0.2001,0.189,0.0595,0.1213,1.276,55.4396,0.072,0.194,0.0921,0.0711,0.2248,0.3503,0.1156,0.198,0.1617,0.1162,0.1289,1.2959,0.6627,0.2182,0.5837,2.8046,61.3379,0.1336,0.1438
"Raleigh, NC",Turf Field Lab,19ZOY,Zoys,2024-06-07,P044,7,0.0394,0.0727,0.046,0.1668,0.1228,0.1914,0.3365,0.06,0.2248,1.5801,69.168,0.1437,0.1139,0.0818,0.0558,0.2874,0.4626,0.2581,0.1923,0.1586,0.0987,0.1892,1.4668,0.7848,0.2336,0.6994,4.6535,61.077,0.1331,0.1824
"Raleigh, NC",Turf Field Lab,19ZOY,Zoys,2024-06-07,P045,4,0.0584,0.0868,0.0672,0.1993,0.2707,0.1661,0.2045,0.0481,0.1271,1.2912,75.0691,0.0982,0.164,0.1025,0.0749,0.2101,0.3357,0.2169,0.2002,0.1264,0.1587,0.1556,1.3686,0.6353,0.2301,0.5323,2.2764,72.7569,0.0971,0.1154
"Raleigh, NC",Turf Field Lab,19ZOY,Zoys,2024-06-07,P046,4,0.0566,0.0935,0.0661,0.1484,0.199,0.1792,0.2666,0.0644,0.1721,1.4158,73.244,0.0773,0.1102,0.0889,0.0655,0.2477,0.392,0.1834,0.1526,0.1761,0.2435,0.152,1.3584,0.7138,0.2256,0.6302,3.4078,74.8175,0.1077,0.1227
"Raleigh, NC",Turf Field Lab,19ZOY,Zoys,2024-06-07,P047,4,0.0487,0.081,0.0591,0.1493,0.1944,0.114,0.2391,0.0542,0.156,1.3697,65.1476,0.0604,0.157,0.1037,0.0788,0.1948,0.316,0.1652,0.2057,0.1202,0.1572,0.1364,1.316,0.6009,0.2373,0.506,2.0484,62.3292,0.1356,0.1085
"Raleigh, NC",Turf Field Lab,19ZOY,Zoys,2024-06-07,P048,7,0.0496,0.0873,0.0634,0.02,0.1211,0.1709,0.237,0.0616,0.1589,1.3779,76.7493,0.1297,0.1325,0.0795,0.0552,0.2897,0.4661,0.1106,0.1095,0.1199,0.1749,0.1804,1.4402,0.7882,0.2333,0.7086,4.8629,81.1294,0.0862,0.1733
"Raleigh, NC",Turf Field Lab,19ZOY,Zoys,2024-06-07,P049,8,0.0371,0.0745,0.0432,0.126,0.1949,0.242,0.3884,0.0688,0.2661,1.7253,63.7645,0.1548,0.1347,0.0796,0.0558,0.2876,0.4649,0.1177,0.1437,0.1476,0.1324,0.176,1.4271,0.7857,0.2357,0.7076,4.8403,81.3651,0.0968,0.1834
"Raleigh, NC",Turf Field Lab,19ZOY,Zoys,2024-06-07,P050,6,0.0463,0.0826,0.057,0.236,0.1827,0.108,0.2746,0.062,0.1836,1.4497,52.03,0.1213,0.106,0.092,0.0665,0.244,0.3938,0.1767,0.1696,0.1904,0.1183,0.1606,1.3825,0.7109,0.2348,0.6212,3.2801,69.1151,0.1113,0.0585
"Raleigh, NC",Turf Field Lab,19ZOY,Zoys,2024-06-07,P051,3,0.0555,0.09,0.065,0.1118,0.1222,0.084,0.2509,0.0595,0.1611,1.3841,66.4495,0.0945,0.1545,0.1048,0.0798,0.1902,0.3059,0.2098,0.2317,0.2257,0.1811,0.1352,1.3126,0.5861,0.2333,0.4897,1.9191,64.815,0.0913,0.2101
"Raleigh, NC",Turf Field Lab,19ZOY,Zoys,2024-06-07,P052,4,0.0685,0.0965,0.0721,0.2271,0.1883,0.1565,0.2436,0.0524,0.1446,1.3381,50.9149,0.1007,0.191,0.0897,0.0637,0.2546,0.3984,0.1847,0.2564,0.1662,0.1677,0.1696,1.4084,0.7243,0.2203,0.6324,3.4411,66.1973,0.1146,0.1177
"Raleigh, NC",Turf Field Lab,19ZOY,Zoys,2024-06-07,P053,2,0.0752,0.1068,0.0858,0.1595,0.1306,0.1591,0.1788,0.0527,0.109,1.2447,80.246,0.0728,0.1191,0.0949,0.072,0.221,0.3443,0.1913,0.1548,0.2952,0.1949,0.1374,1.3185,0.654,0.2182,0.5677,2.6262,49.1482,0.0806,0.1818
"Raleigh, NC",Turf Field Lab,19ZOY,Zoys,2024-06-07,P054,5,0.0476,0.07,0.0477,0.1941,0.1942,0.12,0.3182,0.0448,0.1896,1.4679,53.2841,0.1304,0.1617,0.0941,0.067,0.242,0.3854,0.2347,0.1474,0.1689,0.1339,0.1687,1.406,0.704,0.2286,0.6074,3.0943,63.3468,0.1372,0.1672
"Raleigh, NC",Turf Field Lab,19ZOY,Zoys,2024-06-07,P055,5,0.0559,0.0956,0.068,0.1787,0.2299,0.2226,0.256,0.0672,0.1685,1.4052,71.8699,0.1369,0.1573,0.0923,0.0671,0.2415,0.3876,0.249,0.0719,0.1804,0.0654,0.1576,1.3742,0.7048,0.2323,0.6155,3.2018,64.5392,0.11,0.1942
"Raleigh, NC",Turf Field Lab,19ZOY,Zoys,2024-06-07,P056,7,0.0637,0.1068,0.0795,0.2432,0.1612,0.0956,0.2228,0.0705,0.1467,1.3438,86.4805,0.1011,0.1419,0.0844,0.0617,0.2635,0.4258,0.0922,0.1199,0.1852,0.1804,0.1549,1.3665,0.7468,0.2354,0.6693,4.0478,80.7733,0.1352,0.1844
"Raleigh, NC",Turf Field Lab,19ZOY,Zoys,2024-06-07,P057,8,0.0444,0.0761,0.0544,0.0886,0.159,0.2037,0.2512,0.0533,0.1658,1.3975,86.1347,0.1149,0.1051,0.0864,0.0613,0.2658,0.4365,0.0738,0.1478,0.1438,0.1948,0.1695,1.4082,0.7536,0.2431,0.6697,4.0542,80.9223,0.1671,0.1405
"Raleigh, NC",Turf Field Lab,19ZOY,Zoys,2024-06-07,P058,6,0.0583,0.0997,0.0707,0.1889,0.0852,0.3114,0.2588,0.0704,0.1702,1.4103,67.2102,0.0757,0.1224,0.0693,0.0485,0.3158,0.4971,0.1369,0.1719,0.1617,0.2631,0.1762,1.4276,0.8221,0.223,0.7553,6.1744,56.0169,0.1068,0.1368
"Raleigh, NC",Turf Field Lab,19ZOY,Zoys,2024-06-07,P059,6,0.06,0.0913,0.07,0.1671,0.1029,0.2276,0.2105,0.0527,0.1323,1.3049,60.291,0.1355,0.1575,0.1003,0.0692,0.2336,0.3804,0.0851,0.1729,0.1192,0.2186,0.1834,1.4492,0.6922,0.2392,0.5827,2.793,67.0012,0.0926,0.146
"Raleigh, NC",Turf Field Lab,19ZOY,Zoys,2024-06-07,P060,3,0.0594,0.0946,0.0701,0.0899,0.2436,0.02,0.2328,0.0598,0.1489,1.3499,54.0694,0.0736,0.0659,0.0965,0.0683,0.236,0.3702,0.2306,0.1449,0.1647,0.1632,0.1708,1.4119,0.6884,0.2214,0.5866,2.8374,65.3904,0.0387,0.1948
"Raleigh, NC",Turf Field Lab,19ZOY,Zoys,2024-06-07,P061,5,0.0572,0.0959,0.0677,0.2099,0.18,0.2189,0.2652,0.0669,0.1724,1.4168,51.4028,0.1312,0.1984,0.1283,0.0947,0.1318,0.2298,0.1822,0.1354,0.142,0.1098,0.1508,1.3553,0.4164,0.271,0.2833,0.7907,69.6266,0.0487,0.1928
"Raleigh, NC",Turf Field Lab,19ZOY,Zoys,2024-06-07,P062,6,0.0536,0.0945,0.0634,0.1322,0.1237,0.1252,0.2978,0.0719,0.1967,1.4897,64.1642,0.119,0.1458,0.123,0.09,0.1507,0.261,0.2037,0.2002,0.1539,0.1458,0.1549,1.3666,0.4872,0.2681,0.3594,1.122,51.6731,0.1203,0.1736
"Raleigh, NC",Turf Field Lab,19ZOY,Zoys,2024-06-07,P063,2,0.0591,0.0881,0.0659,0.1565,0.1456,0.1995,0.2342,0.0512,0.1443,1.3372,63.4202,0.1,0.1518,0.0896,0.0666,0.2425,0.3755,0.2108,0.1627,0.2232,0.0843,0.147,1.3446,0.6987,0.2153,0.6148,3.1922,53.5581,0.0901,0.0977
"Raleigh, NC",Turf Field Lab,19ZOY,Zoys,2024-06-07,P064,8,0.0472,0.0734,0.0522,0.135,0.0799,0.1529,0.2708,0.0474,0.169,1.4067,84.9912,0.1142,0.1708,0.0769,0.0555,0.2889,0.4689,0.1505,0.1148,0.1088,0.1074,0.1616,1.3856,0.7883,0.2375,0.7182,5.098,72.213,0.1943,0.1354
"Raleigh, NC",Turf Field Lab,19ZOY,Zoys,2024-06-07,P065,4,0.0587,0.0941,0.0694,0.246,0.2463,0.3029,0.2356,0.06,0.1509,1.3555,73.7858,0.0882,0.1719,0.089,0.0636,0.2549,0.3987,0.2606,0.1824,0.2024,0.2018,0.1663,1.3991,0.7248,0.2199,0.6351,3.4802,71.8985,0.1178,0.2144
"Raleigh, NC",Turf Field Lab,19ZOY,Zoys,2024-06-07,P066,5,0.0549,0.0859,0.0637,0.2107,0.2132,0.1821,0.2351,0.0533,0.1488,1.3495,65.8929,0.1192,0.1505,0.0874,0.064,0.2538,0.4025,0.1735,0.1701,0.1957,0.2281,0.1548,1.3663,0.7257,0.2265,0.6431,3.6039,61.4405,0.1078,0.1975
"Raleigh, NC",Turf Field Lab,19ZOY,Zoys,2024-06-07,P067,9,0.0541,0.0917,0.0623,0.1618,0.1568,0.158,0.2942,0.0671,0.191,1.4721,86.6891,0.1691,0.1747,0.07,0.0485,0.3171,0.5125,0.1153,0.1351,0.1052,0.0788,0.1818,1.4443,0.8272,0.2355,0.7596,6.319,89.0954,0.1665,0.127
"Raleigh, NC",Turf Field Lab,19ZOY,Zoys,2024-06-07,P068,6,0.0675,0.1154,0.0824,0.1663,0.1536,0.1417,0.2529,0.0808,0.1666,1.3999,70.2528,0.1182,0.1684,0.0884,0.0623,0.2608,0.4174,0.2299,0.1628,0.1764,0.2104,0.1731,1.4187,0.7401,0.231,0.6503,3.7194,53.5301,0.132,0.149
"Raleigh, NC",Turf Field Lab,19ZOY,Zoys,2024-06-07,P069,7,0.0681,0.1131,0.0804,0.2453,0.143,0.1805,0.2604,0.0776,0.1687,1.406,56.3983,0.1158,0.1417,0.0806,0.0597,0.2716,0.4381,0.1615,0.1245,0.2259,0.1275,0.1488,1.3496,0.7601,0.2345,0.6893,4.4361,72.1642,0.1041,0.1608
"Raleigh, NC",Turf Field Lab,19ZOY,Zoys,2024-06-07,P070,6,0.0501,0.0858,0.0593,0.1804,0.1872,0.1382,0.279,0.0623,0.1828,1.4473,76.6998,0.0317,0.1994,0.0837,0.0577,0.2792,0.4451,0.0914,0.2289,0.207,0.1436,0.1838,1.4503,0.7704,0.2291,0.6834,4.3165,65.2145,0.1173,0.1469
"Raleigh, NC",Turf Field Lab,19ZOY,Zoys,2024-06-07,P071,6,0.0749,0.1239,0.0898,0.2518,0.1693,0.2167,0.2458,0.0831,0.1596,1.3799,75.2486,0.1635,0.1846,0.0873,0.0632,0.2577,0.4165,0.1666,0.1814,0.1208,0.2333,0.1605,1.3823,0.7366,0.2354,0.6534,3.7701,57.0428,0.1567,0.1441
"Raleigh, NC",Turf Field Lab,19ZOY,Zoys,2024-06-07,P072,4,0.0587,0.0989,0.0709,0.1624,0.2036,0.1477,0.2525,0.0683,0.1652,1.3959,51.063,0.1071,0.1751,0.0982,0.0717,0.2228,0.3562,0.185,0.177,0.1821,0.1138,0.1556,1.3685,0.6647,0.2305,0.5679,2.6284,46.2376,0.0238,0.1507
"Raleigh, NC",Turf Field Lab,19ZOY,Zoys,2024-06-07,P073,5,0.0536,0.0956,0.0651,0.1378,0.2369,0.1958,0.2849,0.0726,0.19,1.469,81.4928,0.091,0.0969,0.0862,0.0599,0.2701,0.4267,0.1931,0.2006,0.1935,0.1642,0.1797,1.438,0.7538,0.2248,0.664,3.9527,70.5367,0.1968,0.1543
"Raleigh, NC",Turf Field Lab,19ZOY,Zoys,2024-06-07,P074,5,0.0487,0.0751,0.0547,0.02,0.1884,0.1183,0.2524,0.0469,0.1576,1.3743,76.0906,0.1025,0.1383,0.0711,0.05,0.3098,0.4837,0.2083,0.2433,0.0859,0.1849,0.1744,1.4226,0.8128,0.2192,0.7438,5.8073,62.8083,0.0678,0.1501
"Raleigh, NC",Turf Field Lab,19ZOY,Zoys,2024-06-07,P075,7,0.0537,0.0948,0.0633,0.1412,0.1169,0.1358,0.3018,0.0725,0.1992,1.4975,75.6892,0.137,0.2094,0.1022,0.0721,0.2224,0.3682,0.1486,0.2015,0.1547,0.2685,0.1728,1.4177,0.6726,0.2469,0.5655,2.6029,58.6985,0.1414,0.1326
"Raleigh, NC",Turf Field Lab,19ZOY,Zoys,2024-06-07,P076,5,0.0505,0.0899,0.061,0.2232,0.2225,0.2611,0.2876,0.0682,0.1914,1.4733,53.5913,0.1347,0.2303,0.1043,0.0767,0.2033,0.333,0.206,0.1991,0.2015,0.1022,0.1524,1.3597,0.6255,0.2418,0.5229,2.192,81.5633,0.1452,0.1113
"Raleigh, NC",Turf Field Lab,19ZOY,Zoys,2024-06-07,P077,5,0.047,0.09,0.0632,0.2683,0.2361,0.2129,0.2526,0.0698,0.1751,1.4245,74.2416,0.0889,0.1753,0.0856,0.0606,0.2674,0.4223,0.205,0.1383,0.0896,0.2137,0.1712,1.4131,0.749,0.2246,0.6628,3.9316,72.8983,0.1302,0.178
"Raleigh, NC",Turf Field Lab,19ZOY,Zoys,2024-06-07,P078,5,0.0587,0.0904,0.065,0.1446,0.1612,0.2898,0.2626,0.0571,0.1634,1.3906,67.6139,0.155,0.0928,0.0795,0.0569,0.2822,0.4444,0.172,0.2194,0.1748,0.1975,0.1662,1.3986,0.7731,0.2232,0.6964,4.5875,49.7293,0.0818,0.1929
"Raleigh, NC",Turf Field Lab,19ZOY,Zoys,2024-06-07,P079,6,0.0383,0.0773,0.0518,0.1412,0.1669,0.1567,0.2801,0.0644,0.197,1.4905,71.6765,0.0702,0.093,0.08,0.0571,0.2819,0.4507,0.1627,0.1937,0.1373,0.2161,0.1668,1.4003,0.7751,0.2305,0.6987,4.6375,77.4395,0.1192,0.1306
"Raleigh, NC",Turf Field Lab,19ZOY,Zoys,2024-06-07,P080,5,0.0293,0.0618,0.0408,0.1592,0.1201,0.1733,0.2863,0.0535,0.2046,1.5145,56.9202,0.0889,0.1904,0.0861,0.066,0.2458,0.3941,0.1053,0.1826,0.1153,0.2544,0.1318,1.3037,0.7129,0.2317,0.6414,3.5766,61.4503,0.0333,0.1969
"Raleigh, NC",Turf Field Lab,19ZOY,Zoys,2024-06-07,P081,3,0.059,0.0862,0.0718,0.2053,0.1885,0.1964,0.1449,0.0415,0.0908,1.1997,57.4387,0.0444,0.1664,0.0803,0.058,0.2769,0.4278,0.1499,0.085,0.1859,0.2807,0.1613,1.3848,0.7611,0.2141,0.6837,4.3239,60.5972,0.1261,0.1789
"Raleigh, NC",Turf Field Lab,19ZOY,Zoys,2024-06-07,P082,5,0.0688,0.1033,0.0796,0.1525,0.1941,0.2109,0.2082,0.0583,0.1299,1.2985,77.0082,0.1182,0.0694,0.0927,0.0677,0.2393,0.3842,0.1345,0.1083,0.1525,0.134,0.1559,1.3693,0.7005,0.2322,0.6114,3.1461,79.8268,0.1117,0.1996
"Raleigh, NC",Turf Field Lab,19ZOY,Zoys,2024-06-07,P083,6,0.0616,0.0914,0.0645,0.207,0.1793,0.1016,0.285,0.0567,0.1724,1.4166,69.317,0.1365,0.1638,0.0849,0.0596,0.2717,0.4333,0.2183,0.1889,0.213,0.085,0.1749,1.424,0.7582,0.2293,0.6724,4.1051,76.2063,0.1132,0.153
"Raleigh, NC",Turf Field Lab,19ZOY,Zoys,2024-06-07,P084,6,0.06,0.0989,0.0691,0.2553,0.1243,0.167,0.2761,0.0688,0.1776,1.4319,65.5093,0.1595,0.1391,0.0642,0.0441,0.3334,0.5224,0.1969,0.1858,0.172,0.158,0.1853,1.4548,0.8443,0.2208,0.7812,7.1417,69.8407,0.1309,0.1002
"Raleigh, NC",Turf Field Lab,19ZOY,Zoys,2024-06-07,P085,5,0.0414,0.0637,0.0468,0.1695,0.2186,0.1759,0.2457,0.0394,0.1537,1.3633,74.0507,0.109,0.1435,0.0785,0.0544,0.2917,0.4556,0.1215,0.1728,0.1978,0.1645,0.1807,1.4412,0.7865,0.2194,0.7062,4.8065,68.7209,0.039,0.1432
"Raleigh, NC",Turf Field Lab,19ZOY,Zoys,2024-06-07,P086,6,0.0502,0.076,0.0534,0.2445,0.0999,0.1541,0.2849,0.0483,0.1743,1.4223,67.8296,0.0574,0.193,0.1104,0.0827,0.18,0.3039,0.1006,0.2059,0.1851,0.0923,0.1438,1.3359,0.5723,0.2561,0.4669,1.7518,67.1198,0.1561,0.1537
"Raleigh, NC",Turf Field Lab,19ZOY,Zoys,2024-06-07,P087,9,0.0383,0.0729,0.0465,0.189,0.1692,0.2257,0.3265,0.0611,0.2217,1.5696,82.3062,0.1219,0.1108,0.0869,0.0587,0.2762,0.4539,0.1374,0.1649,0.148,0.0816,0.1932,1.4789,0.7708,0.2433,0.6787,4.2253,66.8724,0.1345,0.1123
"Raleigh, NC",Turf Field Lab,19ZOY,Zoys,2024-06-07,P088,7,0.0448,0.0865,0.0552,0.156,0.146,0.1597,0.3232,0.0731,0.2211,1.5677,52.3515,0.1461,0.178,0.0824,0.0599,0.2706,0.4355,0.02,0.1571,0.1253,0.1455,0.1575,1.374,0.7581,0.2335,0.682,4.2888,68.6625,0.1487,0.1558
"Raleigh, NC",Turf Field Lab,19ZOY,Zoys,2024-06-07,P089,4,0.0538,0.0855,0.0645,0.0676,0.213,0.1075,0.2186,0.0527,0.1402,1.326,70.7031,0.0433,0.123,0.093,0.067,0.2418,0.3839,0.2112,0.2156,0.2051,0.1809,0.163,1.3896,0.703,0.227,0.6098,3.126,54.6252,0.1132,0.1929
"Raleigh, NC",Turf Field Lab,19ZOY,Zoys,2024-06-07,P090,5,0.0677,0.104,0.0767,0.2097,0.2461,0.1416,0.242,0.0636,0.1513,1.3566,80.1727,0.1685,0.2116,0.0877,0.063,0.2581,0.4118,0.1743,0.1399,0.1357,0.2041,0.1644,1.3935,0.7347,0.2294,0.6487,3.6929,73.1396,0.0975,0.1347
"Raleigh, NC",Turf Field Lab,19ZOY,Zoys,2024-06-07,P091,5,0.0539,0.0925,0.0612,0.2505,0.2128,0.1396,0.3139,0.07,0.2038,1.512,86.3181,0.1487,0.1544,0.0955,0.0672,0.2414,0.3888,0.2362,0.2138,0.1418,0.1711,0.1742,1.422,0.7054,0.234,0.6055,3.0703,67.7159,0.1148,0.1515
"Raleigh, NC",Turf Field Lab,19ZOY,Zoys,2024-06-07,P092,7,0.0389,0.0719,0.0487,0.1842,0.0395,0.1376,0.2845,0.0561,0.1926,1.477,61.7703,0.1262,0.0595,0.1157,0.0867,0.1642,0.2851,0.2089,0.1607,0.1429,0.1109,0.1431,1.3341,0.5335,0.2692,0.4227,1.4641,72.2717,0.1849,0.1834
"Raleigh, NC",Turf Field Lab,19ZOY,Zoys,2024-06-07,P093,7,0.0374,0.0741,0.0452,0.1558,0.1423,0.2421,0.3535,0.0657,0.2428,1.6412,74.1059,0.1391,0.1452,0.091,0.0642,0.254,0.4144,0.1332,0.0968,0.2103,0.1526,0.1728,1.4177,0.7318,0.2401,0.6399,3.5546,54.4214,0.1087,0.1571
"Raleigh, NC",Turf Field Lab,19ZOY,Zoys,2024-06-07,P094,8,0.0528,0.0906,0.0616,0.1632,0.1293,0.1959,0.2922,0.0668,0.1907,1.4714,86.3707,0.1213,0.1245,0.0729,0.0469,0.3232,0.517,0.1406,0.1924,0.0891,0.1592,0.2176,1.5563,0.8338,0.2307,0.7527,6.0889,84.666,0.1501,0.139
"Raleigh, NC",Turf Field Lab,19ZOY,Zoys,2024-06-07,P095,7,0.0486,0.0811,0.0578,0.153,0.1128,0.1636,0.2582,0.0557,0.1677,1.403,54.5172,0.1355,0.1732,0.1049,0.0764,0.2053,0.3438,0.1844,0.1058,0.2217,0.1408,0.1575,1.374,0.6364,0.2522,0.5323,2.276,62.3966,0.1225,0.1121
"Raleigh, NC",Turf Field Lab,19ZOY,Zoys,2024-06-07,P096,6,0.0512,0.0834,0.064,0.1365,0.146,0.1245,0.2019,0.0516,0.1317,1.3034,70.7632,0.1077,0.172,0.0758,0.0529,0.2987,0.4748,0.1012,0.2,0.1313,0.1261,0.1782,1.4335,0.7996,0.2276,0.7247,5.2658,92.2415,0.1596,0.1782
"Raleigh, NC",Turf Field Lab,19ZOY,Zoys,2024-06-07,P097,4,0.0647,0.0972,0.0714,0.2265,0.1885,0.16,0.2488,0.0584,0.1533,1.3622,80.7792,0.0899,0.1325,0.1058,0.0762,0.205,0.3318,0.2362,0.0983,0.1671,0.1352,0.1624,1.3877,0.6264,0.2361,0.5165,2.1368,54.1577,0.1231,0.1507
"Raleigh, NC",Turf Field Lab,19ZOY,Zoys,2024-06-07,P098,5,0.0457,0.0815,0.0582,0.2424,0.1461,0.2386,0.2483,0.0591,0.167,1.4011,69.4137,0.1119,0.1089,0.0645,0.0406,0.3471,0.5377,0.1872,0.2343,0.1868,0.1903,0.2278,1.5899,0.8597,0.2154,0.7858,7.3352,66.6818,0.1208,0.1522
"Raleigh, NC",Turf Field Lab,19ZOY,Zoys,2024-06-07,P099,6,0.0441,0.0743,0.0543,0.1809,0.2454,0.2384,0.2363,0.0501,0.1552,1.3675,64.5239,0.1281,0.1704,0.0802,0.0583,0.2771,0.4429,0.1616,0.1225,0.2074,0.1225,0.1582,1.3759,0.7674,0.2303,0.6934,4.5234,50.1185,0.1194,0.1782
"Raleigh, NC",Turf Field Lab,19ZOY,Zoys,2024-06-07,P100,4,0.0655,0.1012,0.074,0.1442,0.254,0.1661,0.2474,0.0629,0.155,1.3667,72.5682,0.0972,0.1993,0.1068,0.08,0.1898,0.3085,0.2625,0.2182,0.1976,0.1777,0.1432,1.3343,0.5881,0.2382,0.4858,1.8898,62.5577,0.1227,0.1377
"Raleigh, NC",Turf Field Lab,19ZOY,Zoys,2024-06-07,P101,6,0.0602,0.0926,0.0669,0.2107,0.2555,0.1423,0.2595,0.0582,0.1615,1.3853,60.5188,0.0608,0.1652,0.0839,0.0623,0.2609,0.4177,0.217,0.1107,0.1591,0.195,0.1474,1.3457,0.7404,0.2311,0.6656,3.9811,71.1501,0.1045,0.2102
"Raleigh, NC",Turf Field Lab,19ZOY,Zoys,2024-06-07,P102,5,0.0509,0.0787,0.0599,0.1555,0.132,0.2534,0.2141,0.0465,0.1355,1.3134,75.7116,0.0888,0.1326,0.0899,0.064,0.2538,0.4046,0.1463,0.1731,0.2245,0.1404,0.168,1.4039,0.7267,0.229,0.6364,3.5007,65.2547,0.1304,0.1476
"Raleigh, NC",Turf Field Lab,19ZOY,Zoys,2024-06-07,P103,6,0.0628,0.0805,0.0662,0.2305,0.1939,0.167,0.1702,0.032,0.0974,1.2158,69.5035,0.1652,0.1203,0.1016,0.0784,0.1967,0.3269,0.2135,0.1778,0.2289,0.1492,0.1287,1.2955,0.613,0.2486,0.5257,2.2169,56.8318,0.1379,0.1457
"Raleigh, NC",Turf Field Lab,19ZOY,Zoys,2024-06-07,P104,3,0.0599,0.0916,0.068,0.1041,0.1979,0.0534,0.2365,0.0553,0.1477,1.3466,47.1163,0.0887,0.1718,0.0948,0.0683,0.2359,0.3689,0.2389,0.1264,0.1426,0.1501,0.1621,1.3868,0.6875,0.22,0.5913,2.8933,57.3775,0.0351,0.1013
"Raleigh, NC",Turf Field Lab,19ZOY,Zoys,2024-06-07,P105,6,0.0443,0.0886,0.0621,0.1759,0.1718,0.1326,0.2492,0.0709,0.176,1.4273,68.5142,0.0906,0.135,0.0804,0.0581,0.2778,0.4427,0.1147,0.0924,0.124,0.2497,0.1615,1.3852,0.768,0.2288,0.6924,4.5027,73.0593,0.0948,0.1563
"Raleigh, NC",Turf Field Lab,19ZOY,Zoys,2024-06-07,P106,4,0.0579,0.0828,0.0626,0.2275,0.1801,0.1853,0.2307,0.0451,0.1388,1.3224,66.2783,0.1374,0.1637,0.0842,0.0618,0.2624,0.4114,0.0823,0.1362,0.1657,0.1421,0.1537,1.3631,0.739,0.2212,0.6603,3.887,50.2471,0.1419,0.1563
"Raleigh, NC",Turf Field Lab,19ZOY,Zoys,2024-06-07,P107,7,0.0502,0.0862,0.0556,0.2041,0.1263,0.2024,0.3346,0.0667,0.2161,1.5515,75.8624,0.0975,0.2572,0.0935,0.0638,0.2553,0.4147,0.1623,0.1809,0.1114,0.2094,0.1886,1.4649,0.7333,0.2379,0.6321,3.4356,75.9534,0.1429,0.0816
"Raleigh, NC",Turf Field Lab,19ZOY,Zoys,2024-06-07,P108,3,0.0678,0.0983,0.0775,0.1883,0.233,0.1472,0.1928,0.0513,0.1184,1.2687,63.2307,0.0917,0.1836,0.1033,0.0755,0.2072,0.3268,0.2161,0.1992,0.1894,0.1063,0.1556,1.3685,0.6247,0.224,0.5196,2.1632,58.1178,0.1256,0.1241
"Raleigh, NC",Turf Field Lab,19ZOY,Zoys,2024-06-07,P109,6,0.0498,0.0822,0.0589,0.2153,0.1911,0.169,0.2551,0.0556,0.165,1.3952,86.6635,0.0746,0.084,0.0999,0.0723,0.2212,0.3647,0.1865,0.1103,0.2104,0.1882,0.1599,1.3807,0.6689,0.2448,0.57,2.6507,53.938,0.1514,0.1795
"Raleigh, NC",Turf Field Lab,19ZOY,Zoys,2024-06-07,P110,4,0.0579,0.0842,0.0672,0.2157,0.2476,0.2027,0.1817,0.0432,0.1122,1.2526,69.1099,0.0686,0.1956,0.0955,0.0692,0.2327,0.367,0.1994,0.202,0.2455,0.1332,0.1598,1.3804,0.6827,0.2239,0.587,2.8421,84.6434,0.0494,0.1434
"Raleigh, NC",Turf Field Lab,19ZOY,Zoys,2024-06-07,P111,4,0.0628,0.1061,0.0774,0.1839,0.1627,0.2566,0.2378,0.072,0.1564,1.3707,71.951,0.0838,0.1282,0.0945,0.0683,0.2365,0.3752,0.1639,0.1377,0.2099,0.2566,0.1608,1.3831,0.692,0.2268,0.5978,2.9723,57.2086,0.1289,0.0721
"Raleigh, NC",Turf Field Lab,19ZOY,Zoys,2024-06-07,P112,3,0.064,0.0875,0.0672,0.3211,0.2016,0.0405,0.2233,0.0438,0.1309,1.3013,46.6994,0.0859,0.1533,0.091,0.0696,0.2308,0.3633,0.2234,0.1065,0.2223,0.1677,0.1328,1.3061,0.6783,0.223,0.5996,2.9944,64.2956,0.0978,0.1252
"Raleigh, NC",Turf Field Lab,19ZOY,Zoys,2024-06-07,P113,5,0.0509,0.0889,0.0605,0.2341,0.2965,0.168,0.288,0.0663,0.1899,1.4688,67.124,0.1124,0.0956,0.1045,0.0789,0.1948,0.32,0.2283,0.1737,0.0812,0.2042,0.14,1.3256,0.6046,0.2433,0.5075,2.061,68.5242,0.0769,0.1331
"Raleigh, NC",Turf Field Lab,19ZOY,Zoys,2024-06-07,P114,4,0.0551,0.0941,0.0705,0.1218,0.1636,0.1859,0.2152,0.0626,0.1432,1.3343,69.0784,0.1348,0.1261,0.0743,0.0566,0.2828,0.4396,0.2311,0.2188,0.1988,0.1524,0.1353,1.3131,0.7719,0.217,0.7108,4.9148,73.2106,0.0943,0.0927
"Raleigh, NC",Turf Field Lab,19ZOY,Zoys,2024-06-07,P115,3,0.0422,0.0787,0.0579,0.1971,0.1641,0.1986,0.2204,0.0573,0.1523,1.3593,63.7519,0.0448,0.1041,0.0955,0.0703,0.2282,0.3602,0.2081,0.1586,0.19,0.1837,0.152,1.3584,0.6735,0.2243,0.5809,2.7725,60.5221,0.1034,0.1154
"Raleigh, NC",Turf Field Lab,19ZOY,Zoys,2024-06-07,P116,3,0.0545,0.0901,0.066,0.1676,0.2836,0.1234,0.2363,0.0596,0.1539,1.3637,64.5341,0.0404,0.1698,0.0961,0.0706,0.2269,0.3551,0.2499,0.273,0.2421,0.299,0.1535,1.3626,0.6685,0.2203,0.5739,2.694,49.9728,0.1025,0.1085
"Raleigh, NC",Turf Field Lab,19ZOY,Zoys,2024-06-07,P117,4,0.0603,0.0871,0.0661,0.2058,0.1943,0.2285,0.2259,0.0479,0.1371,1.3177,55.6427,0.1022,0.1546,0.0727,0.0531,0.2969,0.4609,0.1744,0.2189,0.1272,0.1689,0.1557,1.3687,0.7934,0.2165,0.7276,5.3409,79.2422,0.0596,0.164
"Raleigh, NC",Turf Field Lab,19ZOY,Zoys,2024-08-03,P001,4,0.0603,0.0943,0.0676,0.1874,0.1727,0.2151,0.2628,0.0607,0.1649,1.395,64.7651,0.1082,0.2575,0.0859,0.0659,0.246,0.3891,0.182,0.1769,0.1615,0.1784,0.1317,1.3034,0.7104,0.2252,0.6384,3.5302,69.3669,0.1335,0.1601
"Raleigh, NC",Turf Field Lab,19ZOY,Zoys,2024-08-03,P002,7,0.0543,0.0853,0.0593,0.2357,0.1094,0.1876,0.2884,0.0571,0.1802,1.4396,68.4683,0.1185,0.1721,0.0865,0.0605,0.2687,0.4352,0.1285,0.1626,0.2321,0.1941,0.1772,1.4308,0.756,0.2366,0.6683,4.0303,85.2581,0.138,0.1149
"Raleigh, NC",Turf Field Lab,19ZOY,Zoys,2024-08-03,P003,8,0.0526,0.0862,0.0584,0.1183,0.1402,0.1956,0.3024,0.0614,0.1924,1.4765,93.2065,0.1078,0.1372,0.088,0.0607,0.2682,0.4395,0.1588,0.1921,0.2311,0.1249,0.1839,1.4506,0.7573,0.242,0.6662,3.992,74.4466,0.1727,0.1137
"Raleigh, NC",Turf Field Lab,19ZOY,Zoys,2024-08-03,P004,5,0.0465,0.0827,0.0567,0.2128,0.1538,0.2548,0.2799,0.0622,0.1865,1.4585,52.5379,0.0874,0.1394,0.1024,0.078,0.1983,0.3259,0.2244,0.1598,0.155,0.1851,0.1351,1.3123,0.6138,0.2435,0.522,2.1843,67.7315,0.147,0.1098
"Raleigh, NC",Turf Field Lab,19ZOY,Zoys,2024-08-03,P005,4,0.0679,0.1016,0.0784,0.1925,0.0877,0.1165,0.207,0.057,0.129,1.2961,40.6126,0.161,0.1469,0.0861,0.0622,0.2607,0.4102,0.2676,0.2089,0.1954,0.1486,0.1609,1.3836,0.7366,0.2229,0.6531,3.7659,56.9335,0.1439,0.1786
"Raleigh, NC",Turf Field Lab,19ZOY,Zoys,2024-08-03,P006,6,0.0458,0.086,0.059,0.138,0.1398,0.2289,0.2715,0.0671,0.1858,1.4563,79.5027,0.082,0.1073,0.0834,0.0592,0.2732,0.4355,0.2381,0.2557,0.1662,0.2144,0.1698,1.4091,0.7606,0.229,0.6784,4.2192,58.1864,0.1049,0.1913
"Raleigh, NC",Turf Field Lab,19ZOY,Zoys,2024-08-03,P007,4,0.0535,0.0853,0.0664,0.1015,0.2095,0.1353,0.1919,0.0506,0.1242,1.2837,58.7684,0.066,0.1545,0.1099,0.0824,0.1802,0.2926,0.2319,0.2237,0.2319,0.2268,0.143,1.3336,0.5606,0.2377,0.454,1.6632,71.4801,0.1218,0.2008
"Raleigh, NC",Turf Field Lab,19ZOY,Zoys,2024-08-03,P008,6,0.0581,0.0925,0.0714,0.1295,0.0799,0.2138,0.1992,0.0555,0.1286,1.2951,86.9318,0.1354,0.0892,0.0837,0.0577,0.2796,0.4474,0.1472,0.1479,0.1685,0.1932,0.1844,1.4522,0.7717,0.2308,0.6847,4.3427,85.4539,0.155,0.235
"Raleigh, NC",Turf Field Lab,19ZOY,Zoys,2024-08-03,P009,7,0.0456,0.087,0.0598,0.1733,0.1168,0.1348,0.2685,0.0687,0.1852,1.4546,63.3814,0.1198,0.1338,0.0831,0.0582,0.2776,0.4474,0.2077,0.1544,0.1174,0.1796,0.176,1.4271,0.7697,0.2342,0.6867,4.3843,65.6571,0.0603,0.1503
"Raleigh, NC",Turf Field Lab,19ZOY,Zoys,2024-08-03,P010,3,0.0503,0.0899,0.0662,0.1397,0.326,0.1799,0.2245,0.0634,0.1522,1.3591,69.226,0.0534,0.2009,0.1087,0.0824,0.1799,0.2898,0.2017,0.1301,0.1704,0.2335,0.1378,1.3196,0.5572,0.234,0.4543,1.6651,69.7774,0.0723,0.0847
"Raleigh, NC",Turf Field Lab,19ZOY,Zoys,2024-08-03,P011,4,0.0623,0.1031,0.0766,0.155,0.2013,0.1841,0.2262,0.0673,0.1477,1.3466,61.1774,0.1112,0.1346,0.0955,0.0698,0.2303,0.3674,0.2393,0.2775,0.2695,0.1836,0.1549,1.3667,0.6805,0.2293,0.5875,2.8484,62.3479,0.1517,0.1302
"Raleigh, NC",Turf Field Lab,19ZOY,Zoys,2024-08-03,P012,3,0.0432,0.0803,0.0545,0.2375,0.2336,0.2168,0.2808,0.0629,0.1909,1.4719,74.5629,0.0887,0.1385,0.0946,0.0723,0.2204,0.3488,0.2569,0.2317,0.1821,0.1075,0.1337,1.3087,0.6568,0.2256,0.5734,2.6887,40.7019,0.0807,0.2215
"Raleigh, NC",Turf Field Lab,19ZOY,Zoys,2024-08-03,P013,2,0.0629,0.0964,0.0726,0.1953,0.2212,0.2104,0.2239,0.0573,0.1406,1.3272,72.1315,0.1161,0.222,0.0758,0.0557,0.2857,0.4336,0.2624,0.1762,0.2103,0.2163,0.1532,1.3618,0.7724,0.2057,0.7023,4.7171,40.7738,0.0733,0.1717
"Raleigh, NC",Turf Field Lab,19ZOY,Zoys,2024-08-03,P014,8,0.0556,0.0842,0.059,0.2215,0.1475,0.054,0.2872,0.0538,0.1757,1.4263,71.8979,0.1307,0.1417,0.0826,0.0605,0.269,0.4382,0.0913,0.0972,0.2049,0.1789,0.1546,1.3657,0.7575,0.2393,0.6829,4.3076,53.9282,0.0879,0.1646
"Raleigh, NC",Turf Field Lab,19ZOY,Zoys,2024-08-03,P015,3,0.0492,0.0836,0.0604,0.1781,0.1819,0.0763,0.2448,0.0576,0.1612,1.3843,50.7854,0.1324,0.1682,0.1005,0.0737,0.2147,0.3403,0.2993,0.1873,0.1906,0.1538,0.154,1.3642,0.644,0.2263,0.5439,2.3854,62.6618,0.0782,0.1167
"Raleigh, NC",Turf Field Lab,19ZOY,Zoys,2024-08-03,P016,8,0.0458,0.0905,0.062,0.2711,0.1212,0.1389,0.2662,0.0731,0.1863,1.4579,82.0643,0.0607,0.1737,0.1048,0.0737,0.2165,0.3677,0.1758,0.183,0.1695,0.1998,0.174,1.4212,0.666,0.2588,0.5565,2.5098,70.9176,0.1301,0.1449
"Raleigh, NC",Turf Field Lab,19ZOY,Zoys,2024-08-03,P017,8,0.0418,0.0729,0.0492,0.1307,0.0492,0.16,0.2944,0.0547,0.1935,1.48,71.4629,0.1076,0.1674,0.0939,0.0639,0.2556,0.4217,0.1091,0.129,0.1563,0.1487,0.1905,1.4705,0.737,0.2452,0.6357,3.4906,69.5376,0.1312,0.0955
"Raleigh, NC",Turf Field Lab,19ZOY,Zoys,2024-08-03,P018,5,0.0709,0.1047,0.0778,0.1723,0.1394,0.1616,0.2407,0.0607,0.1473,1.3454,73.0804,0.0644,0.2025,0.1102,0.084,0.1745,0.2918,0.1965,0.1523,0.2589,0.1193,0.1352,1.3128,0.5531,0.2516,0.4516,1.6473,73.8938,0.1452,0.1087
"Raleigh, NC",Turf Field Lab,19ZOY,Zoys,2024-08-03,P019,6,0.0535,0.0904,0.0633,0.1459,0.2462,0.0748,0.2711,0.0641,0.1767,1.4294,70.5237,0.125,0.094,0.0997,0.0675,0.2401,0.3877,0.131,0.2046,0.1638,0.1891,0.1926,1.477,0.7033,0.2351,0.5908,2.8876,65.363,0.0875,0.1081
"Raleigh, NC",Turf Field Lab,19ZOY,Zoys,2024-08-03,P020,2,0.0689,0.0985,0.0804,0.2224,0.1728,0.2024,0.1649,0.0478,0.1014,1.2256,57.5566,0.0843,0.1387,0.0885,0.0666,0.2426,0.3739,0.2495,0.2484,0.1763,0.2323,0.1415,1.3297,0.6978,0.213,0.6172,3.2246,49.568,0.1017,0.1571
"Raleigh, NC",Turf Field Lab,19ZOY,Zoys,2024-08-03,P021,7,0.0468,0.0789,0.0512,0.1518,0.1793,0.164,0.332,0.0598,0.2126,1.5402,70.1433,0.1122,0.2644,0.0966,0.0697,0.2317,0.3809,0.152,0.1374,0.2248,0.2244,0.1616,1.3856,0.6905,0.2436,0.5953,2.9419,80.1465,0.1463,0.2146
"Raleigh, NC",Turf Field Lab,19ZOY,Zoys,2024-08-03,P022,5,0.0564,0.0729,0.0555,0.2218,0.2255,0.1804,0.2416,0.0338,0.1354,1.3131,75.7852,0.0869,0.02,0.0646,0.0463,0.3243,0.5054,0.2546,0.2748,0.1759,0.1165,0.1645,1.3939,0.8321,0.2183,0.7735,6.8286,83.4436,0.1284,0.102
"Raleigh, NC",Turf Field Lab,19ZOY,Zoys,2024-08-03,P023,3,0.0511,0.0847,0.0639,0.1987,0.1703,0.1866,0.214,0.0545,0.1404,1.3267,62.5866,0.0799,0.1758,0.0961,0.0699,0.2296,0.3579,0.1056,0.2072,0.1873,0.119,0.1578,1.3747,0.6733,0.2185,0.5768,2.7259,52.2577,0.068,0.1564
"Raleigh, NC",Turf Field Lab,19ZOY,Zoys,2024-08-03,P024,5,0.0521,0.0833,0.0603,0.1348,0.1965,0.2064,0.251,0.0543,0.16,1.381,48.3001,0.1181,0.1035,0.0878,0.0649,0.2506,0.4018,0.1669,0.1418,0.1439,0.2049,0.1502,1.3535,0.722,0.2318,0.6413,3.5761,70.8713,0.123,0.1489
"Raleigh, NC",Turf Field Lab,19ZOY,Zoys,2024-08-03,P025,6,0.063,0.0987,0.0724,0.1667,0.1427,0.1577,0.2427,0.062,0.1534,1.3625,82.1671,0.1015,0.1128,0.1063,0.0777,0.1998,0.3334,0.1798,0.2848,0.1074,0.0678,0.1552,1.3674,0.6219,0.2507,0.5166,2.1373,80.1774,0.0942,0.1485
"Raleigh, NC",Turf Field Lab,19ZOY,Zoys,2024-08-03,P026,4,0.0627,0.0994,0.0751,0.1359,0.1574,0.1592,0.2166,0.0608,0.1387,1.3221,63.3572,0.0866,0.2363,0.0952,0.0708,0.2263,0.3603,0.1968,0.144,0.1359,0.2384,0.1465,1.3432,0.6714,0.2285,0.5822,2.7867,71.2503,0.0509,0.1416
"Raleigh, NC",Turf Field Lab,19ZOY,Zoys,2024-08-03,P027,4,0.0571,0.0886,0.0681,0.1441,0.2216,0.1135,0.2055,0.052,0.1307,1.3006,66.8388,0.0867,0.1598,0.0838,0.0612,0.2648,0.4172,0.1331,0.2565,0.1851,0.146,0.156,1.3698,0.7442,0.2235,0.6654,3.9773,67.6188,0.0677,0.1544
"Raleigh, NC",Turf Field Lab,19ZOY,Zoys,2024-08-03,P028,7,0.0576,0.0845,0.0564,0.1384,0.1655,0.1688,0.3383,0.055,0.1999,1.4996,80.0366,0.1459,0.2001,0.0815,0.0539,0.2948,0.4734,0.1061,0.1399,0.2203,0.159,0.2032,1.5101,0.7954,0.2325,0.7064,4.8119,70.3471,0.0993,0.1698
"Raleigh, NC",Turf Field Lab,19ZOY,Zoys,2024-08-03,P029,9,0.0404,0.0703,0.0467,0.2147,0.0514,0.1522,0.3087,0.0535,0.202,1.5064,70.1093,0.116,0.133,0.0753,0.0521,0.3026,0.4926,0.177,0.1375,0.186,0.1037,0.1817,1.444,0.8086,0.2389,0.7349,5.5444,80.3754,0.1374,0.1576
"Raleigh, NC",Turf Field Lab,19ZOY,Zoys,2024-08-03,P030,3,0.0663,0.0955,0.0695,0.1149,0.1899,0.2359,0.2639,0.0551,0.1578,1.3746,56.2733,0.086,0.0807,0.0843,0.0612,0.2643,0.4108,0.1667,0.1487,0.2476,0.1945,0.1584,1.3763,0.7406,0.2171,0.6596,3.8754,44.3554,0.0656,0.1777
"Raleigh, NC",Turf Field Lab,19ZOY,Zoys,2024-08-03,P031,7,0.0503,0.0889,0.0629,0.1503,0.156,0.0282,0.2557,0.0645,0.171,1.4124,67.4305,0.1111,0.1253,0.0923,0.0656,0.2481,0.4046,0.1853,0.1371,0.1255,0.1805,0.1691,1.407,0.7209,0.2397,0.6284,3.3825,96.2667,0.1719,0.1146
"Raleigh, NC",Turf Field Lab,19ZOY,Zoys,2024-08-03,P032,7,0.0361,0.0718,0.0454,0.1376,0.1307,0.1708,0.3244,0.062,0.2246,1.5793,81.3904,0.0741,0.1805,0.0851,0.059,0.2746,0.4445,0.1533,0.2233,0.2115,0.12,0.181,1.4419,0.7656,0.2363,0.6787,4.2251,76.5957,0.0748,0.0815
"Raleigh, NC",Turf Field Lab,19ZOY,Zoys,2024-08-03,P033,8,0.0647,0.1127,0.0768,0.1168,0.1482,0.1415,0.2869,0.0838,0.189,1.4662,74.6738,0.176,0.1579,0.0694,0.0476,0.3203,0.5129,0.1911,0.1317,0.2487,0.1692,0.1861,1.4574,0.8302,0.2311,0.7618,6.3956,70.2447,0.1321,0.1717
"Raleigh, NC",Turf Field Lab,19ZOY,Zoys,2024-08-03,P034,7,0.046,0.0725,0.0531,0.2267,0.1679,0.2248,0.2439,0.046,0.1546,1.3658,71.6866,0.1685,0.088,0.0988,0.071,0.2266,0.374,0.0643,0.2466,0.1792,0.1677,0.1635,1.391,0.6808,0.2454,0.5821,2.7854,61.911,0.1178,0.1729
"Raleigh, NC",Turf Field Lab,19ZOY,Zoys,2024-08-03,P035,3,0.0586,0.1019,0.0726,0.1458,0.2443,0.1655,0.2526,0.0726,0.1678,1.4033,51.7707,0.0902,0.2041,0.0944,0.0696,0.2307,0.362,0.2521,0.1814,0.2528,0.0605,0.1511,1.3561,0.6774,0.2215,0.5862,2.8336,64.5225,0.1046,0.2192
"Raleigh, NC",Turf Field Lab,19ZOY,Zoys,2024-08-03,P036,9,0.0551,0.0802,0.0587,0.1527,0.1198,0.1443,0.2568,0.0465,0.1548,1.3664,67.4618,0.1884,0.1245,0.0917,0.0634,0.2576,0.428,0.1446,0.1284,0.1569,0.1294,0.1824,1.4462,0.7419,0.2484,0.647,3.6658,81.5522,0.1183,0.1483
"Raleigh, NC",Turf Field Lab,19ZOY,Zoys,2024-08-03,P037,4,0.0634,0.1012,0.075,0.2238,0.1758,0.2201,0.2329,0.064,0.149,1.3502,57.8859,0.1185,0.1185,0.0825,0.0627,0.2587,0.4083,0.1721,0.1053,0.1398,0.1561,0.1361,1.315,0.7336,0.2243,0.6638,3.9493,59.9978,0.0678,0.1645
"Raleigh, NC",Turf Field Lab,19ZOY,Zoys,2024-08-03,P038,5,0.0586,0.0954,0.0705,0.1493,0.2187,0.1805,0.232,0.0617,0.1501,1.3531,83.0316,0.1386,0.1453,0.0732,0.0514,0.3044,0.4784,0.1691,0.1926,0.2105,0.1727,0.1752,1.4248,0.8061,0.2223,0.7347,5.5383,75.1949,0.0963,0.1135
"Raleigh, NC",Turf Field Lab,19ZOY,Zoys,2024-08-03,P039,7,0.0619,0.1065,0.0739,0.1916,0.162,0.1301,0.2748,0.0771,0.1805,1.4404,56.2224,0.0854,0.0975,0.1001,0.072,0.2225,0.3672,0.069,0.1559,0.1246,0.1149,0.1628,1.3889,0.672,0.2454,0.5718,2.6705,58.9799,0.0822,0.1059
"Raleigh, NC",Turf Field Lab,19ZOY,Zoys,2024-08-03,P040,5,0.0378,0.0698,0.0475,0.0774,0.1146,0.1967,0.2796,0.0542,0.1895,1.4675,76.452,0.1112,0.098,0.0807,0.0562,0.285,0.4477,0.1308,0.21,0.1893,0.2785,0.1793,1.437,0.7771,0.2221,0.6945,4.5477,49.9629,0.0991,0.1481
"Raleigh, NC",Turf Field Lab,19ZOY,Zoys,2024-08-03,P041,3,0.0736,0.0991,0.0802,0.2634,0.1755,0.1363,0.1791,0.0445,0.1056,1.2361,49.8313,0.0426,0.2177,0.0981,0.0727,0.2184,0.3444,0.1016,0.2636,0.2099,0.2032,0.1487,1.3492,0.6512,0.224,0.5565,2.5092,76.3318,0.0673,0.1468
"Raleigh, NC",Turf Field Lab,19ZOY,Zoys,2024-08-03,P042,5,0.0635,0.096,0.0699,0.2168,0.1893,0.2178,0.2551,0.0586,0.1574,1.3737,60.5321,0.0915,0.1506,0.1066,0.0825,0.1803,0.2973,0.1834,0.2216,0.1649,0.2188,0.1278,1.2929,0.5658,0.2452,0.4722,1.789,65.1161,0.1018,0.1026
"Raleigh, NC",Turf Field Lab,19ZOY,Zoys,2024-08-03,P043,3,0.0617,0.0923,0.0683,0.2205,0.1424,0.0927,0.2436,0.0547,0.1499,1.3527,72.2994,0.1431,0.1828,0.0901,0.068,0.2372,0.3721,0.2217,0.1475,0.2889,0.1797,0.1393,1.3237,0.6909,0.2215,0.6103,3.1321,65.9689,0.0923,0.1139
"Raleigh, NC",Turf Field Lab,19ZOY,Zoys,2024-08-03,P044,6,0.0389,0.0664,0.0473,0.1913,0.1804,0.1451,0.2556,0.0466,0.1681,1.4041,61.2076,0.1552,0.1739,0.0901,0.0664,0.2447,0.3965,0.1992,0.1616,0.1405,0.0617,0.1514,1.3567,0.7131,0.2367,0.6297,3.4012,67.6304,0.162,0.2067
"Raleigh, NC",Turf Field Lab,19ZOY,Zoys,2024-08-03,P045,4,0.0421,0.0855,0.0583,0.2334,0.1434,0.1413,0.2673,0.0706,0.1891,1.4663,58.5634,0.1134,0.161,0.0791,0.0546,0.2909,0.4539,0.1357,0.1919,0.2381,0.1925,0.1831,1.4484,0.7852,0.2188,0.7031,4.737,67.9508,0.1958,0.1818
"Raleigh, NC",Turf Field Lab,19ZOY,Zoys,2024-08-03,P046,2,0.0746,0.108,0.0855,0.1884,0.2013,0.1055,0.1895,0.0559,0.1164,1.2635,54.9542,0.1318,0.1359,0.1056,0.0809,0.1856,0.2922,0.2411,0.1696,0.2194,0.2423,0.1327,1.306,0.5665,0.2231,0.469,1.7668,66.6312,0.07,0.128
"Raleigh, NC",Turf Field Lab,19ZOY,Zoys,2024-08-03,P047,6,0.0605,0.0926,0.0687,0.1601,0.1642,0.1588,0.2366,0.0559,0.1479,1.3471,80.348,0.102,0.1803,0.1024,0.0744,0.2128,0.3502,0.0674,0.183,0.1288,0.0874,0.1582,1.3758,0.6495,0.2441,0.5476,2.421,61.118,0.0893,0.1769
"Raleigh, NC",Turf Field Lab,19ZOY,Zoys,2024-08-03,P048,6,0.066,0.1052,0.0757,0.181,0.2024,0.1879,0.2568,0.0687,0.1631,1.3897,58.3039,0.0859,0.1502,0.0852,0.0619,0.2627,0.4211,0.1745,0.1983,0.2417,0.1068,0.1587,1.3771,0.7438,0.2317,0.6634,3.9424,60.3168,0.1311,0.1552
"Raleigh, NC",Turf Field Lab,19ZOY,Zoys,2024-08-03,P049,8,0.0561,0.0939,0.0618,0.2516,0.1153,0.2256,0.3229,0.07,0.2065,1.5206,61.7368,0.1706,0.164,0.067,0.0471,0.3226,0.5177,0.2017,0.1049,0.1804,0.1759,0.1747,1.4233,0.8334,0.2322,0.7709,6.7301,69.8298,0.1284,0.1327
"Raleigh, NC",Turf Field Lab,19ZOY,Zoys,2024-08-03,P050,7,0.0537,0.08,0.0585,0.1446,0.1164,0.0881,0.2533,0.0478,0.1551,1.3671,68.1846,0.151,0.02,0.0923,0.0684,0.2374,0.3923,0.1438,0.199,0.1172,0.1599,0.1491,1.3504,0.7032,0.2461,0.619,3.2493,75.9728,0.144,0.1659
"Raleigh, NC",Turf Field Lab,19ZOY,Zoys,2024-08-03,P051,3,0.0661,0.0928,0.0716,0.1452,0.2019,0.2039,0.2152,0.0478,0.1287,1.2953,72.994,0.028,0.1981,0.086,0.0641,0.2526,0.3909,0.1923,0.1673,0.2263,0.236,0.1461,1.3422,0.7183,0.2151,0.6392,3.5437,79.8832,0.0748,0.1589
"Raleigh, NC",Turf Field Lab,19ZOY,Zoys,2024-08-03,P052,3,0.0719,0.1055,0.084,0.164,0.1679,0.1113,0.1825,0.0551,0.1133,1.2555,56.9456,0.0957,0.2336,0.1001,0.07,0.2295,0.3611,0.1353,0.1142,0.1362,0.2264,0.1771,1.4304,0.6755,0.2228,0.5661,2.6092,46.4442,0.1292,0.0891
"Raleigh, NC",Turf Field Lab,19ZOY,Zoys,2024-08-03,P053,3,0.0759,0.1153,0.0896,0.1447,0.1604,0.1856,0.1995,0.0652,0.1256,1.2873,70.1599,0.0643,0.2226,0.0744,0.055,0.2891,0.4464,0.1849,0.1696,0.1196,0.2147,0.1502,1.3534,0.7806,0.2139,0.7142,4.9973,50.7015,0.1834,0.1902
"Raleigh, NC",Turf Field Lab,19ZOY,Zoys,2024-08-03,P054,4,0.0447,0.0799,0.0581,0.1688,0.2355,0.2399,0.2328,0.0569,0.1574,1.3737,64.9255,0.1102,0.1406,0.1101,0.0825,0.1797,0.2916,0.2883,0.2164,0.1724,0.2482,0.1431,1.334,0.5589,0.2375,0.4519,1.6491,60.6887,0.0786,0.1882
"Raleigh, NC",Turf Field Lab,19ZOY,Zoys,2024-08-03,P055,5,0.0606,0.0977,0.066,0.1998,0.1507,0.1641,0.3071,0.0688,0.1934,1.4797,68.427,0.0641,0.1244,0.0928,0.069,0.2338,0.3741,0.1876,0.1349,0.1088,0.1566,0.1469,1.3444,0.6885,0.2307,0.6026,3.0322,74.1131,0.0656,0.1385
"Raleigh, NC",Turf Field Lab,19ZOY,Zoys,2024-08-03,P056,6,0.0667,0.1017,0.0723,0.1588,0.1512,0.1837,0.2748,0.0645,0.1694,1.4079,80.673,0.068,0.1196,0.0922,0.0627,0.2593,0.4179,0.127,0.164,0.1898,0.1559,0.19,1.4691,0.7389,0.2342,0.6386,3.5335,77.9976,0.1373,0.2007
"Raleigh, NC",Turf Field Lab,19ZOY,Zoys,2024-08-03,P057,8,0.054,0.0892,0.064,0.2288,0.106,0.1515,0.2543,0.0604,0.1646,1.394,75.4963,0.1436,0.1854,0.0891,0.0661,0.2468,0.4076,0.1793,0.13,0.2004,0.1494,0.1484,1.3486,0.7211,0.2458,0.6413,3.5751,57.8884,0.0798,0.1061
"Raleigh, NC",Turf Field Lab,19ZOY,Zoys,2024-08-03,P058,8,0.0408,0.0801,0.0553,0.2262,0.0929,0.1476,0.2619,0.0641,0.183,1.4479,78.5111,0.1387,0.128,0.101,0.073,0.2195,0.372,0.1855,0.2218,0.1376,0.1866,0.1612,1.3845,0.672,0.2578,0.5728,2.6813,81.5048,0.1512,0.1033
"Raleigh, NC",Turf Field Lab,19ZOY,Zoys,2024-08-03,P059,5,0.0493,0.0901,0.0594,0.1329,0.1592,0.2497,0.3061,0.0715,0.2052,1.5163,49.0634,0.1197,0.1837,0.0863,0.0632,0.2569,0.407,0.2432,0.2303,0.2128,0.1671,0.1542,1.3646,0.7311,0.2261,0.6502,3.7179,75.0002,0.1127,0.203
"Raleigh, NC",Turf Field Lab,19ZOY,Zoys,2024-08-03,P060,4,0.0529,0.0932,0.0648,0.1276,0.1729,0.1291,0.27,0.0688,0.1797,1.4382,75.3862,0.1059,0.1108,0.0872,0.0604,0.2678,0.4206,0.1267,0.1244,0.1445,0.1429,0.1812,1.4425,0.7488,0.2219,0.6567,3.8257,64.1324,0.0774,0.1293
"Raleigh, NC",Turf Field Lab,19ZOY,Zoys,2024-08-03,P061,8,0.064,0.1064,0.0716,0.1642,0.1941,0.2743,0.3051,0.0772,0.1954,1.4856,99.536,0.1072,0.1837,0.0925,0.0659,0.2476,0.4094,0.1675,0.1064,0.1283,0.1092,0.1681,1.404,0.7228,0.2463,0.6315,3.4268,51.8387,0.1343,0.2245
"Raleigh, NC",Turf Field Lab,19ZOY,Zoys,2024-08-03,P062,6,0.0463,0.0833,0.0546,0.1531,0.1376,0.0618,0.3137,0.0657,0.2084,1.5265,64.3878,0.0794,0.1875,0.0953,0.0728,0.2192,0.358,0.2239,0.1149,0.1738,0.1352,0.1341,1.3098,0.6621,0.2405,0.5795,2.7561,56.5323,0.0915,0.1495
"Raleigh, NC",Turf Field Lab,19ZOY,Zoys,2024-08-03,P063,4,0.0603,0.0966,0.0722,0.2174,0.2051,0.1751,0.2253,0.0608,0.1448,1.3388,52.6754,0.0305,0.1571,0.0787,0.0571,0.2809,0.4354,0.3157,0.2654,0.2183,0.2676,0.1597,1.38,0.7683,0.2157,0.6937,4.5295,45.131,0.0286,0.1995
"Raleigh, NC",Turf Field Lab,19ZOY,Zoys,2024-08-03,P064,6,0.0597,0.0957,0.0684,0.1462,0.172,0.0856,0.2611,0.0633,0.1662,1.3985,92.2336,0.1874,0.1947,0.075,0.0541,0.2939,0.4673,0.1812,0.2035,0.104,0.2374,0.162,1.3867,0.7926,0.2279,0.7235,5.2323,67.8789,0.1528,0.0538
"Raleigh, NC",Turf Field Lab,19ZOY,Zoys,2024-08-03,P065,4,0.0659,0.1179,0.0799,0.2124,0.1989,0.1652,0.2876,0.0899,0.1918,1.4746,67.9376,0.1175,0.1215,0.089,0.0655,0.2475,0.3898,0.1705,0.2269,0.1843,0.2414,0.152,1.3584,0.7122,0.2233,0.6283,3.3804,54.0144,0.0499,0.1065
"Raleigh, NC",Turf Field Lab,19ZOY,Zoys,2024-08-03,P066,5,0.0492,0.0856,0.0614,0.2143,0.1751,0.2322,0.247,0.0606,0.1644,1.3934,44.6761,0.1356,0.1399,0.1052,0.0753,0.2086,0.3386,0.2152,0.1961,0.2176,0.1071,0.1655,1.3968,0.6359,0.2374,0.5257,2.217,63.6533,0.1844,0.1317
"Raleigh, NC",Turf Field Lab,19ZOY,Zoys,2024-08-03,P067,5,0.0589,0.0846,0.0633,0.2215,0.1362,0.2009,0.2386,0.0469,0.1436,1.3353,69.971,0.1311,0.1071,0.0737,0.0528,0.2985,0.4695,0.1676,0.1391,0.1255,0.1175,0.1653,1.3961,0.7978,0.2226,0.7285,5.3677,64.3043,0.0744,0.1959
"Raleigh, NC",Turf Field Lab,19ZOY,Zoys,2024-08-03,P068,6,0.0514,0.087,0.0637,0.1843,0.2298,0.1759,0.2343,0.0588,0.1544,1.3651,74.1158,0.0785,0.1387,0.0991,0.0698,0.2313,0.3784,0.1969,0.2557,0.2191,0.1679,0.1736,1.4203,0.6885,0.2413,0.5848,2.8165,89.8656,0.1421,0.0988
"Raleigh, NC",Turf Field Lab,19ZOY,Zoys,2024-08-03,P069,6,0.0563,0.1061,0.07,0.1709,0.1525,0.1042,0.3016,0.0859,0.2051,1.516,64.8121,0.1616,0.1311,0.0771,0.0526,0.2996,0.4736,0.1341,0.0605,0.2534,0.1237,0.1886,1.4649,0.8001,0.2251,0.7201,5.1464,70.9748,0.1197,0.2004
"Raleigh, NC",Turf Field Lab,19ZOY,Zoys,2024-08-03,P070,4,0.0504,0.0842,0.0672,0.0909,0.1633,0.183,0.1674,0.0507,0.1117,1.2515,57.4641,0.078,0.2159,0.0884,0.0627,0.2589,0.4075,0.1807,0.1129,0.3447,0.207,0.1705,1.4112,0.7334,0.2231,0.6433,3.6076,77.6164,0.0553,0.2285
"Raleigh, NC",Turf Field Lab,19ZOY,Zoys,2024-08-03,P071,4,0.0526,0.0941,0.0691,0.128,0.1976,0.1628,0.2263,0.0665,0.1533,1.3622,69.1822,0.1711,0.1976,0.101,0.0727,0.2192,0.3522,0.1991,0.2147,0.1396,0.1435,0.1634,1.3907,0.658,0.2326,0.5541,2.4856,80.9116,0.0937,0.163
"Raleigh, NC",Turf Field Lab,19ZOY,Zoys,2024-08-03,P072,7,0.0527,0.083,0.059,0.2346,0.1414,0.1056,0.2691,0.0543,0.1692,1.4073,87.1134,0.1208,0.1743,0.0817,0.058,0.2783,0.4469,0.1222,0.1793,0.1567,0.1627,0.1693,1.4076,0.7702,0.2325,0.6909,4.4714,77.8328,0.14,0.1116
"Raleigh, NC",Turf Field Lab,19ZOY,Zoys,2024-08-03,P073,6,0.061,0.1009,0.0722,0.1446,0.1088,0.2224,0.256,0.0686,0.1658,1.3975,77.6281,0.1091,0.1714,0.0762,0.0503,0.309,0.489,0.1144,0.1559,0.1271,0.1692,0.2048,1.5151,0.8135,0.2256,0.7304,5.4179,62.9492,0.0696,0.1466
"Raleigh, NC",Turf Field Lab,19ZOY,Zoys,2024-08-03,P074,5,0.0598,0.0919,0.0676,0.1927,0.2235,0.163,0.2435,0.0565,0.1523,1.3594,80.7944,0.1487,0.1477,0.1034,0.0738,0.2149,0.3486,0.1709,0.1477,0.2126,0.1059,0.167,1.4011,0.6506,0.2373,0.5425,2.3718,69.5569,0.133,0.1235
"Raleigh, NC",Turf Field Lab,19ZOY,Zoys,2024-08-03,P075,3,0.055,0.0968,0.0729,0.2491,0.2506,0.1127,0.2084,0.0656,0.1408,1.3278,72.6391,0.0835,0.1626,0.0786,0.0571,0.2806,0.4347,0.2683,0.195,0.1752,0.2272,0.1583,1.3762,0.7676,0.2154,0.6936,4.5275,60.2642,0.0738,0.2093
"Raleigh, NC",Turf Field Lab,19ZOY,Zoys,2024-08-03,P076,5,0.0564,0.0935,0.0668,0.2016,0.2197,0.1692,0.2572,0.0638,0.1666,1.3999,91.1486,0.1313,0.189,0.0931,0.069,0.2339,0.3775,0.1884,0.207,0.2203,0.1621,0.1486,1.3491,0.6907,0.2348,0.6042,3.0525,76.1752,0.0278,0.1417
"Raleigh, NC",Turf Field Lab,19ZOY,Zoys,2024-08-03,P077,5,0.0608,0.0973,0.0713,0.0955,0.0809,0.1337,0.2408,0.0624,0.1539,1.3638,70.4566,0.1066,0.1616,0.0948,0.0681,0.2378,0.3833,0.0858,0.1271,0.141,0.1703,0.1641,1.3926,0.6984,0.2342,0.6034,3.0433,66.798,0.1755,0.1344
"Raleigh, NC",Turf Field Lab,19ZOY,Zoys,2024-08-03,P078,5,0.0488,0.0877,0.059,0.1189,0.1461,0.1187,0.2928,0.0677,0.1955,1.4861,54.3236,0.0781,0.1218,0.0939,0.0681,0.2377,0.3829,0.1736,0.1388,0.1577,0.2042,0.1596,1.3798,0.698,0.2339,0.606,3.0758,72.3511,0.1401,0.1256
"Raleigh, NC",Turf Field Lab,19ZOY,Zoys,2024-08-03,P079,6,0.0537,0.0817,0.0639,0.2202,0.1911,0.1747,0.1934,0.0458,0.1221,1.2781,57.8016,0.0741,0.147,0.0923,0.0668,0.2429,0.3923,0.1658,0.1155,0.193,0.1361,0.16,1.381,0.7088,0.2352,0.619,3.2496,73.8678,0.0612,0.1905
"Raleigh, NC",Turf Field Lab,19ZOY,Zoys,2024-08-03,P080,6,0.0432,0.0702,0.0552,0.1145,0.1444,0.3273,0.1835,0.0421,0.1202,1.2734,68.025,0.125,0.068,0.0944,0.0673,0.2414,0.3922,0.191,0.2015,0.2507,0.1305,0.1681,1.4041,0.7072,0.2381,0.6119,3.1528,62.5645,0.0888,0.1856
"Raleigh, NC",Turf Field Lab,19ZOY,Zoys,2024-08-03,P081,2,0.0585,0.1007,0.0752,0.144,0.2519,0.2746,0.218,0.0678,0.1455,1.3405,58.9661,0.0077,0.1576,0.0995,0.078,0.197,0.3072,0.158,0.1745,0.2088,0.2267,0.1214,1.2763,0.5951,0.2185,0.5107,2.0871,38.1362,0.0829,0.1565
"Raleigh, NC",Turf Field Lab,19ZOY,Zoys,2024-08-03,P082,6,0.0475,0.0746,0.0569,0.1562,0.1703,0.2206,0.2098,0.0447,0.1341,1.3097,78.088,0.1582,0.1604,0.0902,0.0647,0.2513,0.4054,0.2067,0.0646,0.1885,0.2507,0.1643,1.3932,0.7246,0.2346,0.636,3.4949,80.6054,0.1122,0.0922
"Raleigh, NC",Turf Field Lab,19ZOY,Zoys,2024-08-03,P083,6,0.064,0.0984,0.0743,0.2223,0.1317,0.183,0.2214,0.0585,0.1394,1.3239,71.3054,0.1562,0.2109,0.086,0.0639,0.2547,0.4098,0.1238,0.1556,0.1866,0.1492,0.1479,1.3471,0.7303,0.2333,0.6529,3.7625,75.9067,0.1593,0.1483
"Raleigh, NC",Turf Field Lab,19ZOY,Zoys,2024-08-03,P084,4,0.0694,0.1066,0.0786,0.1478,0.1705,0.184,0.2416,0.0651,0.151,1.3558,61.6533,0.1241,0.1589,0.0949,0.0683,0.2363,0.373,0.1902,0.1953,0.1728,0.1869,0.1629,1.3892,0.6904,0.2244,0.5944,2.9306,54.606,0.166,0.2459
"Raleigh, NC",Turf Field Lab,19ZOY,Zoys,2024-08-03,P085,6,0.06,0.0986,0.0673,0.0986,0.1344,0.1306,0.2952,0.0699,0.1885,1.4644,77.6673,0.1455,0.0444,0.1026,0.074,0.2142,0.3515,0.1966,0.1576,0.2229,0.0997,0.1618,1.3862,0.652,0.2426,0.548,2.4243,75.4135,0.0795,0.1505
"Raleigh, NC",Turf Field Lab,19ZOY,Zoys,2024-08-03,P086,5,0.0506,0.0846,0.0614,0.2299,0.1216,0.2059,0.243,0.0572,0.1588,1.3774,58.1705,0.1252,0.1644,0.0873,0.06,0.2697,0.4273,0.1552,0.1331,0.1257,0.2505,0.1852,1.4547,0.7536,0.2262,0.6606,3.8921,70.4815,0.1887,0.1634
"Raleigh, NC",Turf Field Lab,19ZOY,Zoys,2024-08-03,P087,7,0.0536,0.0917,0.0624,0.2127,0.1734,0.1072,0.2921,0.0674,0.1904,1.4705,73.4003,0.1452,0.1584,0.0658,0.0459,0.3268,0.5179,0.1787,0.1261,0.0746,0.0878,0.1784,1.4342,0.8372,0.2263,0.7745,6.8698,49.0731,0.1181,0.1643
"Raleigh, NC",Turf Field Lab,19ZOY,Zoys,2024-08-03,P088,5,0.047,0.0766,0.0565,0.1622,0.1939,0.0888,0.2325,0.0496,0.1505,1.3542,69.6543,0.067,0.1494,0.0966,0.0713,0.2246,0.3604,0.1813,0.1825,0.1972,0.1833,0.1507,1.3549,0.6696,0.2323,0.5771,2.7297,57.3207,0.1544,0.1414
"Raleigh, NC",Turf Field Lab,19ZOY,Zoys,2024-08-03,P089,6,0.0595,0.0888,0.0623,0.1589,0.0793,0.1575,0.2896,0.0558,0.1755,1.4256,61.389,0.1446,0.1808,0.0876,0.0616,0.2641,0.4249,0.2075,0.236,0.2376,0.0761,0.1747,1.4233,0.7469,0.2334,0.6581,3.8493,56.093,0.0806,0.0692
"Raleigh, NC",Turf Field Lab,19ZOY,Zoys,2024-08-03,P090,6,0.0438,0.0739,0.051,0.1878,0.1157,0.182,0.2833,0.0531,0.1839,1.4506,72.2311,0.1236,0.1265,0.07,0.0462,0.3251,0.5114,0.1351,0.1255,0.205,0.3651,0.2046,1.5144,0.8343,0.2227,0.7593,6.3075,66.3961,0.0971,0.1571
"Raleigh, NC",Turf Field Lab,19ZOY,Zoys,2024-08-03,P091,5,0.0623,0.0985,0.0746,0.118,0.1504,0.1764,0.2157,0.06,0.138,1.3202,70.3902,0.0673,0.231,0.0965,0.0738,0.215,0.3485,0.1576,0.1666,0.1573,0.215,0.1337,1.3087,0.6506,0.237,0.5661,2.6093,67.1817,0.1263,0.126
"Raleigh, NC",Turf Field Lab,19ZOY,Zoys,2024-08-03,P092,5,0.0651,0.104,0.0745,0.2374,0.1562,0.1902,0.2604,0.0684,0.1654,1.3963,92.1787,0.0865,0.1001,0.0813,0.0589,0.2744,0.4343,0.1746,0.2064,0.2021,0.1492,0.1597,1.3802,0.7613,0.2257,0.6848,4.345,79.9484,0.099,0.1352
"Raleigh, NC",Turf Field Lab,19ZOY,Zoys,2024-08-03,P093,9,0.0546,0.0974,0.0641,0.0835,0.1162,0.2039,0.3113,0.0762,0.2061,1.5193,95.3311,0.1065,0.1334,0.0836,0.0564,0.286,0.4733,0.1737,0.1971,0.1471,0.1761,0.1946,1.4832,0.7871,0.2466,0.6997,4.66,67.694,0.1303,0.1062
"Raleigh, NC",Turf Field Lab,19ZOY,Zoys,2024-08-03,P094,5,0.0545,0.0885,0.0624,0.1811,0.1751,0.1483,0.2706,0.06,0.1728,1.4177,57.6384,0.1097,0.1576,0.0922,0.0672,0.2415,0.3882,0.183,0.1166,0.1778,0.1595,0.1573,1.3734,0.7051,0.2331,0.6161,3.2098,64.5988,0.0999,0.0583
"Raleigh, NC",Turf Field Lab,19ZOY,Zoys,2024-08-03,P095,7,0.0495,0.0803,0.0547,0.1673,0.1284,0.1403,0.2992,0.0564,0.1896,1.4679,73.6651,0.1046,0.1682,0.1011,0.0707,0.2278,0.3746,0.1271,0.1573,0.1569,0.1447,0.1769,1.4299,0.6824,0.2438,0.5749,2.7053,72.4946,0.1217,0.0724
"Raleigh, NC",Turf Field Lab,19ZOY,Zoys,2024-08-03,P096,6,0.0507,0.0712,0.0562,0.1069,0.1081,0.1371,0.1956,0.0356,0.1178,1.2672,57.2141,0.1255,0.1964,0.1007,0.0728,0.2189,0.357,0.1856,0.2405,0.2534,0.1022,0.1606,1.3826,0.661,0.2398,0.5599,2.5443,59.587,0.005,0.1895
"Raleigh, NC",Turf Field Lab,19ZOY,Zoys,2024-08-03,P097,6,0.0688,0.1034,0.0692,0.1739,0.1915,0.1907,0.329,0.0687,0.1978,1.493,68.6436,0.086,0.1576,0.0688,0.0481,0.3176,0.4999,0.1511,0.0398,0.1835,0.11,0.1773,1.4309,0.8245,0.223,0.7581,6.2662,84.5512,0.1679,0.1581
"Raleigh, NC",Turf Field Lab,19ZOY,Zoys,2024-08-03,P098,5,0.059,0.0935,0.0623,0.1664,0.1785,0.217,0.3227,0.0658,0.2006,1.5018,64.3495,0.1395,0.1224,0.0946,0.069,0.2337,0.3749,0.2281,0.1546,0.1051,0.1869,0.1563,1.3705,0.6889,0.2319,0.5969,2.9617,64.4092,0.0632,0.1036
"Raleigh, NC",Turf Field Lab,19ZOY,Zoys,2024-08-03,P099,6,0.0397,0.0731,0.053,0.1044,0.1053,0.1676,0.2326,0.0536,0.1595,1.3795,83.1843,0.1344,0.2373,0.0833,0.0578,0.2789,0.4433,0.1826,0.1807,0.2561,0.21,0.1805,1.4405,0.7693,0.2277,0.6838,4.3245,69.9067,0.0838,0.1416
"Raleigh, NC",Turf Field Lab,19ZOY,Zoys,2024-08-03,P100,5,0.047,0.0728,0.0531,0.1107,0.1665,0.2254,0.2504,0.0456,0.157,1.3724,62.0215,0.0632,0.1715,0.1,0.0733,0.2166,0.3492,0.0891,0.115,0.1811,0.1347,0.1539,1.3639,0.6528,0.2344,0.5546,2.4907,72.6458,0.1031,0.0977
"Raleigh, NC",Turf Field Lab,19ZOY,Zoys,2024-08-03,P101,8,0.045,0.0698,0.0507,0.1599,0.128,0.1098,0.2532,0.0439,0.1586,1.377,66.3005,0.1678,0.1431,0.0791,0.0558,0.2874,0.4649,0.2708,0.1303,0.14,0.1431,0.1725,1.4168,0.7856,0.2359,0.7092,4.8782,69.6894,0.1152,0.2064
"Raleigh, NC",Turf Field Lab,19ZOY,Zoys,2024-08-03,P102,5,0.0514,0.0808,0.0638,0.1333,0.1868,0.2754,0.1821,0.0464,0.1174,1.266,78.4197,0.1136,0.0739,0.1012,0.0721,0.2218,0.3593,0.1304,0.2777,0.1681,0.2408,0.1682,1.4043,0.6658,0.2366,0.5604,2.55,81.64,0.1074,0.1979
"Raleigh, NC",Turf Field Lab,19ZOY,Zoys,2024-08-03,P103,6,0.0529,0.084,0.0597,0.2009,0.1641,0.1431,0.2672,0.0553,0.1688,1.4062,52.5627,0.0889,0.1514,0.0841,0.0594,0.2726,0.4338,0.2178,0.1253,0.1043,0.2379,0.1724,1.4166,0.7593,0.2282,0.6753,4.1598,77.3924,0.115,0.1331
"Raleigh, NC",Turf Field Lab,19ZOY,Zoys,2024-08-03,P104,4,0.033,0.069,0.0455,0.2642,0.2804,0.2345,0.289,0.0595,0.2056,1.5177,67.6517,0.0877,0.1182,0.0943,0.0714,0.2242,0.3592,0.2211,0.1701,0.1813,0.2848,0.138,1.3201,0.6684,0.2315,0.5843,2.811,46.3021,0.0431,0.1751
"Raleigh, NC",Turf Field Lab,19ZOY,Zoys,2024-08-03,P105,7,0.0559,0.1049,0.0724,0.0931,0.1514,0.1827,0.2673,0.0813,0.1829,1.4478,90.7125,0.1493,0.1409,0.0802,0.0561,0.286,0.46,0.0855,0.2028,0.1472,0.2641,0.1767,1.4293,0.7825,0.2332,0.703,4.7351,58.785,0.1124,0.147
"Raleigh, NC",Turf Field Lab,19ZOY,Zoys,2024-08-03,P106,5,0.0665,0.1109,0.0773,0.1768,0.1809,0.1435,0.2763,0.078,0.1786,1.435,69.9986,0.127,0.094,0.0958,0.0713,0.225,0.3635,0.1405,0.1745,0.1976,0.1809,0.1468,1.3441,0.6722,0.2354,0.5829,2.7947,59.2153,0.1108,0.1657
"Raleigh, NC",Turf Field Lab,19ZOY,Zoys,2024-08-03,P107,6,0.0501,0.0878,0.0605,0.1736,0.1582,0.1843,0.2772,0.0649,0.1835,1.4495,72.3123,0.1069,0.0816,0.0944,0.0653,0.2492,0.4049,0.1104,0.1191,0.123,0.1445,0.1822,1.4456,0.7222,0.238,0.6218,3.288,60.5836,0.0793,0.1708
"Raleigh, NC",Turf Field Lab,19ZOY,Zoys,2024-08-03,P108,6,0.0615,0.0982,0.0709,0.2172,0.215,0.1574,0.2538,0.064,0.1615,1.3852,59.8517,0.1201,0.2287,0.0868,0.0615,0.2639,0.4217,0.1892,0.2117,0.1786,0.1957,0.1704,1.4108,0.7453,0.2301,0.6586,3.858,74.1026,0.1787,0.1325
"Raleigh, NC",Turf Field Lab,19ZOY,Zoys,2024-08-03,P109,6,0.0642,0.0978,0.0686,0.2126,0.1944,0.1045,0.2861,0.0628,0.1757,1.4263,68.1818,0.0688,0.1782,0.0897,0.0632,0.2575,0.4153,0.1891,0.1939,0.092,0.122,0.1732,1.4189,0.7358,0.2345,0.6448,3.6314,76.7821,0.0338,0.2251
"Raleigh, NC",Turf Field Lab,19ZOY,Zoys,2024-08-03,P110,4,0.033,0.0684,0.0437,0.2182,0.1327,0.1645,0.3122,0.0601,0.2203,1.5652,52.6569,0.1284,0.1272,0.0998,0.0707,0.2269,0.3602,0.2371,0.2471,0.1584,0.1697,0.1708,1.4121,0.672,0.227,0.5661,2.6095,51.0965,0.1246,0.1901
"Raleigh, NC",Turf Field Lab,19ZOY,Zoys,2024-08-03,P111,4,0.0576,0.0912,0.0679,0.1783,0.2418,0.2395,0.2297,0.0569,0.1465,1.3433,66.6402,0.0894,0.1533,0.0893,0.0652,0.2488,0.3932,0.1731,0.1954,0.2162,0.1911,0.1561,1.37,0.7156,0.2249,0.6298,3.4025,58.2559,0.123,0.2065
"Raleigh, NC",Turf Field Lab,19ZOY,Zoys,2024-08-03,P112,6,0.0506,0.0802,0.0605,0.2611,0.1941,0.2459,0.2178,0.0492,0.1395,1.3244,54.2601,0.0571,0.1424,0.0923,0.0659,0.2466,0.3964,0.203,0.1917,0.1438,0.143,0.1668,1.4003,0.715,0.2329,0.6224,3.2965,68.8697,0.141,0.1971
"Raleigh, NC",Turf Field Lab,19ZOY,Zoys,2024-08-03,P113,7,0.0535,0.0962,0.0657,0.1736,0.1225,0.207,0.281,0.0731,0.1881,1.4635,60.827,0.0946,0.1981,0.0818,0.057,0.2824,0.4526,0.1826,0.1846,0.2081,0.1107,0.179,1.4361,0.7764,0.2315,0.6938,4.5314,76.0443,0.1283,0.1253
"Raleigh, NC",Turf Field Lab,19ZOY,Zoys,2024-08-03,P114,3,0.0555,0.0911,0.065,0.2328,0.2385,0.1501,0.2596,0.0618,0.1674,1.4021,46.8842,0.0292,0.1331,0.0756,0.0575,0.2788,0.4292,0.1641,0.1655,0.2206,0.2349,0.1358,1.3142,0.7636,0.2124,0.7004,4.6764,70.2858,0.0903,0.1085
"Raleigh, NC",Turf Field Lab,19ZOY,Zoys,2024-08-03,P115,4,0.0574,0.0853,0.0653,0.08,0.2697,0.1765,0.2151,0.048,0.1332,1.3072,53.2785,0.1086,0.1706,0.1077,0.0807,0.1869,0.3018,0.155,0.1702,0.1597,0.1827,0.1433,1.3344,0.5781,0.2352,0.4741,1.8028,76.8077,0.1247,0.2206
"Raleigh, NC",Turf Field Lab,19ZOY,Zoys,2024-08-03,P116,3,0.0672,0.1022,0.0787,0.229,0.1997,0.2863,0.2064,0.0585,0.1298,1.2982,84.6407,0.1322,0.1784,0.0883,0.0613,0.264,0.4097,0.1445,0.1739,0.1919,0.1831,0.1809,1.4416,0.7398,0.2163,0.6453,3.6378,57.0554,0.1104,0.2067
"Raleigh, NC",Turf Field Lab,19ZOY,Zoys,2024-08-03,P117,4,0.0552,0.099,0.0708,0.1949,0.2203,0.1919,0.2461,0.072,0.1661,1.3984,70.0336,0.1339,0.2072,0.1164,0.0877,0.1591,0.2651,0.1436,0.1955,0.2376,0.1509,0.1406,1.3272,0.5027,0.2498,0.3897,1.2769,73.5816,0.0899,0.1619
"Raleigh, NC",Turf Field Lab,19ZOY,Zoys,2024-09-30,P001,6,0.0571,0.0993,0.0676,0.1323,0.1403,0.0616,0.2889,0.0739,0.1901,1.4693,69.3155,0.1367,0.1266,0.0817,0.0583,0.2769,0.4408,0.1342,0.1662,0.2744,0.2021,0.1671,1.4012,0.7664,0.2284,0.6873,4.3963,72.3655,0.1614,0.1596
"Raleigh, NC",Turf Field Lab,19ZOY,Zoys,2024-09-30,P002,6,0.0593,0.0992,0.0691,0.1095,0.2282,0.1506,0.2764,0.07,0.179,1.436,71.1708,0.1053,0.1814,0.0715,0.0495,0.3121,0.4934,0.1365,0.1283,0.2225,0.1847,0.1821,1.4452,0.8177,0.225,0.7468,5.8979,64.0899,0.1802,0.1385
"Raleigh, NC",Turf Field Lab,19ZOY,Zoys,2024-09-30,P003,7,0.0478,0.0926,0.061,0.1296,0.153,0.1697,0.298,0.0764,0.2054,1.5168,57.0548,0.1246,0.1746,0.0803,0.0566,0.2842,0.4565,0.1798,0.1953,0.1031,0.1529,0.1735,1.4197,0.7795,0.2327,0.7008,4.6848,90.336,0.0922,0.1615
"Raleigh, NC",Turf Field Lab,19ZOY,Zoys,2024-09-30,P004,4,0.0536,0.0865,0.0649,0.1149,0.1568,0.1678,0.2207,0.0545,0.1426,1.3326,82.0545,0.0837,0.1919,0.0915,0.0686,0.2352,0.3705,0.2773,0.2136,0.2001,0.2755,0.1434,1.3347,0.6877,0.2234,0.6039,3.0496,66.3036,0.1135,0.1714
"Raleigh, NC",Turf Field Lab,19ZOY,Zoys,2024-09-30,P005,2,0.0628,0.0929,0.07,0.2169,0.1931,0.1328,0.229,0.053,0.1407,1.3275,48.7172,0.1005,0.1184,0.0863,0.0588,0.2735,0.4178,0.2505,0.2486,0.1662,0.1962,0.1896,1.4679,0.7534,0.2087,0.6577,3.8433,47.9238,0.0717,0.1905
"Raleigh, NC",Turf Field Lab,19ZOY,Zoys,2024-09-30,P006,6,0.0651,0.1119,0.0795,0.2216,0.0955,0.1754,0.2569,0.0792,0.1695,1.4081,68.3615,0.1412,0.1661,0.083,0.0588,0.2752,0.4416,0.1317,0.2309,0.1448,0.0995,0.171,1.4126,0.7651,0.2322,0.6835,4.3187,77.7715,0.1056,0.2067
"Raleigh, NC",Turf Field Lab,19ZOY,Zoys,2024-09-30,P007,6,0.0417,0.0782,0.0533,0.2566,0.0819,0.2341,0.2779,0.0614,0.1897,1.4682,67.0325,0.1036,0.12,0.0545,0.0367,0.3627,0.5636,0.1732,0.2032,0.1908,0.1382,0.1943,1.4824,0.8776,0.2169,0.8238,9.3509,72.3128,0.1126,0.0798
"Raleigh, NC",Turf Field Lab,19ZOY,Zoys,2024-09-30,P008,6,0.0537,0.0881,0.0655,0.1266,0.1417,0.1875,0.2254,0.0568,0.1465,1.3434,74.6712,0.1016,0.2304,0.0906,0.0649,0.2507,0.4055,0.1846,0.1621,0.1764,0.0902,0.165,1.3953,0.724,0.2359,0.6348,3.4767,70.9419,0.1137,0.1286
"Raleigh, NC",Turf Field Lab,19ZOY,Zoys,2024-09-30,P009,5,0.0654,0.0919,0.069,0.1612,0.1663,0.2755,0.239,0.0493,0.1419,1.3307,75.5252,0.1395,0.2124,0.1059,0.0793,0.1932,0.3182,0.182,0.0925,0.2781,0.1896,0.144,1.3365,0.6012,0.2445,0.5005,2.004,78.265,0.151,0.1428
"Raleigh, NC",Turf Field Lab,19ZOY,Zoys,2024-09-30,P010,5,0.0619,0.1016,0.0702,0.2353,0.1744,0.1573,0.2866,0.0712,0.1833,1.4488,75.7136,0.1088,0.2342,0.0897,0.0638,0.2544,0.4029,0.2007,0.1372,0.1754,0.1667,0.1688,1.4063,0.7265,0.2259,0.6356,3.4891,68.022,0.1403,0.1296
"Raleigh, NC",Turf Field Lab,19ZOY,Zoys,2024-09-30,P011,3,0.0581,0.0973,0.0756,0.1422,0.1621,0.1656,0.1894,0.061,0.1258,1.2879,54.0476,0.1448,0.1287,0.0966,0.0751,0.2088,0.3295,0.1707,0.2006,0.2652,0.1765,0.1252,1.2862,0.6287,0.2243,0.5465,2.4101,76.4306,0.084,0.0894
"Raleigh, NC",Turf Field Lab,19ZOY,Zoys,2024-09-30,P012,6,0.0385,0.064,0.0445,0.0867,0.1568,0.2133,0.2792,0.045,0.1801,1.4393,73.1057,0.1078,0.1748,0.0947,0.0679,0.2385,0.3849,0.1803,0.0714,0.151,0.1647,0.1646,1.3939,0.7,0.235,0.6052,3.0656,86.7543,0.1266,0.254
"Raleigh, NC",Turf Field Lab,19ZOY,Zoys,2024-09-30,P013,5,0.0564,0.0859,0.0631,0.1215,0.2059,0.2352,0.2468,0.0524,0.1533,1.3622,67.5846,0.1457,0.1766,0.0899,0.0657,0.2471,0.3949,0.11,0.1594,0.2056,0.1544,0.1556,1.3685,0.7147,0.2302,0.629,3.3913,95.1057,0.2108,0.0864
"Raleigh, NC",Turf Field Lab,19ZOY,Zoys,2024-09-30,P014,7,0.0464,0.0811,0.0512,0.1799,0.1495,0.2179,0.3471,0.0645,0.2255,1.5823,61.1566,0.1148,0.2026,0.0762,0.0517,0.3035,0.4851,0.2039,0.1101,0.1961,0.2332,0.191,1.4723,0.8072,0.2303,0.7286,5.3681,74.0965,0.1335,0.0659
"Raleigh, NC",Turf Field Lab,19ZOY,Zoys,2024-09-30,P015,5,0.0526,0.08,0.0644,0.0513,0.2119,0.1809,0.1697,0.043,0.1079,1.242,63.4167,0.0993,0.2358,0.0981,0.0705,0.2281,0.3669,0.2535,0.3447,0.068,0.2669,0.1639,1.392,0.6778,0.2332,0.5782,2.7411,61.02,0.1183,0.1223
"Raleigh, NC",Turf Field Lab,19ZOY,Zoys,2024-09-30,P016,7,0.0592,0.0957,0.0706,0.2351,0.1659,0.1258,0.2339,0.0615,0.1506,1.3546,62.9806,0.1337,0.1837,0.0817,0.0594,0.2726,0.4384,0.1622,0.1666,0.1864,0.1852,0.1579,1.3751,0.7612,0.2332,0.6857,4.3626,54.2292,0.1488,0.1027
"Raleigh, NC",Turf Field Lab,19ZOY,Zoys,2024-09-30,P017,7,0.0502,0.0737,0.0532,0.1529,0.1386,0.1031,0.2674,0.044,0.1615,1.3853,69.0694,0.1644,0.1098,0.0855,0.0591,0.2744,0.444,0.1359,0.1357,0.1311,0.192,0.183,1.4478,0.7652,0.2361,0.677,4.1927,70.5887,0.1135,0.188
"Raleigh, NC",Turf Field Lab,19ZOY,Zoys,2024-09-30,P018,4,0.0612,0.0947,0.067,0.252,0.1982,0.1994,0.276,0.0612,0.1715,1.414,61.9853,0.1033,0.1515,0.0909,0.0671,0.2413,0.381,0.1609,0.0395,0.179,0.242,0.1509,1.3555,0.7006,0.2246,0.6147,3.1908,64.0877,0.1218,0.1795
"Raleigh, NC",Turf Field Lab,19ZOY,Zoys,2024-09-30,P019,5,0.0652,0.0939,0.067,0.1748,0.1891,0.1395,0.2816,0.0556,0.1675,1.4023,68.6672,0.1344,0.1245,0.1092,0.0819,0.1826,0.303,0.1797,0.1359,0.2281,0.1845,0.1428,1.3331,0.5743,0.2479,0.4701,1.7743,70.3066,0.1149,0.2386
"Raleigh, NC",Turf Field Lab,19ZOY,Zoys,2024-09-30,P020,4,0.0636,0.1013,0.0724,0.2257,0.1923,0.1745,0.2622,0.0665,0.1662,1.3986,40.4567,0.088,0.1003,0.1004,0.0729,0.218,0.3462,0.2058,0.1746,0.2854,0.1631,0.1592,1.3786,0.6522,0.2271,0.5502,2.4463,64.5652,0.0938,0.0932
"Raleigh, NC",Turf Field Lab,19ZOY,Zoys,2024-09-30,P021,4,0.0631,0.1084,0.0789,0.2225,0.1908,0.1914,0.2376,0.0748,0.1575,1.374,66.835,0.1074,0.11,0.0961,0.0688,0.2344,0.3716,0.1301,0.1742,0.2395,0.2223,0.1655,1.3967,0.6876,0.2264,0.5891,2.8676,62.644,0.06,0.1238
"Raleigh, NC",Turf Field Lab,19ZOY,Zoys,2024-09-30,P022,6,0.0533,0.0865,0.0631,0.2635,0.1472,0.1726,0.2436,0.0567,0.1568,1.3719,75.8102,0.0886,0.2094,0.0904,0.0671,0.2419,0.3907,0.211,0.2045,0.1498,0.1474,0.1482,1.3479,0.707,0.2352,0.6242,3.3221,41.4141,0.1255,0.1314
"Raleigh, NC",Turf Field Lab,19ZOY,Zoys,2024-09-30,P023,5,0.04,0.0661,0.0497,0.237,0.1561,0.1018,0.2164,0.0425,0.1416,1.33,72.3427,0.0423,0.0778,0.0998,0.075,0.2101,0.3413,0.2101,0.1859,0.1688,0.2169,0.1421,1.3313,0.6398,0.2379,0.5474,2.4192,62.698,0.1172,0.1795
"Raleigh, NC",Turf Field Lab,19ZOY,Zoys,2024-09-30,P024,7,0.0487,0.0791,0.0571,0.1046,0.1273,0.1472,0.2525,0.0525,0.1622,1.3873,71.5722,0.0481,0.133,0.0634,0.0423,0.341,0.5355,0.1492,0.1846,0.2417,0.1359,0.2004,1.5013,0.8537,0.2219,0.7882,7.4407,63.1092,0.0616,0.1849
"Raleigh, NC",Turf Field Lab,19ZOY,Zoys,2024-09-30,P025,5,0.0622,0.097,0.074,0.2088,0.1596,0.2113,0.2113,0.0578,0.1344,1.3106,46.1898,0.0755,0.1294,0.1024,0.0757,0.2075,0.339,0.0888,0.1429,0.201,0.1722,0.1504,1.3541,0.6351,0.2405,0.5359,2.3091,58.8703,0.069,0.1738
"Raleigh, NC",Turf Field Lab,19ZOY,Zoys,2024-09-30,P026,7,0.0515,0.0971,0.064,0.2136,0.1188,0.1366,0.302,0.0787,0.2054,1.517,50.807,0.156,0.1712,0.0841,0.0585,0.2763,0.4441,0.1572,0.2307,0.1638,0.1426,0.1794,1.4372,0.7671,0.2329,0.6815,4.2795,69.6044,0.1975,0.1545
"Raleigh, NC",Turf Field Lab,19ZOY,Zoys,2024-09-30,P027,3,0.0615,0.0914,0.0703,0.1301,0.2738,0.1822,0.2108,0.0511,0.1307,1.3007,67.7778,0.0434,0.0616,0.0811,0.0591,0.2727,0.4229,0.1105,0.1916,0.252,0.0556,0.1568,1.3719,0.7548,0.2159,0.6783,4.216,71.3657,0.1185,0.1036
"Raleigh, NC",Turf Field Lab,19ZOY,Zoys,2024-09-30,P028,7,0.0431,0.0781,0.0512,0.1314,0.1189,0.0789,0.3124,0.0619,0.2082,1.526,75.408,0.1212,0.1,0.0904,0.0641,0.2543,0.4153,0.1881,0.1817,0.1491,0.1949,0.1703,1.4106,0.7326,0.2405,0.6424,3.5928,63.6323,0.1329,0.1931
"Raleigh, NC",Turf Field Lab,19ZOY,Zoys,2024-09-30,P029,8,0.0377,0.07,0.0466,0.2004,0.1513,0.1857,0.2966,0.0557,0.2007,1.5022,66.5306,0.1478,0.1153,0.0966,0.0678,0.2399,0.3999,0.1603,0.2097,0.0751,0.136,0.1753,1.4251,0.71,0.2501,0.6108,3.1382,58.4549,0.1313,0.1809
"Raleigh, NC",Turf Field Lab,19ZOY,Zoys,2024-09-30,P030,3,0.0412,0.0699,0.0503,0.1677,0.2271,0.1598,0.2476,0.0483,0.1628,1.3889,61.509,0.1355,0.1502,0.0777,0.0553,0.2878,0.4447,0.2187,0.1767,0.1408,0.2111,0.1682,1.4046,0.7787,0.2143,0.7025,4.7225,63.9955,0.0873,0.1757
"Raleigh, NC",Turf Field Lab,19ZOY,Zoys,2024-09-30,P031,7,0.05,0.0908,0.0593,0.059,0.1944,0.1328,0.315,0.0723,0.2101,1.5319,54.8651,0.1459,0.1507,0.0967,0.0707,0.2278,0.3756,0.1273,0.1786,0.2085,0.1545,0.1553,1.3677,0.6831,0.245,0.5904,2.8826,62.7126,0.0238,0.2039
"Raleigh, NC",Turf Field Lab,19ZOY,Zoys,2024-09-30,P032,6,0.0532,0.0905,0.0601,0.2042,0.1873,0.1839,0.3116,0.0677,0.2016,1.5051,59.111,0.1505,0.1685,0.0804,0.0551,0.2898,0.4599,0.1807,0.1991,0.2161,0.2074,0.1869,1.4597,0.7861,0.2269,0.7025,4.7218,66.848,0.0742,0.1466
"Raleigh, NC",Turf Field Lab,19ZOY,Zoys,2024-09-30,P033,7,0.0432,0.0815,0.0564,0.1835,0.0862,0.1757,0.2651,0.0634,0.182,1.445,69.5743,0.1485,0.1605,0.1009,0.0703,0.2294,0.3777,0.1704,0.1416,0.1724,0.122,0.1785,1.4346,0.6861,0.2443,0.5785,2.7448,58.5573,0.1212,0.1436
"Raleigh, NC",Turf Field Lab,19ZOY,Zoys,2024-09-30,P034,7,0.0395,0.0748,0.0484,0.1604,0.1226,0.2383,0.315,0.0616,0.214,1.5445,92.758,0.131,0.1333,0.0773,0.0523,0.3014,0.4822,0.0665,0.0447,0.2132,0.1506,0.1935,1.4799,0.8044,0.2307,0.7235,5.2342,85.8033,0.1289,0.1194
"Raleigh, NC",Turf Field Lab,19ZOY,Zoys,2024-09-30,P035,4,0.0628,0.1008,0.0742,0.1841,0.1955,0.1534,0.2369,0.0647,0.1519,1.3583,63.2394,0.0912,0.1402,0.0804,0.0574,0.2796,0.4337,0.082,0.1047,0.0897,0.2764,0.1669,1.4008,0.7663,0.216,0.6873,4.395,39.7639,0.0778,0.1215
"Raleigh, NC",Turf Field Lab,19ZOY,Zoys,2024-09-30,P036,5,0.0446,0.0766,0.0543,0.2677,0.1452,0.1755,0.2582,0.0544,0.1703,1.4106,65.966,0.136,0.1808,0.0801,0.0581,0.2774,0.4379,0.1633,0.2283,0.1052,0.1362,0.1589,1.3779,0.7658,0.2244,0.6909,4.4704,79.589,0.105,0.1861
"Raleigh, NC",Turf Field Lab,19ZOY,Zoys,2024-09-30,P037,6,0.0616,0.1028,0.071,0.1708,0.1868,0.1767,0.283,0.073,0.1828,1.4472,79.0751,0.1202,0.1375,0.0944,0.0685,0.2363,0.3827,0.2235,0.1845,0.1376,0.1453,0.159,1.378,0.6964,0.2364,0.6044,3.0555,70.1406,0.135,0.139
"Raleigh, NC",Turf Field Lab,19ZOY,Zoys,2024-09-30,P038,7,0.0447,0.0804,0.0556,0.1546,0.155,0.0943,0.2709,0.0604,0.1819,1.4447,65.5242,0.1035,0.2348,0.0881,0.0601,0.2702,0.4391,0.2415,0.1275,0.0697,0.0954,0.1889,1.4656,0.7591,0.2381,0.6657,3.983,83.3971,0.1524,0.1897
"Raleigh, NC",Turf Field Lab,19ZOY,Zoys,2024-09-30,P039,5,0.053,0.0886,0.0632,0.0655,0.1415,0.2323,0.257,0.061,0.1673,1.4017,62.5781,0.1063,0.1738,0.0918,0.0649,0.2502,0.4001,0.1867,0.1576,0.157,0.1512,0.1716,1.4143,0.7207,0.2304,0.6266,3.3566,60.9893,0.1191,0.159
"Raleigh, NC",Turf Field Lab,19ZOY,Zoys,2024-09-30,P040,4,0.0503,0.0776,0.0623,0.1615,0.1859,0.0359,0.1701,0.0425,0.109,1.2446,52.8547,0.039,0.1506,0.1105,0.0793,0.1927,0.3147,0.1326,0.19,0.1636,0.2622,0.1641,1.3926,0.5974,0.2406,0.4804,1.8488,72.5497,0.0714,0.0957
"Raleigh, NC",Turf Field Lab,19ZOY,Zoys,2024-09-30,P041,3,0.0574,0.0879,0.0692,0.1536,0.254,0.1619,0.1876,0.0492,0.1191,1.2703,40.4693,0.1282,0.1389,0.0933,0.0703,0.2278,0.3552,0.2104,0.2506,0.2498,0.1683,0.1406,1.3271,0.6695,0.2185,0.5839,2.806,58.4705,0.0656,0.188
"Raleigh, NC",Turf Field Lab,19ZOY,Zoys,2024-09-30,P042,4,0.0438,0.079,0.0615,0.0405,0.1666,0.1482,0.1814,0.0528,0.1248,1.2853,62.229,0.0849,0.1069,0.0795,0.0592,0.2726,0.4264,0.1873,0.1992,0.2171,0.2467,0.1465,1.3433,0.7562,0.2201,0.6856,4.3614,42.7658,0.1282,0.0884
"Raleigh, NC",Turf Field Lab,19ZOY,Zoys,2024-09-30,P043,4,0.064,0.0955,0.0699,0.1732,0.2224,0.1403,0.252,0.0571,0.1546,1.3656,76.719,0.098,0.0766,0.0764,0.0558,0.2863,0.4475,0.1871,0.1156,0.1814,0.2254,0.1561,1.3701,0.7783,0.2196,0.7082,4.8549,61.9265,0.131,0.1325
"Raleigh, NC",Turf Field Lab,19ZOY,Zoys,2024-09-30,P044,5,0.05,0.076,0.0529,0.2027,0.1905,0.0791,0.2926,0.0491,0.1791,1.4363,50.629,0.0493,0.1798,0.0943,0.0663,0.2446,0.391,0.2288,0.1635,0.1766,0.1461,0.1741,1.4217,0.7099,0.2304,0.6114,3.146,73.207,0.1269,0.1023
"Raleigh, NC",Turf Field Lab,19ZOY,Zoys,2024-09-30,P045,8,0.0387,0.0752,0.0521,0.1459,0.0447,0.1698,0.2599,0.0595,0.1808,1.4415,89.0979,0.0985,0.1682,0.0789,0.0556,0.2885,0.4673,0.0552,0.1841,0.2497,0.1691,0.1733,1.4192,0.7874,0.2366,0.7112,4.925,89.7934,0.1377,0.0698
"Raleigh, NC",Turf Field Lab,19ZOY,Zoys,2024-09-30,P046,4,0.068,0.1093,0.0805,0.2392,0.1883,0.1663,0.2366,0.0701,0.1518,1.358,48.1698,0.1401,0.1739,0.0854,0.0619,0.2618,0.4105,0.2191,0.1525,0.162,0.3119,0.1593,1.379,0.7379,0.2211,0.6557,3.8092,63.2319,0.1136,0.0575
"Raleigh, NC",Turf Field Lab,19ZOY,Zoys,2024-09-30,P047,4,0.068,0.106,0.0758,0.207,0.2614,0.2676,0.2654,0.0682,0.1661,1.3984,63.3047,0.0664,0.1596,0.0918,0.0679,0.2379,0.3757,0.1462,0.1806,0.208,0.2076,0.1496,1.3519,0.6938,0.2246,0.6072,3.0923,52.973,0.114,0.1233
"Raleigh, NC",Turf Field Lab,19ZOY,Zoys,2024-09-30,P048,6,0.0583,0.0989,0.0678,0.2018,0.1875,0.1239,0.2878,0.0718,0.1871,1.4603,67.628,0.0961,0.1434,0.0752,0.0555,0.2882,0.4568,0.1341,0.0706,0.2423,0.1086,0.1511,1.356,0.7835,0.2264,0.7173,5.0755,71.8612,0.1245,0.1129
"Raleigh, NC",Turf Field Lab,19ZOY,Zoys,2024-09-30,P049,7,0.0385,0.0778,0.0527,0.1882,0.1686,0.201,0.2728,0.0645,0.1924,1.4764,77.3015,0.2019,0.165,0.0796,0.0542,0.2937,0.4708,0.1756,0.1893,0.1582,0.2103,0.1899,1.4687,0.7936,0.2316,0.7108,4.9155,70.2089,0.1239,0.1514
"Raleigh, NC",Turf Field Lab,19ZOY,Zoys,2024-09-30,P050,7,0.0564,0.095,0.0661,0.1674,0.183,0.1928,0.276,0.0675,0.1793,1.437,70.5551,0.1887,0.1891,0.083,0.0587,0.2755,0.443,0.1805,0.1625,0.1734,0.154,0.1716,1.4143,0.7659,0.233,0.6842,4.334,75.338,0.134,0.1727
"Raleigh, NC",Turf Field Lab,19ZOY,Zoys,2024-09-30,P051,5,0.0395,0.0709,0.0506,0.1336,0.1078,0.1524,0.2477,0.0517,0.1672,1.4014,63.625,0.0968,0.1848,0.0865,0.0601,0.2691,0.4251,0.2051,0.0469,0.1221,0.1502,0.1799,1.4389,0.7521,0.2246,0.6617,3.9114,68.0575,0.0524,0.214
"Raleigh, NC",Turf Field Lab,19ZOY,Zoys,2024-09-30,P052,5,0.0611,0.0954,0.0705,0.1415,0.1901,0.1637,0.2379,0.0593,0.1503,1.3537,63.7185,0.1006,0.0854,0.0838,0.0589,0.2744,0.4351,0.081,0.247,0.2091,0.1813,0.1746,1.423,0.7616,0.2265,0.6771,4.1936,68.1033,0.0559,0.113
"Raleigh, NC",Turf Field Lab,19ZOY,Zoys,2024-09-30,P053,3,0.0565,0.0921,0.0692,0.214,0.2082,0.2032,0.2186,0.0585,0.142,1.331,63.0331,0.0566,0.1946,0.1035,0.0781,0.197,0.3138,0.191,0.1234,0.1423,0.1376,0.1399,1.3254,0.6014,0.2287,0.5039,2.0311,42.8382,0.0773,0.1529
"Raleigh, NC",Turf Field Lab,19ZOY,Zoys,2024-09-30,P054,7,0.0527,0.0877,0.0633,0.1776,0.2148,0.2167,0.2477,0.0592,0.1611,1.3842,64.7065,0.0997,0.1566,0.0811,0.0598,0.2713,0.4364,0.259,0.1493,0.1661,0.1217,0.1515,1.3571,0.759,0.2333,0.6865,4.3792,69.7104,0.1628,0.1422
"Raleigh, NC",Turf Field Lab,19ZOY,Zoys,2024-09-30,P055,4,0.0459,0.0841,0.0595,0.1102,0.1463,0.1542,0.2524,0.0628,0.1717,1.4145,70.2122,0.0737,0.1469,0.1057,0.0778,0.1988,0.3211,0.233,0.1956,0.1502,0.2235,0.1524,1.3597,0.6102,0.2353,0.5047,2.0376,85.0975,0.0885,0.162
"Raleigh, NC",Turf Field Lab,19ZOY,Zoys,2024-09-30,P056,6,0.0609,0.0903,0.0696,0.1753,0.1794,0.2241,0.2092,0.0501,0.1295,1.2976,63.5266,0.1058,0.1377,0.0791,0.0556,0.2876,0.4559,0.2293,0.1825,0.2369,0.1453,0.1744,1.4224,0.7826,0.2263,0.7043,4.7645,79.6118,0.1304,0.0997
"Raleigh, NC",Turf Field Lab,19ZOY,Zoys,2024-09-30,P057,5,0.0391,0.0684,0.0504,0.1674,0.2073,0.2508,0.2255,0.0472,0.1513,1.3565,66.5691,0.1518,0.2138,0.1192,0.0884,0.1567,0.2643,0.2837,0.1604,0.1423,0.1039,0.1483,1.3483,0.4987,0.2556,0.3784,1.2174,64.061,0.0869,0.112
"Raleigh, NC",Turf Field Lab,19ZOY,Zoys,2024-09-30,P058,5,0.0622,0.0997,0.0717,0.2103,0.1943,0.1822,0.2565,0.0655,0.1634,1.3907,58.235,0.1053,0.1809,0.0955,0.0739,0.2143,0.3456,0.1873,0.1996,0.1256,0.1322,0.1277,1.2929,0.6477,0.2345,0.5669,2.6175,69.2184,0.1153,0.1663
"Raleigh, NC",Turf Field Lab,19ZOY,Zoys,2024-09-30,P059,5,0.0665,0.0968,0.0713,0.1377,0.2019,0.2316,0.2506,0.0557,0.1515,1.357,64.8814,0.0846,0.1979,0.0943,0.0686,0.2355,0.3784,0.1256,0.2286,0.2058,0.154,0.1574,1.3735,0.6929,0.2329,0.6011,3.014,64.6556,0.186,0.1084
"Raleigh, NC",Turf Field Lab,19ZOY,Zoys,2024-09-30,P060,6,0.0547,0.0912,0.0657,0.1624,0.1307,0.15,0.2492,0.0619,0.1623,1.3875,72.1502,0.1312,0.1274,0.066,0.0492,0.3132,0.4916,0.0874,0.1237,0.2151,0.1738,0.1463,1.3428,0.8182,0.2217,0.7633,6.4479,81.0493,0.0993,0.0738
"Raleigh, NC",Turf Field Lab,19ZOY,Zoys,2024-09-30,P061,7,0.0531,0.0823,0.0566,0.1342,0.2093,0.2046,0.2996,0.055,0.1852,1.4546,66.6822,0.1329,0.1974,0.0797,0.0553,0.2894,0.4638,0.1413,0.1999,0.1762,0.0818,0.1814,1.4432,0.7871,0.2316,0.7066,4.8167,71.066,0.1096,0.0878
"Raleigh, NC",Turf Field Lab,19ZOY,Zoys,2024-09-30,P062,6,0.0375,0.0713,0.048,0.1609,0.2012,0.1834,0.2848,0.0571,0.1952,1.4851,50.6762,0.0606,0.1615,0.0677,0.0467,0.3233,0.5088,0.1984,0.2055,0.1627,0.1708,0.1837,1.4499,0.832,0.2229,0.7653,6.5201,74.972,0.1105,0.1505
"Raleigh, NC",Turf Field Lab,19ZOY,Zoys,2024-09-30,P063,4,0.0616,0.0973,0.0724,0.1455,0.2031,0.1518,0.2304,0.0606,0.1468,1.344,66.9963,0.1058,0.1186,0.0835,0.0625,0.2596,0.4079,0.1223,0.1422,0.1951,0.1181,0.1444,1.3375,0.7344,0.2221,0.66,3.8826,63.3417,0.1685,0.1986
"Raleigh, NC",Turf Field Lab,19ZOY,Zoys,2024-09-30,P064,6,0.0542,0.0888,0.0617,0.1794,0.1086,0.1988,0.2815,0.0617,0.1801,1.4395,55.9176,0.1155,0.1732,0.0974,0.069,0.2344,0.3802,0.1564,0.1706,0.2387,0.1899,0.1708,1.4119,0.6929,0.2372,0.5922,2.9038,69.518,0.11,0.2046
"Raleigh, NC",Turf Field Lab,19ZOY,Zoys,2024-09-30,P065,5,0.0682,0.1066,0.0769,0.1717,0.1272,0.1672,0.2581,0.0681,0.1621,1.387,84.0488,0.1393,0.1356,0.0592,0.0396,0.3509,0.5437,0.1669,0.1536,0.1613,0.1922,0.1976,1.4925,0.8641,0.2155,0.8037,8.1903,61.8125,0.0863,0.1527
"Raleigh, NC",Turf Field Lab,19ZOY,Zoys,2024-09-30,P066,6,0.05,0.0798,0.059,0.1682,0.2159,0.1663,0.2335,0.0506,0.1495,1.3515,59.4061,0.1422,0.1404,0.0857,0.0597,0.2714,0.4352,0.1757,0.1443,0.2351,0.1793,0.1789,1.4356,0.7587,0.2318,0.6709,4.0773,68.0415,0.1105,0.1567
"Raleigh, NC",Turf Field Lab,19ZOY,Zoys,2024-09-30,P067,5,0.0721,0.1119,0.0834,0.1386,0.1472,0.2054,0.2314,0.0682,0.1459,1.3417,91.111,0.1322,0.1636,0.0772,0.0552,0.2888,0.4541,0.2043,0.2313,0.22,0.2039,0.1661,1.3982,0.7831,0.2225,0.7093,4.879,67.536,0.1511,0.1513
"Raleigh, NC",Turf Field Lab,19ZOY,Zoys,2024-09-30,P068,6,0.0453,0.0773,0.0491,0.1902,0.129,0.2397,0.3471,0.0602,0.2227,1.5731,78.9944,0.005,0.2376,0.1051,0.0749,0.2109,0.348,0.1914,0.224,0.1883,0.0929,0.168,1.4039,0.6458,0.2452,0.5359,2.3098,91.6933,0.1073,0.1811
"Raleigh, NC",Turf Field Lab,19ZOY,Zoys,2024-09-30,P069,6,0.0495,0.0917,0.0636,0.1701,0.2049,0.1388,0.2657,0.0703,0.181,1.442,63.5156,0.1027,0.1005,0.0835,0.0592,0.2733,0.4365,0.0688,0.1484,0.2158,0.2016,0.1702,1.4104,0.7611,0.23,0.6788,4.2267,66.1213,0.1248,0.1087
"Raleigh, NC",Turf Field Lab,19ZOY,Zoys,2024-09-30,P070,5,0.0545,0.0902,0.0651,0.1121,0.1516,0.2094,0.2489,0.0608,0.1616,1.3856,57.9539,0.1099,0.1476,0.1075,0.0791,0.1938,0.3177,0.2097,0.1601,0.0843,0.2124,0.1522,1.3591,0.6014,0.2423,0.4944,1.9555,54.8793,0.0585,0.1213
"Raleigh, NC",Turf Field Lab,19ZOY,Zoys,2024-09-30,P071,5,0.0719,0.1102,0.0829,0.1695,0.1358,0.1932,0.2255,0.0655,0.1415,1.3296,67.073,0.1533,0.23,0.1098,0.0824,0.1805,0.2982,0.1526,0.2446,0.1936,0.1153,0.1424,1.332,0.5669,0.2457,0.4619,1.7165,68.5351,0.1184,0.1384
"Raleigh, NC",Turf Field Lab,19ZOY,Zoys,2024-09-30,P072,7,0.0598,0.0972,0.0713,0.1818,0.1672,0.1451,0.2385,0.0633,0.1539,1.3637,73.4449,0.0878,0.0641,0.071,0.0511,0.3057,0.4856,0.1644,0.2009,0.1001,0.1688,0.1627,1.3887,0.8094,0.2274,0.7448,5.8377,82.6243,0.0697,0.1152
"Raleigh, NC",Turf Field Lab,19ZOY,Zoys,2024-09-30,P073,8,0.0623,0.0941,0.0686,0.141,0.1697,0.1545,0.2546,0.0574,0.1571,1.3726,81.4682,0.1511,0.1314,0.0897,0.0626,0.2607,0.4283,0.1091,0.0812,0.1588,0.1374,0.1785,1.4345,0.7451,0.2431,0.6535,3.7726,75.9395,0.1446,0.1118
"Raleigh, NC",Turf Field Lab,19ZOY,Zoys,2024-09-30,P074,6,0.0462,0.0835,0.056,0.1377,0.125,0.1957,0.2946,0.0648,0.197,1.4907,71.1823,0.1021,0.1104,0.0846,0.0617,0.2632,0.4203,0.2095,0.1663,0.2552,0.1218,0.1565,1.3711,0.744,0.2299,0.6649,3.9679,72.7333,0.1155,0.1313
"Raleigh, NC",Turf Field Lab,19ZOY,Zoys,2024-09-30,P075,6,0.0482,0.0852,0.0628,0.1581,0.1888,0.0943,0.2243,0.0595,0.1514,1.3567,75.9705,0.0981,0.1898,0.0837,0.0611,0.2657,0.426,0.1761,0.1427,0.1966,0.1699,0.156,1.3698,0.7491,0.2318,0.6715,4.0886,83.458,0.1435,0.132
"Raleigh, NC",Turf Field Lab,19ZOY,Zoys,2024-09-30,P076,7,0.0554,0.0934,0.0677,0.1561,0.1201,0.1742,0.2436,0.0638,0.1599,1.3806,76.9894,0.1056,0.1676,0.0924,0.0681,0.2383,0.3903,0.1943,0.1863,0.1499,0.1553,0.1516,1.3574,0.7029,0.2418,0.6171,3.2231,82.1956,0.142,0.1423
"Raleigh, NC",Turf Field Lab,19ZOY,Zoys,2024-09-30,P077,6,0.047,0.0793,0.0571,0.2595,0.2559,0.2464,0.2491,0.0546,0.1633,1.3904,84.0501,0.1498,0.1862,0.0952,0.0645,0.2524,0.4089,0.1673,0.1914,0.1519,0.2245,0.1922,1.4758,0.7274,0.2367,0.6222,3.2943,96.073,0.1137,0.1332
"Raleigh, NC",Turf Field Lab,19ZOY,Zoys,2024-09-30,P078,5,0.046,0.0768,0.0596,0.1378,0.184,0.1726,0.1907,0.0481,0.1264,1.2895,62.0928,0.0798,0.1532,0.0813,0.0588,0.2746,0.4327,0.1702,0.1989,0.2076,0.1287,0.1605,1.3824,0.7608,0.2236,0.6838,4.325,50.6609,0.1446,0.1379
"Raleigh, NC",Turf Field Lab,19ZOY,Zoys,2024-09-30,P079,6,0.0458,0.0773,0.0594,0.1784,0.2493,0.1443,0.197,0.0494,0.131,1.3015,73.2843,0.0864,0.1585,0.1235,0.0894,0.1531,0.2646,0.1292,0.2447,0.1727,0.2848,0.16,1.3809,0.4949,0.2671,0.3638,1.1435,83.8521,0.0611,0.0985
"Raleigh, NC",Turf Field Lab,19ZOY,Zoys,2024-09-30,P080,3,0.0556,0.1069,0.0707,0.1592,0.2262,0.2239,0.2968,0.0875,0.2039,1.5123,45.7844,0.0943,0.1019,0.0714,0.0524,0.2993,0.4598,0.2242,0.2031,0.2227,0.1933,0.1534,1.3625,0.7954,0.2115,0.7312,5.4398,63.9197,0.0572,0.1907
"Raleigh, NC",Turf Field Lab,19ZOY,Zoys,2024-09-30,P081,3,0.0864,0.1247,0.0943,0.1804,0.1441,0.0898,0.2295,0.0688,0.139,1.3229,62.2174,0.0908,0.2006,0.1077,0.0803,0.1884,0.3027,0.1712,0.2086,0.2029,0.1824,0.1457,1.341,0.5807,0.2328,0.4752,1.8109,65.9722,0.0693,0.1773
"Raleigh, NC",Turf Field Lab,19ZOY,Zoys,2024-09-30,P082,8,0.0483,0.0757,0.0531,0.1756,0.1465,0.1782,0.2802,0.05,0.1752,1.4247,72.7219,0.1753,0.1134,0.1024,0.0742,0.2145,0.3626,0.1647,0.2404,0.1295,0.1538,0.1598,1.3804,0.6603,0.2566,0.5595,2.5407,87.3724,0.0802,0.166
"Raleigh, NC",Turf Field Lab,19ZOY,Zoys,2024-09-30,P083,5,0.0712,0.1,0.0771,0.1486,0.1795,0.2585,0.2164,0.0517,0.1294,1.2973,65.4153,0.0993,0.1435,0.1093,0.0815,0.1842,0.3043,0.1734,0.2729,0.2551,0.2521,0.1458,1.3413,0.5775,0.2457,0.4715,1.7841,43.0802,0.1538,0.1766
"Raleigh, NC",Turf Field Lab,19ZOY,Zoys,2024-09-30,P084,5,0.0464,0.0797,0.0556,0.184,0.1187,0.1838,0.2701,0.0573,0.1775,1.4318,57.8341,0.0832,0.1663,0.0913,0.0646,0.2519,0.4037,0.1704,0.2376,0.1967,0.1598,0.1715,1.414,0.7243,0.2316,0.6312,3.4225,71.9412,0.0647,0.182
"Raleigh, NC",Turf Field Lab,19ZOY,Zoys,2024-09-30,P085,4,0.0537,0.0864,0.0689,0.2203,0.1648,0.162,0.1721,0.0502,0.1126,1.2538,90.5531,0.0941,0.2023,0.0923,0.0695,0.2318,0.37,0.1698,0.2027,0.1525,0.211,0.1409,1.328,0.6837,0.2297,0.6007,3.0086,54.816,0.0711,0.1827
"Raleigh, NC",Turf Field Lab,19ZOY,Zoys,2024-09-30,P086,6,0.052,0.0785,0.0591,0.2234,0.1927,0.222,0.2267,0.0459,0.141,1.3283,46.276,0.1487,0.1453,0.098,0.0722,0.2215,0.3618,0.275,0.2192,0.1876,0.1015,0.1516,1.3574,0.6672,0.2406,0.5736,2.6907,73.1869,0.0905,0.1345
"Raleigh, NC",Turf Field Lab,19ZOY,Zoys,2024-09-30,P087,9,0.0455,0.0745,0.0501,0.1223,0.1935,0.1299,0.3095,0.0535,0.1964,1.4888,73.6519,0.1702,0.1492,0.0748,0.0487,0.3164,0.5124,0.1225,0.1202,0.1189,0.1149,0.2113,1.5358,0.8265,0.2366,0.7453,5.8534,74.8257,0.0974,0.1698
"Raleigh, NC",Turf Field Lab,19ZOY,Zoys,2024-09-30,P088,6,0.0398,0.0676,0.0461,0.2139,0.1757,0.1666,0.2914,0.0492,0.1892,1.4668,57.059,0.1602,0.1238,0.0835,0.0611,0.2655,0.4248,0.2366,0.1635,0.2022,0.0774,0.1545,1.3655,0.7483,0.2307,0.6715,4.0876,74.0956,0.0783,0.1033
"Raleigh, NC",Turf Field Lab,19ZOY,Zoys,2024-09-30,P089,5,0.0725,0.1081,0.0804,0.0871,0.1806,0.2013,0.2393,0.0635,0.1473,1.3456,72.9461,0.1003,0.1257,0.0841,0.0584,0.2761,0.4356,0.1197,0.1004,0.1415,0.0704,0.1801,1.4394,0.7635,0.2242,0.6764,4.1809,56.8869,0.1503,0.1813
"Raleigh, NC",Turf Field Lab,19ZOY,Zoys,2024-09-30,P090,6,0.0518,0.0899,0.0632,0.1081,0.2097,0.1479,0.2638,0.0649,0.1746,1.423,79.3037,0.1569,0.1277,0.0975,0.0693,0.233,0.3783,0.1544,0.3048,0.2254,0.1023,0.1689,1.4064,0.6902,0.2378,0.5901,2.8796,57.4679,0.1583,0.1247
"Raleigh, NC",Turf Field Lab,19ZOY,Zoys,2024-09-30,P091,7,0.0563,0.0904,0.0644,0.0915,0.0717,0.2101,0.2647,0.0601,0.1683,1.4048,65.3235,0.1154,0.1183,0.0949,0.0677,0.2396,0.3915,0.2363,0.1168,0.1615,0.2243,0.1669,1.4007,0.705,0.2406,0.6099,3.1263,61.9888,0.1283,0.2397
"Raleigh, NC",Turf Field Lab,19ZOY,Zoys,2024-09-30,P092,7,0.0531,0.0905,0.0645,0.1504,0.1807,0.2575,0.2552,0.0634,0.1678,1.4032,65.1702,0.1639,0.1499,0.1086,0.0793,0.1935,0.3261,0.1089,0.2234,0.1991,0.0538,0.1559,1.3695,0.6087,0.2553,0.5002,2.0018,82.2278,0.0949,0.1889
"Raleigh, NC",Turf Field Lab,19ZOY,Zoys,2024-09-30,P093,7,0.0477,0.0789,0.0557,0.1886,0.1349,0.1376,0.2677,0.0545,0.1728,1.4177,58.9491,0.1819,0.1758,0.1,0.0702,0.2296,0.3777,0.152,0.1664,0.1458,0.0733,0.175,1.4242,0.6864,0.2438,0.5812,2.7756,68.3247,0.1582,0.0831
"Raleigh, NC",Turf Field Lab,19ZOY,Zoys,2024-09-30,P094,8,0.0545,0.0916,0.0625,0.1668,0.1579,0.1482,0.2922,0.0663,0.1889,1.4658,86.9109,0.1175,0.0937,0.0678,0.0449,0.3311,0.5306,0.0272,0.0303,0.0995,0.1411,0.203,1.5093,0.8439,0.2315,0.7734,6.8242,58.6777,0.127,0.1987
"Raleigh, NC",Turf Field Lab,19ZOY,Zoys,2024-09-30,P095,5,0.0654,0.0968,0.0686,0.1266,0.0944,0.1656,0.2827,0.0597,0.1709,1.4122,66.6632,0.103,0.2247,0.0907,0.0641,0.2535,0.4027,0.1673,0.1745,0.0823,0.1245,0.1723,1.4162,0.7255,0.2273,0.6323,3.4387,84.7513,0.0538,0.0889
"Raleigh, NC",Turf Field Lab,19ZOY,Zoys,2024-09-30,P096,6,0.0456,0.0769,0.0578,0.1522,0.1381,0.1914,0.2135,0.0503,0.1413,1.3291,63.0331,0.1815,0.1823,0.0823,0.0618,0.2629,0.421,0.1561,0.2861,0.2277,0.02,0.1424,1.332,0.744,0.2311,0.6729,4.1143,76.356,0.1845,0.1177
"Raleigh, NC",Turf Field Lab,19ZOY,Zoys,2024-09-30,P097,3,0.0695,0.1131,0.0836,0.1306,0.1909,0.1959,0.2321,0.0731,0.1501,1.3532,60.679,0.0786,0.1283,0.0882,0.0652,0.2482,0.385,0.1793,0.1349,0.2973,0.2127,0.1502,1.3534,0.7104,0.216,0.6271,3.3636,52.2606,0.1411,0.1566
"Raleigh, NC",Turf Field Lab,19ZOY,Zoys,2024-09-30,P098,4,0.0626,0.1016,0.0736,0.1314,0.2585,0.2483,0.2493,0.0671,0.1602,1.3816,68.5344,0.1088,0.0656,0.1058,0.0769,0.2019,0.3236,0.1803,0.2303,0.0761,0.2631,0.1582,1.3759,0.6159,0.2315,0.5071,2.0576,55.2811,0.0743,0.2009
"Raleigh, NC",Turf Field Lab,19ZOY,Zoys,2024-09-30,P099,5,0.069,0.1069,0.0748,0.1435,0.1376,0.2458,0.2848,0.07,0.1767,1.4291,64.5382,0.0612,0.1563,0.0803,0.0572,0.2806,0.44,0.148,0.1525,0.1272,0.2681,0.1674,1.4022,0.7697,0.2212,0.6914,4.481,63.9796,0.1264,0.1875
"Raleigh, NC",Turf Field Lab,19ZOY,Zoys,2024-09-30,P100,7,0.0601,0.1007,0.0749,0.0878,0.1388,0.1159,0.2238,0.0665,0.1472,1.3453,76.7935,0.1641,0.221,0.0905,0.0632,0.2579,0.4197,0.2063,0.1704,0.1085,0.1966,0.1776,1.432,0.7383,0.2387,0.6454,3.6394,58.0011,0.2066,0.1009
"Raleigh, NC",Turf Field Lab,19ZOY,Zoys,2024-09-30,P101,8,0.0409,0.0834,0.0517,0.201,0.127,0.1538,0.3367,0.0742,0.2348,1.6137,83.1866,0.1315,0.2144,0.0958,0.0671,0.2426,0.4036,0.2023,0.1793,0.1446,0.1537,0.1757,1.4264,0.7147,0.2492,0.6164,3.2138,54.1296,0.1369,0.1425
"Raleigh, NC",Turf Field Lab,19ZOY,Zoys,2024-09-30,P102,6,0.0496,0.0888,0.0613,0.1972,0.1966,0.1164,0.2735,0.0666,0.1831,1.4482,63.4346,0.1488,0.0566,0.0968,0.0702,0.2296,0.3744,0.1318,0.1406,0.1488,0.1965,0.1592,1.3788,0.6843,0.2397,0.5893,2.8693,62.6659,0.0707,0.1611
"Raleigh, NC",Turf Field Lab,19ZOY,Zoys,2024-09-30,P103,6,0.0389,0.0669,0.0515,0.1831,0.1436,0.2415,0.1945,0.0435,0.1306,1.3005,57.4465,0.0968,0.1126,0.0752,0.0547,0.291,0.4615,0.1807,0.1131,0.1842,0.1379,0.1571,1.3727,0.7879,0.2265,0.7199,5.1405,76.1003,0.1241,0.069
"Raleigh, NC",Turf Field Lab,19ZOY,Zoys,2024-09-30,P104,2,0.0658,0.0916,0.0704,0.1314,0.127,0.1735,0.2206,0.0471,0.1311,1.3017,70.6116,0.0463,0.1161,0.0994,0.0752,0.208,0.3242,0.1936,0.216,0.2276,0.1791,0.1386,1.3217,0.6232,0.2184,0.5305,2.2596,45.5116,0.0542,0.1791
"Raleigh, NC",Turf Field Lab,19ZOY,Zoys,2024-09-30,P105,4,0.0742,0.1152,0.088,0.2097,0.1625,0.1755,0.2106,0.0682,0.1337,1.3087,74.5693,0.1242,0.1896,0.0816,0.064,0.2536,0.4004,0.1606,0.137,0.2624,0.2227,0.121,1.2753,0.7244,0.2245,0.6613,3.9054,66.8242,0.0917,0.1727
"Raleigh, NC",Turf Field Lab,19ZOY,Zoys,2024-09-30,P106,5,0.0516,0.0897,0.0594,0.2044,0.1798,0.1676,0.3111,0.0684,0.2034,1.5108,56.7823,0.122,0.1831,0.0789,0.0549,0.2903,0.4571,0.215,0.217,0.1567,0.2033,0.1796,1.4378,0.7857,0.2232,0.7056,4.7946,58.0187,0.175,0.1975
"Raleigh, NC",Turf Field Lab,19ZOY,Zoys,2024-09-30,P107,7,0.0493,0.0816,0.0581,0.1349,0.1104,0.1172,0.2599,0.0557,0.1681,1.4042,93.5562,0.1682,0.1748,0.0886,0.0612,0.2659,0.4312,0.184,0.2409,0.1651,0.1584,0.1832,1.4486,0.7515,0.2372,0.659,3.8647,79.0298,0.1387,0.1503
"Raleigh, NC",Turf Field Lab,19ZOY,Zoys,2024-09-30,P108,5,0.0722,0.1118,0.0804,0.2221,0.1696,0.2266,0.2614,0.0711,0.1633,1.3904,61.9974,0.0937,0.1494,0.0784,0.055,0.2899,0.4569,0.215,0.1408,0.2709,0.2552,0.1758,1.4266,0.7852,0.2237,0.7069,4.8247,66.8507,0.0457,0.1668
"Raleigh, NC",Turf Field Lab,19ZOY,Zoys,2024-09-30,P109,6,0.0517,0.0847,0.062,0.155,0.1797,0.0864,0.239,0.0557,0.1548,1.3662,60.3462,0.1115,0.177,0.0962,0.0643,0.2532,0.4092,0.2151,0.1166,0.1729,0.1818,0.1991,1.4973,0.7285,0.2355,0.6192,3.2519,93.3544,0.1587,0.1555
"Raleigh, NC",Turf Field Lab,19ZOY,Zoys,2024-09-30,P110,3,0.0673,0.0951,0.0758,0.1641,0.2654,0.1872,0.1857,0.047,0.1126,1.2537,57.1904,0.1194,0.1539,0.1136,0.0872,0.1608,0.2632,0.1691,0.2116,0.1255,0.1409,0.1315,1.3029,0.5023,0.2416,0.397,1.3166,67.5511,0.1491,0.1973
"Raleigh, NC",Turf Field Lab,19ZOY,Zoys,2024-09-30,P111,5,0.0476,0.0841,0.0593,0.3245,0.2031,0.1577,0.2593,0.0613,0.1732,1.4189,59.6767,0.1016,0.1312,0.1121,0.0824,0.1807,0.2991,0.1796,0.1811,0.1459,0.1265,0.1531,1.3614,0.5681,0.2467,0.4546,1.667,67.5398,0.1313,0.1604
"Raleigh, NC",Turf Field Lab,19ZOY,Zoys,2024-09-30,P112,7,0.0525,0.0894,0.0622,0.1945,0.1324,0.1611,0.2744,0.0641,0.1794,1.4373,75.9364,0.1658,0.1898,0.0922,0.066,0.2469,0.4057,0.1146,0.177,0.3016,0.1242,0.1659,1.3977,0.7202,0.2434,0.6295,3.3988,59.367,0.0906,0.0798
"Raleigh, NC",Turf Field Lab,19ZOY,Zoys,2024-09-30,P113,7,0.0566,0.094,0.0669,0.1891,0.102,0.1539,0.2603,0.0646,0.1688,1.4061,90.6387,0.1372,0.1776,0.0837,0.0569,0.2827,0.454,0.1757,0.1929,0.2065,0.0946,0.1905,1.4705,0.7772,0.2324,0.6886,4.4236,94.221,0.0761,0.1026
"Raleigh, NC",Turf Field Lab,19ZOY,Zoys,2024-09-30,P114,3,0.0627,0.0867,0.0678,0.1601,0.2044,0.2421,0.2068,0.043,0.1228,1.2801,67.0596,0.1018,0.1895,0.0968,0.0703,0.2283,0.3599,0.2178,0.1755,0.2076,0.2127,0.1588,1.3775,0.6733,0.2238,0.5761,2.7176,83.921,0.0773,0.2095
"Raleigh, NC",Turf Field Lab,19ZOY,Zoys,2024-09-30,P115,5,0.0492,0.0796,0.0593,0.1625,0.2341,0.1908,0.2266,0.0508,0.1464,1.3429,67.6979,0.0978,0.1617,0.0959,0.0715,0.2237,0.3594,0.1535,0.2049,0.0935,0.2207,0.1456,1.3408,0.668,0.2326,0.5787,2.7472,72.5771,0.0773,0.2365
"Raleigh, NC",Turf Field Lab,19ZOY,Zoys,2024-09-30,P116,4,0.0713,0.1089,0.0812,0.183,0.2454,0.1609,0.2338,0.0654,0.1461,1.3422,68.2816,0.0565,0.1374,0.0853,0.0621,0.2612,0.4104,0.1939,0.162,0.1092,0.1476,0.1577,1.3745,0.7373,0.2221,0.6558,3.8112,57.8379,0.1097,0.1785
"Raleigh, NC",Turf Field Lab,19ZOY,Zoys,2024-09-30,P117,5,0.0583,0.0939,0.0664,0.1949,0.1102,0.1803,0.2699,0.0632,0.1718,1.4148,70.7949,0.1106,0.1465,0.0784,0.0569,0.2821,0.4444,0.198,0.1464,0.1904,0.0342,0.159,1.3781,0.773,0.2234,0.7,4.6666,77.273,0.1439,0.1336
